coin_id,date,price,coin_name
bitcoin,2025-06-02,9040802.274014382,Bitcoin
bitcoin,2025-06-02,9040802.274014382,Bitcoin
bitcoin,2025-06-02,9040802.274014382,Bitcoin
bitcoin,2025-06-02,9040802.274014382,Bitcoin
bitcoin,2025-06-02,9040802.274014382,Bitcoin
bitcoin,2025-06-03,9038740.617012177,Bitcoin
bitcoin,2025-06-03,9038740.617012177,Bitcoin
bitcoin,2025-06-03,9038740.617012177,Bitcoin
bitcoin,2025-06-03,9038740.617012177,Bitcoin
bitcoin,2025-06-03,9038740.617012177,Bitcoin
bitcoin,2025-06-04,9036688.899610182,Bitcoin
bitcoin,2025-06-04,9036688.899610182,Bitcoin
bitcoin,2025-06-04,9036688.899610182,Bitcoin
bitcoin,2025-06-04,9036688.899610182,Bitcoin
bitcoin,2025-06-04,9036688.899610182,Bitcoin
bitcoin,2025-06-05,9003749.459208991,Bitcoin
bitcoin,2025-06-05,9003749.459208991,Bitcoin
bitcoin,2025-06-05,9003749.459208991,Bitcoin
bitcoin,2025-06-05,9003749.459208991,Bitcoin
bitcoin,2025-06-05,9003749.459208991,Bitcoin
bitcoin,2025-06-06,8729536.730077919,Bitcoin
bitcoin,2025-06-06,8729536.730077919,Bitcoin
bitcoin,2025-06-06,8729536.730077919,Bitcoin
bitcoin,2025-06-06,8729536.730077919,Bitcoin
bitcoin,2025-06-06,8729536.730077919,Bitcoin
bitcoin,2025-06-07,8957197.574287502,Bitcoin
bitcoin,2025-06-07,8957197.574287502,Bitcoin
bitcoin,2025-06-07,8957197.574287502,Bitcoin
bitcoin,2025-06-07,8957197.574287502,Bitcoin
bitcoin,2025-06-07,8957197.574287502,Bitcoin
bitcoin,2025-06-08,9066295.741750069,Bitcoin
bitcoin,2025-06-08,9066295.741750069,Bitcoin
bitcoin,2025-06-08,9066295.741750069,Bitcoin
bitcoin,2025-06-08,9066295.741750069,Bitcoin
bitcoin,2025-06-08,9066295.741750069,Bitcoin
bitcoin,2025-06-09,9066867.46885247,Bitcoin
bitcoin,2025-06-09,9066867.46885247,Bitcoin
bitcoin,2025-06-09,9066867.46885247,Bitcoin
bitcoin,2025-06-09,9066867.46885247,Bitcoin
bitcoin,2025-06-09,9066867.46885247,Bitcoin
bitcoin,2025-06-10,9455619.179043707,Bitcoin
bitcoin,2025-06-10,9455619.179043707,Bitcoin
bitcoin,2025-06-10,9455619.179043707,Bitcoin
bitcoin,2025-06-10,9455619.179043707,Bitcoin
bitcoin,2025-06-10,9455619.179043707,Bitcoin
bitcoin,2025-06-11,9440056.689266069,Bitcoin
bitcoin,2025-06-11,9440056.689266069,Bitcoin
bitcoin,2025-06-11,9440056.689266069,Bitcoin
bitcoin,2025-06-11,9440056.689266069,Bitcoin
bitcoin,2025-06-11,9440056.689266069,Bitcoin
bitcoin,2025-06-12,9288882.88186932,Bitcoin
bitcoin,2025-06-12,9288882.88186932,Bitcoin
bitcoin,2025-06-12,9288882.88186932,Bitcoin
bitcoin,2025-06-12,9288882.88186932,Bitcoin
bitcoin,2025-06-12,9288882.88186932,Bitcoin
bitcoin,2025-06-13,9081227.025134273,Bitcoin
bitcoin,2025-06-13,9081227.025134273,Bitcoin
bitcoin,2025-06-13,9081227.025134273,Bitcoin
bitcoin,2025-06-13,9081227.025134273,Bitcoin
bitcoin,2025-06-13,9081227.025134273,Bitcoin
bitcoin,2025-06-14,9132702.543985052,Bitcoin
bitcoin,2025-06-14,9132702.543985052,Bitcoin
bitcoin,2025-06-14,9132702.543985052,Bitcoin
bitcoin,2025-06-14,9132702.543985052,Bitcoin
bitcoin,2025-06-14,9132702.543985052,Bitcoin
bitcoin,2025-06-15,9084246.101299008,Bitcoin
bitcoin,2025-06-15,9084246.101299008,Bitcoin
bitcoin,2025-06-15,9084246.101299008,Bitcoin
bitcoin,2025-06-15,9084246.101299008,Bitcoin
bitcoin,2025-06-15,9084246.101299008,Bitcoin
bitcoin,2025-06-16,9090411.27477335,Bitcoin
bitcoin,2025-06-16,9090411.27477335,Bitcoin
bitcoin,2025-06-16,9090411.27477335,Bitcoin
bitcoin,2025-06-16,9090411.27477335,Bitcoin
bitcoin,2025-06-16,9090411.27477335,Bitcoin
bitcoin,2025-06-17,9208980.453923177,Bitcoin
bitcoin,2025-06-17,9208980.453923177,Bitcoin
bitcoin,2025-06-17,9208980.453923177,Bitcoin
bitcoin,2025-06-17,9208980.453923177,Bitcoin
bitcoin,2025-06-17,9208980.453923177,Bitcoin
bitcoin,2025-06-18,9039952.955659283,Bitcoin
bitcoin,2025-06-18,9039952.955659283,Bitcoin
bitcoin,2025-06-18,9039952.955659283,Bitcoin
bitcoin,2025-06-18,9039952.955659283,Bitcoin
bitcoin,2025-06-18,9039952.955659283,Bitcoin
bitcoin,2025-06-19,9070436.848135183,Bitcoin
bitcoin,2025-06-19,9070436.848135183,Bitcoin
bitcoin,2025-06-19,9070436.848135183,Bitcoin
bitcoin,2025-06-19,9070436.848135183,Bitcoin
bitcoin,2025-06-19,9070436.848135183,Bitcoin
bitcoin,2025-06-20,9080584.318377115,Bitcoin
bitcoin,2025-06-20,9080584.318377115,Bitcoin
bitcoin,2025-06-20,9080584.318377115,Bitcoin
bitcoin,2025-06-20,9080584.318377115,Bitcoin
bitcoin,2025-06-20,9080584.318377115,Bitcoin
bitcoin,2025-06-21,8945088.576284403,Bitcoin
bitcoin,2025-06-21,8945088.576284403,Bitcoin
bitcoin,2025-06-21,8945088.576284403,Bitcoin
bitcoin,2025-06-21,8945088.576284403,Bitcoin
bitcoin,2025-06-21,8945088.576284403,Bitcoin
bitcoin,2025-06-22,8792883.07729243,Bitcoin
bitcoin,2025-06-22,8792883.07729243,Bitcoin
bitcoin,2025-06-22,8792883.07729243,Bitcoin
bitcoin,2025-06-22,8792883.07729243,Bitcoin
bitcoin,2025-06-22,8792883.07729243,Bitcoin
bitcoin,2025-06-23,8731873.284684414,Bitcoin
bitcoin,2025-06-23,8731873.284684414,Bitcoin
bitcoin,2025-06-23,8731873.284684414,Bitcoin
bitcoin,2025-06-23,8731873.284684414,Bitcoin
bitcoin,2025-06-23,8731873.284684414,Bitcoin
bitcoin,2025-06-24,9111429.945371069,Bitcoin
bitcoin,2025-06-24,9111429.945371069,Bitcoin
bitcoin,2025-06-24,9111429.945371069,Bitcoin
bitcoin,2025-06-24,9111429.945371069,Bitcoin
bitcoin,2025-06-24,9111429.945371069,Bitcoin
bitcoin,2025-06-25,9111165.38661966,Bitcoin
bitcoin,2025-06-25,9111165.38661966,Bitcoin
bitcoin,2025-06-25,9111165.38661966,Bitcoin
bitcoin,2025-06-25,9111165.38661966,Bitcoin
bitcoin,2025-06-25,9111165.38661966,Bitcoin
bitcoin,2025-06-26,9223086.808659252,Bitcoin
bitcoin,2025-06-26,9223086.808659252,Bitcoin
bitcoin,2025-06-26,9223086.808659252,Bitcoin
bitcoin,2025-06-26,9223086.808659252,Bitcoin
bitcoin,2025-06-26,9223086.808659252,Bitcoin
bitcoin,2025-06-27,9165684.099752242,Bitcoin
bitcoin,2025-06-27,9165684.099752242,Bitcoin
bitcoin,2025-06-27,9165684.099752242,Bitcoin
bitcoin,2025-06-27,9165684.099752242,Bitcoin
bitcoin,2025-06-27,9165684.099752242,Bitcoin
bitcoin,2025-06-28,9156217.740562832,Bitcoin
bitcoin,2025-06-28,9156217.740562832,Bitcoin
bitcoin,2025-06-28,9156217.740562832,Bitcoin
bitcoin,2025-06-28,9156217.740562832,Bitcoin
bitcoin,2025-06-28,9156217.740562832,Bitcoin
bitcoin,2025-06-29,9177823.305095606,Bitcoin
bitcoin,2025-06-29,9177823.305095606,Bitcoin
bitcoin,2025-06-29,9177823.305095606,Bitcoin
bitcoin,2025-06-29,9177823.305095606,Bitcoin
bitcoin,2025-06-29,9177823.305095606,Bitcoin
bitcoin,2025-06-30,9263092.465181679,Bitcoin
bitcoin,2025-06-30,9263092.465181679,Bitcoin
bitcoin,2025-06-30,9263092.465181679,Bitcoin
bitcoin,2025-06-30,9263092.465181679,Bitcoin
bitcoin,2025-06-30,9263092.465181679,Bitcoin
bitcoin,2025-07-01,9181709.414667957,Bitcoin
bitcoin,2025-07-01,9181709.414667957,Bitcoin
bitcoin,2025-07-01,9181709.414667957,Bitcoin
bitcoin,2025-07-01,9181709.414667957,Bitcoin
bitcoin,2025-07-01,9181709.414667957,Bitcoin
bitcoin,2025-07-02,9054321.250569785,Bitcoin
bitcoin,2025-07-02,9054321.250569785,Bitcoin
bitcoin,2025-07-02,9054321.250569785,Bitcoin
bitcoin,2025-07-02,9054321.250569785,Bitcoin
bitcoin,2025-07-02,9054321.250569785,Bitcoin
bitcoin,2025-07-03,9325640.339018358,Bitcoin
bitcoin,2025-07-03,9325640.339018358,Bitcoin
bitcoin,2025-07-03,9325640.339018358,Bitcoin
bitcoin,2025-07-03,9325640.339018358,Bitcoin
bitcoin,2025-07-03,9325640.339018358,Bitcoin
bitcoin,2025-07-04,9360532.463404836,Bitcoin
bitcoin,2025-07-04,9360532.463404836,Bitcoin
bitcoin,2025-07-04,9360532.463404836,Bitcoin
bitcoin,2025-07-04,9360532.463404836,Bitcoin
bitcoin,2025-07-04,9360532.463404836,Bitcoin
bitcoin,2025-07-05,9250500.062624797,Bitcoin
bitcoin,2025-07-05,9250500.062624797,Bitcoin
bitcoin,2025-07-05,9250500.062624797,Bitcoin
bitcoin,2025-07-05,9250500.062624797,Bitcoin
bitcoin,2025-07-05,9250500.062624797,Bitcoin
bitcoin,2025-07-06,9285248.177863376,Bitcoin
bitcoin,2025-07-06,9285248.177863376,Bitcoin
bitcoin,2025-07-06,9285248.177863376,Bitcoin
bitcoin,2025-07-06,9285248.177863376,Bitcoin
bitcoin,2025-07-06,9285248.177863376,Bitcoin
bitcoin,2025-07-07,9337523.923073687,Bitcoin
bitcoin,2025-07-07,9337523.923073687,Bitcoin
bitcoin,2025-07-07,9337523.923073687,Bitcoin
bitcoin,2025-07-07,9337523.923073687,Bitcoin
bitcoin,2025-07-07,9337523.923073687,Bitcoin
bitcoin,2025-07-08,9302203.177316865,Bitcoin
bitcoin,2025-07-08,9302203.177316865,Bitcoin
bitcoin,2025-07-08,9302203.177316865,Bitcoin
bitcoin,2025-07-08,9302203.177316865,Bitcoin
bitcoin,2025-07-08,9302203.177316865,Bitcoin
bitcoin,2025-07-09,9338122.035800587,Bitcoin
bitcoin,2025-07-09,9338122.035800587,Bitcoin
bitcoin,2025-07-09,9338122.035800587,Bitcoin
bitcoin,2025-07-09,9338122.035800587,Bitcoin
bitcoin,2025-07-09,9338122.035800587,Bitcoin
bitcoin,2025-07-10,9541743.483380785,Bitcoin
bitcoin,2025-07-10,9541743.483380785,Bitcoin
bitcoin,2025-07-10,9541743.483380785,Bitcoin
bitcoin,2025-07-10,9541743.483380785,Bitcoin
bitcoin,2025-07-10,9541743.483380785,Bitcoin
bitcoin,2025-07-11,9934947.612549465,Bitcoin
bitcoin,2025-07-11,9934947.612549465,Bitcoin
bitcoin,2025-07-11,9934947.612549465,Bitcoin
bitcoin,2025-07-11,9934947.612549465,Bitcoin
bitcoin,2025-07-11,9934947.612549465,Bitcoin
bitcoin,2025-07-12,10091339.413757524,Bitcoin
bitcoin,2025-07-12,10091339.413757524,Bitcoin
bitcoin,2025-07-12,10091339.413757524,Bitcoin
bitcoin,2025-07-12,10091339.413757524,Bitcoin
bitcoin,2025-07-12,10091339.413757524,Bitcoin
bitcoin,2025-07-13,10078287.164944079,Bitcoin
bitcoin,2025-07-13,10078287.164944079,Bitcoin
bitcoin,2025-07-13,10078287.164944079,Bitcoin
bitcoin,2025-07-13,10078287.164944079,Bitcoin
bitcoin,2025-07-13,10078287.164944079,Bitcoin
bitcoin,2025-07-14,10222853.345055208,Bitcoin
bitcoin,2025-07-14,10222853.345055208,Bitcoin
bitcoin,2025-07-14,10222853.345055208,Bitcoin
bitcoin,2025-07-14,10222853.345055208,Bitcoin
bitcoin,2025-07-14,10222853.345055208,Bitcoin
bitcoin,2025-07-15,10301939.218478084,Bitcoin
bitcoin,2025-07-15,10301939.218478084,Bitcoin
bitcoin,2025-07-15,10301939.218478084,Bitcoin
bitcoin,2025-07-15,10301939.218478084,Bitcoin
bitcoin,2025-07-15,10301939.218478084,Bitcoin
bitcoin,2025-07-16,10119542.204331392,Bitcoin
bitcoin,2025-07-16,10119542.204331392,Bitcoin
bitcoin,2025-07-16,10119542.204331392,Bitcoin
bitcoin,2025-07-16,10119542.204331392,Bitcoin
bitcoin,2025-07-16,10119542.204331392,Bitcoin
bitcoin,2025-07-17,10198739.393321177,Bitcoin
bitcoin,2025-07-17,10198739.393321177,Bitcoin
bitcoin,2025-07-17,10198739.393321177,Bitcoin
bitcoin,2025-07-17,10198739.393321177,Bitcoin
bitcoin,2025-07-17,10198739.393321177,Bitcoin
bitcoin,2025-07-18,10277885.47839658,Bitcoin
bitcoin,2025-07-18,10277885.47839658,Bitcoin
bitcoin,2025-07-18,10277885.47839658,Bitcoin
bitcoin,2025-07-18,10277885.47839658,Bitcoin
bitcoin,2025-07-18,10277885.47839658,Bitcoin
bitcoin,2025-07-19,10164069.670952292,Bitcoin
bitcoin,2025-07-19,10164069.670952292,Bitcoin
bitcoin,2025-07-19,10164069.670952292,Bitcoin
bitcoin,2025-07-19,10164069.670952292,Bitcoin
bitcoin,2025-07-19,10164069.670952292,Bitcoin
bitcoin,2025-07-20,10156547.547410768,Bitcoin
bitcoin,2025-07-20,10156547.547410768,Bitcoin
bitcoin,2025-07-20,10156547.547410768,Bitcoin
bitcoin,2025-07-20,10156547.547410768,Bitcoin
bitcoin,2025-07-20,10156547.547410768,Bitcoin
bitcoin,2025-07-21,10101549.352407157,Bitcoin
bitcoin,2025-07-21,10101549.352407157,Bitcoin
bitcoin,2025-07-21,10101549.352407157,Bitcoin
bitcoin,2025-07-21,10101549.352407157,Bitcoin
bitcoin,2025-07-21,10101549.352407157,Bitcoin
bitcoin,2025-07-22,10136533.758092493,Bitcoin
bitcoin,2025-07-22,10136533.758092493,Bitcoin
bitcoin,2025-07-22,10136533.758092493,Bitcoin
bitcoin,2025-07-22,10136533.758092493,Bitcoin
bitcoin,2025-07-22,10136533.758092493,Bitcoin
bitcoin,2025-07-23,10357349.26643955,Bitcoin
bitcoin,2025-07-23,10357349.26643955,Bitcoin
bitcoin,2025-07-23,10357349.26643955,Bitcoin
bitcoin,2025-07-23,10357349.26643955,Bitcoin
bitcoin,2025-07-23,10357349.26643955,Bitcoin
bitcoin,2025-07-24,10249425.74900696,Bitcoin
bitcoin,2025-07-24,10249425.74900696,Bitcoin
bitcoin,2025-07-24,10249425.74900696,Bitcoin
bitcoin,2025-07-24,10249425.74900696,Bitcoin
bitcoin,2025-07-24,10249425.74900696,Bitcoin
bitcoin,2025-07-25,10229427.683390176,Bitcoin
bitcoin,2025-07-25,10229427.683390176,Bitcoin
bitcoin,2025-07-25,10229427.683390176,Bitcoin
bitcoin,2025-07-25,10229427.683390176,Bitcoin
bitcoin,2025-07-25,10229427.683390176,Bitcoin
bitcoin,2025-07-26,10168020.4311719,Bitcoin
bitcoin,2025-07-26,10168020.4311719,Bitcoin
bitcoin,2025-07-26,10168020.4311719,Bitcoin
bitcoin,2025-07-26,10168020.4311719,Bitcoin
bitcoin,2025-07-26,10168020.4311719,Bitcoin
bitcoin,2025-07-27,10203795.311577797,Bitcoin
bitcoin,2025-07-27,10203795.311577797,Bitcoin
bitcoin,2025-07-27,10203795.311577797,Bitcoin
bitcoin,2025-07-27,10203795.311577797,Bitcoin
bitcoin,2025-07-27,10203795.311577797,Bitcoin
bitcoin,2025-07-28,10330494.375551593,Bitcoin
bitcoin,2025-07-28,10330494.375551593,Bitcoin
bitcoin,2025-07-28,10330494.375551593,Bitcoin
bitcoin,2025-07-28,10330494.375551593,Bitcoin
bitcoin,2025-07-28,10330494.375551593,Bitcoin
bitcoin,2025-07-29,10240072.841855934,Bitcoin
bitcoin,2025-07-29,10240072.841855934,Bitcoin
bitcoin,2025-07-29,10240072.841855934,Bitcoin
bitcoin,2025-07-29,10240072.841855934,Bitcoin
bitcoin,2025-07-29,10240072.841855934,Bitcoin
bitcoin,2025-07-30,10260715.669243045,Bitcoin
bitcoin,2025-07-30,10260715.669243045,Bitcoin
bitcoin,2025-07-30,10260715.669243045,Bitcoin
bitcoin,2025-07-30,10260715.669243045,Bitcoin
bitcoin,2025-07-30,10260715.669243045,Bitcoin
bitcoin,2025-07-31,10330510.927890545,Bitcoin
bitcoin,2025-07-31,10330510.927890545,Bitcoin
bitcoin,2025-07-31,10330510.927890545,Bitcoin
bitcoin,2025-07-31,10330510.927890545,Bitcoin
bitcoin,2025-07-31,10330510.927890545,Bitcoin
bitcoin,2025-08-01,10122552.718401065,Bitcoin
bitcoin,2025-08-01,10122552.718401065,Bitcoin
bitcoin,2025-08-01,10122552.718401065,Bitcoin
bitcoin,2025-08-01,10122552.718401065,Bitcoin
bitcoin,2025-08-01,10122552.718401065,Bitcoin
bitcoin,2025-08-02,9870309.502282668,Bitcoin
bitcoin,2025-08-02,9870309.502282668,Bitcoin
bitcoin,2025-08-02,9870309.502282668,Bitcoin
bitcoin,2025-08-02,9870309.502282668,Bitcoin
bitcoin,2025-08-02,9870309.502282668,Bitcoin
bitcoin,2025-08-03,9811174.470132805,Bitcoin
bitcoin,2025-08-03,9811174.470132805,Bitcoin
bitcoin,2025-08-03,9811174.470132805,Bitcoin
bitcoin,2025-08-03,9811174.470132805,Bitcoin
bitcoin,2025-08-03,9811174.470132805,Bitcoin
bitcoin,2025-08-04,9963363.104407016,Bitcoin
bitcoin,2025-08-04,9963363.104407016,Bitcoin
bitcoin,2025-08-04,9963363.104407016,Bitcoin
bitcoin,2025-08-04,9963363.104407016,Bitcoin
bitcoin,2025-08-04,9963363.104407016,Bitcoin
bitcoin,2025-08-05,10119947.866363142,Bitcoin
bitcoin,2025-08-05,10119947.866363142,Bitcoin
bitcoin,2025-08-05,10119947.866363142,Bitcoin
bitcoin,2025-08-05,10119947.866363142,Bitcoin
bitcoin,2025-08-05,10119947.866363142,Bitcoin
bitcoin,2025-08-06,10011721.5506572,Bitcoin
bitcoin,2025-08-06,10011721.5506572,Bitcoin
bitcoin,2025-08-06,10011721.5506572,Bitcoin
bitcoin,2025-08-06,10011721.5506572,Bitcoin
bitcoin,2025-08-06,10011721.5506572,Bitcoin
bitcoin,2025-08-07,10094655.435390146,Bitcoin
bitcoin,2025-08-07,10094655.435390146,Bitcoin
bitcoin,2025-08-07,10094655.435390146,Bitcoin
bitcoin,2025-08-07,10094655.435390146,Bitcoin
bitcoin,2025-08-07,10094655.435390146,Bitcoin
bitcoin,2025-08-08,10270107.263258504,Bitcoin
bitcoin,2025-08-08,10270107.263258504,Bitcoin
bitcoin,2025-08-08,10270107.263258504,Bitcoin
bitcoin,2025-08-08,10270107.263258504,Bitcoin
bitcoin,2025-08-08,10270107.263258504,Bitcoin
bitcoin,2025-08-09,10236807.855788205,Bitcoin
bitcoin,2025-08-09,10236807.855788205,Bitcoin
bitcoin,2025-08-09,10236807.855788205,Bitcoin
bitcoin,2025-08-09,10236807.855788205,Bitcoin
bitcoin,2025-08-09,10236807.855788205,Bitcoin
bitcoin,2025-08-10,10220759.730383817,Bitcoin
bitcoin,2025-08-10,10220759.730383817,Bitcoin
bitcoin,2025-08-10,10220759.730383817,Bitcoin
bitcoin,2025-08-10,10220759.730383817,Bitcoin
bitcoin,2025-08-10,10220759.730383817,Bitcoin
bitcoin,2025-08-11,10434491.300112702,Bitcoin
bitcoin,2025-08-11,10434491.300112702,Bitcoin
bitcoin,2025-08-11,10434491.300112702,Bitcoin
bitcoin,2025-08-11,10434491.300112702,Bitcoin
bitcoin,2025-08-11,10434491.300112702,Bitcoin
bitcoin,2025-08-12,10412275.449238887,Bitcoin
bitcoin,2025-08-12,10412275.449238887,Bitcoin
bitcoin,2025-08-12,10412275.449238887,Bitcoin
bitcoin,2025-08-12,10412275.449238887,Bitcoin
bitcoin,2025-08-12,10412275.449238887,Bitcoin
bitcoin,2025-08-13,10529495.638104321,Bitcoin
bitcoin,2025-08-13,10529495.638104321,Bitcoin
bitcoin,2025-08-13,10529495.638104321,Bitcoin
bitcoin,2025-08-13,10529495.638104321,Bitcoin
bitcoin,2025-08-13,10529495.638104321,Bitcoin
bitcoin,2025-08-14,10805439.78369676,Bitcoin
bitcoin,2025-08-14,10805439.78369676,Bitcoin
bitcoin,2025-08-14,10805439.78369676,Bitcoin
bitcoin,2025-08-14,10805439.78369676,Bitcoin
bitcoin,2025-08-14,10805439.78369676,Bitcoin
bitcoin,2025-08-15,10383230.847886154,Bitcoin
bitcoin,2025-08-15,10383230.847886154,Bitcoin
bitcoin,2025-08-15,10383230.847886154,Bitcoin
bitcoin,2025-08-15,10383230.847886154,Bitcoin
bitcoin,2025-08-15,10383230.847886154,Bitcoin
bitcoin,2025-08-16,10268856.947554458,Bitcoin
bitcoin,2025-08-16,10268856.947554458,Bitcoin
bitcoin,2025-08-16,10268856.947554458,Bitcoin
bitcoin,2025-08-16,10268856.947554458,Bitcoin
bitcoin,2025-08-16,10268856.947554458,Bitcoin
bitcoin,2025-08-17,10282983.838569582,Bitcoin
bitcoin,2025-08-17,10282983.838569582,Bitcoin
bitcoin,2025-08-17,10282983.838569582,Bitcoin
bitcoin,2025-08-17,10282983.838569582,Bitcoin
bitcoin,2025-08-17,10282983.838569582,Bitcoin
bitcoin,2025-08-18,10286533.101169772,Bitcoin
bitcoin,2025-08-18,10286533.101169772,Bitcoin
bitcoin,2025-08-18,10286533.101169772,Bitcoin
bitcoin,2025-08-18,10286533.101169772,Bitcoin
bitcoin,2025-08-18,10286533.101169772,Bitcoin
bitcoin,2025-08-19,10148644.242275473,Bitcoin
bitcoin,2025-08-19,10148644.242275473,Bitcoin
bitcoin,2025-08-19,10148644.242275473,Bitcoin
bitcoin,2025-08-19,10148644.242275473,Bitcoin
bitcoin,2025-08-19,10148644.242275473,Bitcoin
bitcoin,2025-08-20,9819786.419050021,Bitcoin
bitcoin,2025-08-20,9819786.419050021,Bitcoin
bitcoin,2025-08-20,9819786.419050021,Bitcoin
bitcoin,2025-08-20,9819786.419050021,Bitcoin
bitcoin,2025-08-20,9819786.419050021,Bitcoin
bitcoin,2025-08-21,9942066.543754837,Bitcoin
bitcoin,2025-08-21,9942066.543754837,Bitcoin
bitcoin,2025-08-21,9942066.543754837,Bitcoin
bitcoin,2025-08-21,9942066.543754837,Bitcoin
bitcoin,2025-08-21,9942066.543754837,Bitcoin
bitcoin,2025-08-22,9813063.27750558,Bitcoin
bitcoin,2025-08-22,9813063.27750558,Bitcoin
bitcoin,2025-08-22,9813063.27750558,Bitcoin
bitcoin,2025-08-22,9813063.27750558,Bitcoin
bitcoin,2025-08-22,9813063.27750558,Bitcoin
bitcoin,2025-08-23,10203164.21582744,Bitcoin
bitcoin,2025-08-23,10203164.21582744,Bitcoin
bitcoin,2025-08-23,10203164.21582744,Bitcoin
bitcoin,2025-08-23,10203164.21582744,Bitcoin
bitcoin,2025-08-23,10203164.21582744,Bitcoin
bitcoin,2025-08-24,10074416.19618185,Bitcoin
bitcoin,2025-08-24,10074416.19618185,Bitcoin
bitcoin,2025-08-24,10074416.19618185,Bitcoin
bitcoin,2025-08-24,10074416.19618185,Bitcoin
bitcoin,2025-08-24,10074416.19618185,Bitcoin
bitcoin,2025-08-25,9903221.35080575,Bitcoin
bitcoin,2025-08-25,9903221.35080575,Bitcoin
bitcoin,2025-08-25,9903221.35080575,Bitcoin
bitcoin,2025-08-25,9903221.35080575,Bitcoin
bitcoin,2025-08-25,9903221.35080575,Bitcoin
bitcoin,2025-08-26,9653212.189243559,Bitcoin
bitcoin,2025-08-26,9653212.189243559,Bitcoin
bitcoin,2025-08-26,9653212.189243559,Bitcoin
bitcoin,2025-08-26,9653212.189243559,Bitcoin
bitcoin,2025-08-26,9653212.189243559,Bitcoin
bitcoin,2025-08-27,9801777.668906499,Bitcoin
bitcoin,2025-08-27,9801777.668906499,Bitcoin
bitcoin,2025-08-27,9801777.668906499,Bitcoin
bitcoin,2025-08-27,9801777.668906499,Bitcoin
bitcoin,2025-08-27,9801777.668906499,Bitcoin
bitcoin,2025-08-28,9749130.25886824,Bitcoin
bitcoin,2025-08-28,9749130.25886824,Bitcoin
bitcoin,2025-08-28,9749130.25886824,Bitcoin
bitcoin,2025-08-28,9749130.25886824,Bitcoin
bitcoin,2025-08-28,9749130.25886824,Bitcoin
bitcoin,2025-08-29,9856302.06893481,Bitcoin
bitcoin,2025-08-29,9856302.06893481,Bitcoin
bitcoin,2025-08-29,9856302.06893481,Bitcoin
bitcoin,2025-08-29,9856302.06893481,Bitcoin
bitcoin,2025-08-29,9856302.06893481,Bitcoin
bitcoin,2025-08-30,9564432.013993934,Bitcoin
bitcoin,2025-08-30,9564432.013993934,Bitcoin
bitcoin,2025-08-30,9564432.013993934,Bitcoin
bitcoin,2025-08-30,9564432.013993934,Bitcoin
bitcoin,2025-08-30,9564432.013993934,Bitcoin
bitcoin,2025-08-31,9591794.692119835,Bitcoin
bitcoin,2025-08-31,9591794.692119835,Bitcoin
bitcoin,2025-08-31,9591794.692119835,Bitcoin
bitcoin,2025-08-31,9591794.692119835,Bitcoin
bitcoin,2025-08-31,9591794.692119835,Bitcoin
bitcoin,2025-09-01,9545191.818462053,Bitcoin
bitcoin,2025-09-01,9545191.818462053,Bitcoin
bitcoin,2025-09-01,9545191.818462053,Bitcoin
bitcoin,2025-09-01,9545191.818462053,Bitcoin
bitcoin,2025-09-01,9545191.818462053,Bitcoin
bitcoin,2025-09-02,9606486.0790093,Bitcoin
bitcoin,2025-09-02,9606486.0790093,Bitcoin
bitcoin,2025-09-02,9606486.0790093,Bitcoin
bitcoin,2025-09-02,9606486.0790093,Bitcoin
bitcoin,2025-09-02,9606486.0790093,Bitcoin
bitcoin,2025-09-03,9784574.242949013,Bitcoin
bitcoin,2025-09-03,9784574.242949013,Bitcoin
bitcoin,2025-09-03,9784574.242949013,Bitcoin
bitcoin,2025-09-03,9784574.242949013,Bitcoin
bitcoin,2025-09-03,9784574.242949013,Bitcoin
bitcoin,2025-09-04,9838796.609221794,Bitcoin
bitcoin,2025-09-04,9838796.609221794,Bitcoin
bitcoin,2025-09-04,9838796.609221794,Bitcoin
bitcoin,2025-09-04,9838796.609221794,Bitcoin
bitcoin,2025-09-04,9838796.609221794,Bitcoin
bitcoin,2025-09-05,9765163.284050079,Bitcoin
bitcoin,2025-09-05,9765163.284050079,Bitcoin
bitcoin,2025-09-05,9765163.284050079,Bitcoin
bitcoin,2025-09-05,9765163.284050079,Bitcoin
bitcoin,2025-09-05,9765163.284050079,Bitcoin
bitcoin,2025-09-06,9759026.631183332,Bitcoin
bitcoin,2025-09-06,9759026.631183332,Bitcoin
bitcoin,2025-09-06,9759026.631183332,Bitcoin
bitcoin,2025-09-06,9759026.631183332,Bitcoin
bitcoin,2025-09-06,9759026.631183332,Bitcoin
bitcoin,2025-09-07,9718962.630296323,Bitcoin
bitcoin,2025-09-07,9718962.630296323,Bitcoin
bitcoin,2025-09-07,9718962.630296323,Bitcoin
bitcoin,2025-09-07,9718962.630296323,Bitcoin
bitcoin,2025-09-07,9718962.630296323,Bitcoin
bitcoin,2025-09-08,9800346.003033817,Bitcoin
bitcoin,2025-09-08,9800346.003033817,Bitcoin
bitcoin,2025-09-08,9800346.003033817,Bitcoin
bitcoin,2025-09-08,9800346.003033817,Bitcoin
bitcoin,2025-09-08,9800346.003033817,Bitcoin
bitcoin,2025-09-09,9856054.84901548,Bitcoin
bitcoin,2025-09-09,9856054.84901548,Bitcoin
bitcoin,2025-09-09,9856054.84901548,Bitcoin
bitcoin,2025-09-09,9856054.84901548,Bitcoin
bitcoin,2025-09-09,9856054.84901548,Bitcoin
bitcoin,2025-09-10,9840553.151484529,Bitcoin
bitcoin,2025-09-10,9840553.151484529,Bitcoin
bitcoin,2025-09-10,9840553.151484529,Bitcoin
bitcoin,2025-09-10,9840553.151484529,Bitcoin
bitcoin,2025-09-10,9840553.151484529,Bitcoin
bitcoin,2025-09-11,10035954.764445597,Bitcoin
bitcoin,2025-09-11,10035954.764445597,Bitcoin
bitcoin,2025-09-11,10035954.764445597,Bitcoin
bitcoin,2025-09-11,10035954.764445597,Bitcoin
bitcoin,2025-09-11,10035954.764445597,Bitcoin
bitcoin,2025-09-12,10195205.098488238,Bitcoin
bitcoin,2025-09-12,10195205.098488238,Bitcoin
bitcoin,2025-09-12,10195205.098488238,Bitcoin
bitcoin,2025-09-12,10195205.098488238,Bitcoin
bitcoin,2025-09-12,10195205.098488238,Bitcoin
bitcoin,2025-09-13,10254357.380846838,Bitcoin
bitcoin,2025-09-13,10254357.380846838,Bitcoin
bitcoin,2025-09-13,10254357.380846838,Bitcoin
bitcoin,2025-09-13,10254357.380846838,Bitcoin
bitcoin,2025-09-13,10254357.380846838,Bitcoin
bitcoin,2025-09-14,10237593.3071353,Bitcoin
bitcoin,2025-09-14,10237593.3071353,Bitcoin
bitcoin,2025-09-14,10237593.3071353,Bitcoin
bitcoin,2025-09-14,10237593.3071353,Bitcoin
bitcoin,2025-09-14,10237593.3071353,Bitcoin
bitcoin,2025-09-15,10184894.127284445,Bitcoin
bitcoin,2025-09-15,10184894.127284445,Bitcoin
bitcoin,2025-09-15,10184894.127284445,Bitcoin
bitcoin,2025-09-15,10184894.127284445,Bitcoin
bitcoin,2025-09-15,10184894.127284445,Bitcoin
bitcoin,2025-09-16,10169238.650025213,Bitcoin
bitcoin,2025-09-16,10169238.650025213,Bitcoin
bitcoin,2025-09-16,10169238.650025213,Bitcoin
bitcoin,2025-09-16,10169238.650025213,Bitcoin
bitcoin,2025-09-16,10169238.650025213,Bitcoin
bitcoin,2025-09-17,10261685.530263504,Bitcoin
bitcoin,2025-09-17,10261685.530263504,Bitcoin
bitcoin,2025-09-17,10261685.530263504,Bitcoin
bitcoin,2025-09-17,10261685.530263504,Bitcoin
bitcoin,2025-09-17,10261685.530263504,Bitcoin
bitcoin,2025-09-18,10237752.888404036,Bitcoin
bitcoin,2025-09-18,10237752.888404036,Bitcoin
bitcoin,2025-09-18,10237752.888404036,Bitcoin
bitcoin,2025-09-18,10237752.888404036,Bitcoin
bitcoin,2025-09-18,10237752.888404036,Bitcoin
bitcoin,2025-09-19,10333070.25718556,Bitcoin
bitcoin,2025-09-19,10333070.25718556,Bitcoin
bitcoin,2025-09-19,10333070.25718556,Bitcoin
bitcoin,2025-09-19,10333070.25718556,Bitcoin
bitcoin,2025-09-19,10333070.25718556,Bitcoin
bitcoin,2025-09-20,10189201.725638028,Bitcoin
bitcoin,2025-09-20,10189201.725638028,Bitcoin
bitcoin,2025-09-20,10189201.725638028,Bitcoin
bitcoin,2025-09-20,10189201.725638028,Bitcoin
bitcoin,2025-09-20,10189201.725638028,Bitcoin
bitcoin,2025-09-21,10194461.688819751,Bitcoin
bitcoin,2025-09-21,10194461.688819751,Bitcoin
bitcoin,2025-09-21,10194461.688819751,Bitcoin
bitcoin,2025-09-21,10194461.688819751,Bitcoin
bitcoin,2025-09-21,10194461.688819751,Bitcoin
bitcoin,2025-09-22,10158260.693491202,Bitcoin
bitcoin,2025-09-22,10158260.693491202,Bitcoin
bitcoin,2025-09-22,10158260.693491202,Bitcoin
bitcoin,2025-09-22,10158260.693491202,Bitcoin
bitcoin,2025-09-22,10158260.693491202,Bitcoin
bitcoin,2025-09-23,9951646.271657305,Bitcoin
bitcoin,2025-09-23,9951646.271657305,Bitcoin
bitcoin,2025-09-23,9951646.271657305,Bitcoin
bitcoin,2025-09-23,9951646.271657305,Bitcoin
bitcoin,2025-09-23,9951646.271657305,Bitcoin
bitcoin,2025-09-24,9948492.512889242,Bitcoin
bitcoin,2025-09-24,9948492.512889242,Bitcoin
bitcoin,2025-09-24,9948492.512889242,Bitcoin
bitcoin,2025-09-24,9948492.512889242,Bitcoin
bitcoin,2025-09-24,9948492.512889242,Bitcoin
bitcoin,2025-09-25,10060469.351465985,Bitcoin
bitcoin,2025-09-25,10060469.351465985,Bitcoin
bitcoin,2025-09-25,10060469.351465985,Bitcoin
bitcoin,2025-09-25,10060469.351465985,Bitcoin
bitcoin,2025-09-25,10060469.351465985,Bitcoin
bitcoin,2025-09-26,9673068.167457229,Bitcoin
bitcoin,2025-09-26,9673068.167457229,Bitcoin
bitcoin,2025-09-26,9673068.167457229,Bitcoin
bitcoin,2025-09-26,9673068.167457229,Bitcoin
bitcoin,2025-09-26,9673068.167457229,Bitcoin
bitcoin,2025-09-27,9728251.057537576,Bitcoin
bitcoin,2025-09-27,9728251.057537576,Bitcoin
bitcoin,2025-09-27,9728251.057537576,Bitcoin
bitcoin,2025-09-27,9728251.057537576,Bitcoin
bitcoin,2025-09-27,9728251.057537576,Bitcoin
bitcoin,2025-09-28,9723915.967631772,Bitcoin
bitcoin,2025-09-28,9723915.967631772,Bitcoin
bitcoin,2025-09-28,9723915.967631772,Bitcoin
bitcoin,2025-09-28,9723915.967631772,Bitcoin
bitcoin,2025-09-28,9723915.967631772,Bitcoin
bitcoin,2025-09-29,9944472.608696878,Bitcoin
bitcoin,2025-09-29,9944472.608696878,Bitcoin
bitcoin,2025-09-29,9944472.608696878,Bitcoin
bitcoin,2025-09-29,9944472.608696878,Bitcoin
bitcoin,2025-09-29,9944472.608696878,Bitcoin
bitcoin,2025-09-30,10139763.924082505,Bitcoin
bitcoin,2025-09-30,10139763.924082505,Bitcoin
bitcoin,2025-09-30,10139763.924082505,Bitcoin
bitcoin,2025-09-30,10139763.924082505,Bitcoin
bitcoin,2025-09-30,10139763.924082505,Bitcoin
bitcoin,2025-10-01,10130020.723922314,Bitcoin
bitcoin,2025-10-01,10130020.723922314,Bitcoin
bitcoin,2025-10-01,10130020.723922314,Bitcoin
bitcoin,2025-10-01,10130020.723922314,Bitcoin
bitcoin,2025-10-01,10130020.723922314,Bitcoin
bitcoin,2025-10-02,10509252.859358784,Bitcoin
bitcoin,2025-10-02,10509252.859358784,Bitcoin
bitcoin,2025-10-02,10509252.859358784,Bitcoin
bitcoin,2025-10-02,10509252.859358784,Bitcoin
bitcoin,2025-10-02,10509252.859358784,Bitcoin
bitcoin,2025-10-03,10700725.995237181,Bitcoin
bitcoin,2025-10-03,10700725.995237181,Bitcoin
bitcoin,2025-10-03,10700725.995237181,Bitcoin
bitcoin,2025-10-03,10700725.995237181,Bitcoin
bitcoin,2025-10-03,10700725.995237181,Bitcoin
bitcoin,2025-10-04,10847910.013598107,Bitcoin
bitcoin,2025-10-04,10847910.013598107,Bitcoin
bitcoin,2025-10-04,10847910.013598107,Bitcoin
bitcoin,2025-10-04,10847910.013598107,Bitcoin
bitcoin,2025-10-04,10847910.013598107,Bitcoin
bitcoin,2025-10-05,10859533.642673422,Bitcoin
bitcoin,2025-10-05,10859533.642673422,Bitcoin
bitcoin,2025-10-05,10859533.642673422,Bitcoin
bitcoin,2025-10-05,10859533.642673422,Bitcoin
bitcoin,2025-10-05,10859533.642673422,Bitcoin
bitcoin,2025-10-06,10959365.064936124,Bitcoin
bitcoin,2025-10-06,10959365.064936124,Bitcoin
bitcoin,2025-10-06,10959365.064936124,Bitcoin
bitcoin,2025-10-06,10959365.064936124,Bitcoin
bitcoin,2025-10-06,10959365.064936124,Bitcoin
bitcoin,2025-10-07,11070472.246732509,Bitcoin
bitcoin,2025-10-07,11070472.246732509,Bitcoin
bitcoin,2025-10-07,11070472.246732509,Bitcoin
bitcoin,2025-10-07,11070472.246732509,Bitcoin
bitcoin,2025-10-07,11070472.246732509,Bitcoin
bitcoin,2025-10-08,10783920.730192943,Bitcoin
bitcoin,2025-10-08,10783920.730192943,Bitcoin
bitcoin,2025-10-08,10783920.730192943,Bitcoin
bitcoin,2025-10-08,10783920.730192943,Bitcoin
bitcoin,2025-10-08,10783920.730192943,Bitcoin
bitcoin,2025-10-09,10949945.97908964,Bitcoin
bitcoin,2025-10-09,10949945.97908964,Bitcoin
bitcoin,2025-10-09,10949945.97908964,Bitcoin
bitcoin,2025-10-09,10949945.97908964,Bitcoin
bitcoin,2025-10-09,10949945.97908964,Bitcoin
bitcoin,2025-10-10,10814774.599012492,Bitcoin
bitcoin,2025-10-10,10814774.599012492,Bitcoin
bitcoin,2025-10-10,10814774.599012492,Bitcoin
bitcoin,2025-10-10,10814774.599012492,Bitcoin
bitcoin,2025-10-10,10814774.599012492,Bitcoin
bitcoin,2025-10-11,10047260.111235712,Bitcoin
bitcoin,2025-10-11,10047260.111235712,Bitcoin
bitcoin,2025-10-11,10047260.111235712,Bitcoin
bitcoin,2025-10-11,10047260.111235712,Bitcoin
bitcoin,2025-10-11,10047260.111235712,Bitcoin
bitcoin,2025-10-12,9838358.210748602,Bitcoin
bitcoin,2025-10-12,9838358.210748602,Bitcoin
bitcoin,2025-10-12,9838358.210748602,Bitcoin
bitcoin,2025-10-12,9838358.210748602,Bitcoin
bitcoin,2025-10-12,9838358.210748602,Bitcoin
bitcoin,2025-10-13,10223942.881584922,Bitcoin
bitcoin,2025-10-13,10223942.881584922,Bitcoin
bitcoin,2025-10-13,10223942.881584922,Bitcoin
bitcoin,2025-10-13,10223942.881584922,Bitcoin
bitcoin,2025-10-13,10223942.881584922,Bitcoin
bitcoin,2025-10-14,10216224.051870666,Bitcoin
bitcoin,2025-10-14,10216224.051870666,Bitcoin
bitcoin,2025-10-14,10216224.051870666,Bitcoin
bitcoin,2025-10-14,10216224.051870666,Bitcoin
bitcoin,2025-10-14,10216224.051870666,Bitcoin
bitcoin,2025-10-15,10046351.075825775,Bitcoin
bitcoin,2025-10-15,10046351.075825775,Bitcoin
bitcoin,2025-10-15,10046351.075825775,Bitcoin
bitcoin,2025-10-15,10046351.075825775,Bitcoin
bitcoin,2025-10-15,10046351.075825775,Bitcoin
bitcoin,2025-10-16,9721344.884648668,Bitcoin
bitcoin,2025-10-16,9721344.884648668,Bitcoin
bitcoin,2025-10-16,9721344.884648668,Bitcoin
bitcoin,2025-10-16,9721344.884648668,Bitcoin
bitcoin,2025-10-16,9721344.884648668,Bitcoin
bitcoin,2025-10-17,9509774.024195194,Bitcoin
bitcoin,2025-10-17,9509774.024195194,Bitcoin
bitcoin,2025-10-17,9509774.024195194,Bitcoin
bitcoin,2025-10-17,9509774.024195194,Bitcoin
bitcoin,2025-10-17,9509774.024195194,Bitcoin
bitcoin,2025-10-18,9369768.130232994,Bitcoin
bitcoin,2025-10-18,9369768.130232994,Bitcoin
bitcoin,2025-10-18,9369768.130232994,Bitcoin
bitcoin,2025-10-18,9369768.130232994,Bitcoin
bitcoin,2025-10-18,9369768.130232994,Bitcoin
bitcoin,2025-10-19,9432476.848616607,Bitcoin
bitcoin,2025-10-19,9432476.848616607,Bitcoin
bitcoin,2025-10-19,9432476.848616607,Bitcoin
bitcoin,2025-10-19,9432476.848616607,Bitcoin
bitcoin,2025-10-19,9432476.848616607,Bitcoin
bitcoin,2025-10-20,9558930.877185136,Bitcoin
bitcoin,2025-10-20,9558930.877185136,Bitcoin
bitcoin,2025-10-20,9558930.877185136,Bitcoin
bitcoin,2025-10-20,9558930.877185136,Bitcoin
bitcoin,2025-10-20,9558930.877185136,Bitcoin
bitcoin,2025-10-21,9720308.914971137,Bitcoin
bitcoin,2025-10-21,9720308.914971137,Bitcoin
bitcoin,2025-10-21,9720308.914971137,Bitcoin
bitcoin,2025-10-21,9720308.914971137,Bitcoin
bitcoin,2025-10-21,9720308.914971137,Bitcoin
bitcoin,2025-10-22,9549158.301143315,Bitcoin
bitcoin,2025-10-22,9549158.301143315,Bitcoin
bitcoin,2025-10-22,9549158.301143315,Bitcoin
bitcoin,2025-10-22,9549158.301143315,Bitcoin
bitcoin,2025-10-22,9549158.301143315,Bitcoin
bitcoin,2025-10-23,9442499.946295625,Bitcoin
bitcoin,2025-10-23,9442499.946295625,Bitcoin
bitcoin,2025-10-23,9442499.946295625,Bitcoin
bitcoin,2025-10-23,9442499.946295625,Bitcoin
bitcoin,2025-10-23,9442499.946295625,Bitcoin
bitcoin,2025-10-24,9659976.397607893,Bitcoin
bitcoin,2025-10-24,9659976.397607893,Bitcoin
bitcoin,2025-10-24,9659976.397607893,Bitcoin
bitcoin,2025-10-24,9659976.397607893,Bitcoin
bitcoin,2025-10-24,9659976.397607893,Bitcoin
bitcoin,2025-10-25,9747832.72977752,Bitcoin
bitcoin,2025-10-25,9747832.72977752,Bitcoin
bitcoin,2025-10-25,9747832.72977752,Bitcoin
bitcoin,2025-10-25,9747832.72977752,Bitcoin
bitcoin,2025-10-25,9747832.72977752,Bitcoin
bitcoin,2025-10-26,9802501.15016422,Bitcoin
bitcoin,2025-10-26,9802501.15016422,Bitcoin
bitcoin,2025-10-26,9802501.15016422,Bitcoin
bitcoin,2025-10-26,9802501.15016422,Bitcoin
bitcoin,2025-10-26,9802501.15016422,Bitcoin
bitcoin,2025-10-27,10055171.794296525,Bitcoin
bitcoin,2025-10-27,10055171.794296525,Bitcoin
bitcoin,2025-10-27,10055171.794296525,Bitcoin
bitcoin,2025-10-27,10055171.794296525,Bitcoin
bitcoin,2025-10-27,10055171.794296525,Bitcoin
bitcoin,2025-10-28,10073474.454011032,Bitcoin
bitcoin,2025-10-28,10073474.454011032,Bitcoin
bitcoin,2025-10-28,10073474.454011032,Bitcoin
bitcoin,2025-10-28,10073474.454011032,Bitcoin
bitcoin,2025-10-28,10073474.454011032,Bitcoin
bitcoin,2025-10-29,9965129.220872145,Bitcoin
bitcoin,2025-10-29,9965129.220872145,Bitcoin
bitcoin,2025-10-29,9965129.220872145,Bitcoin
bitcoin,2025-10-29,9965129.220872145,Bitcoin
bitcoin,2025-10-29,9965129.220872145,Bitcoin
bitcoin,2025-10-30,9722166.86543983,Bitcoin
bitcoin,2025-10-30,9722166.86543983,Bitcoin
bitcoin,2025-10-30,9722166.86543983,Bitcoin
bitcoin,2025-10-30,9722166.86543983,Bitcoin
bitcoin,2025-10-30,9722166.86543983,Bitcoin
bitcoin,2025-10-31,9593893.17104472,Bitcoin
bitcoin,2025-10-31,9593893.17104472,Bitcoin
bitcoin,2025-10-31,9593893.17104472,Bitcoin
bitcoin,2025-10-31,9593893.17104472,Bitcoin
bitcoin,2025-10-31,9593893.17104472,Bitcoin
bitcoin,2025-11-01,9734748.91964181,Bitcoin
bitcoin,2025-11-01,9734748.91964181,Bitcoin
bitcoin,2025-11-01,9734748.91964181,Bitcoin
bitcoin,2025-11-01,9734748.91964181,Bitcoin
bitcoin,2025-11-01,9734748.91964181,Bitcoin
bitcoin,2025-11-02,9765788.362963019,Bitcoin
bitcoin,2025-11-02,9765788.362963019,Bitcoin
bitcoin,2025-11-02,9765788.362963019,Bitcoin
bitcoin,2025-11-02,9765788.362963019,Bitcoin
bitcoin,2025-11-02,9765788.362963019,Bitcoin
bitcoin,2025-11-03,9824421.072227614,Bitcoin
bitcoin,2025-11-03,9824421.072227614,Bitcoin
bitcoin,2025-11-03,9824421.072227614,Bitcoin
bitcoin,2025-11-03,9824421.072227614,Bitcoin
bitcoin,2025-11-03,9824421.072227614,Bitcoin
bitcoin,2025-11-04,9450928.858755054,Bitcoin
bitcoin,2025-11-04,9450928.858755054,Bitcoin
bitcoin,2025-11-04,9450928.858755054,Bitcoin
bitcoin,2025-11-04,9450928.858755054,Bitcoin
bitcoin,2025-11-04,9450928.858755054,Bitcoin
bitcoin,2025-11-05,9018317.599498693,Bitcoin
bitcoin,2025-11-05,9018317.599498693,Bitcoin
bitcoin,2025-11-05,9018317.599498693,Bitcoin
bitcoin,2025-11-05,9018317.599498693,Bitcoin
bitcoin,2025-11-05,9018317.599498693,Bitcoin
bitcoin,2025-11-06,9199126.082980732,Bitcoin
bitcoin,2025-11-06,9199126.082980732,Bitcoin
bitcoin,2025-11-06,9199126.082980732,Bitcoin
bitcoin,2025-11-06,9199126.082980732,Bitcoin
bitcoin,2025-11-06,9199126.082980732,Bitcoin
bitcoin,2025-11-07,8984607.813501872,Bitcoin
bitcoin,2025-11-07,8984607.813501872,Bitcoin
bitcoin,2025-11-07,8984607.813501872,Bitcoin
bitcoin,2025-11-07,8984607.813501872,Bitcoin
bitcoin,2025-11-07,8984607.813501872,Bitcoin
bitcoin,2025-11-08,9167651.236387476,Bitcoin
bitcoin,2025-11-08,9167651.236387476,Bitcoin
bitcoin,2025-11-08,9167651.236387476,Bitcoin
bitcoin,2025-11-08,9167651.236387476,Bitcoin
bitcoin,2025-11-08,9167651.236387476,Bitcoin
bitcoin,2025-11-09,9069592.039128657,Bitcoin
bitcoin,2025-11-09,9069592.039128657,Bitcoin
bitcoin,2025-11-09,9069592.039128657,Bitcoin
bitcoin,2025-11-09,9069592.039128657,Bitcoin
bitcoin,2025-11-09,9069592.039128657,Bitcoin
bitcoin,2025-11-10,9283589.00601575,Bitcoin
bitcoin,2025-11-10,9283589.00601575,Bitcoin
bitcoin,2025-11-10,9283589.00601575,Bitcoin
bitcoin,2025-11-10,9283589.00601575,Bitcoin
bitcoin,2025-11-10,9283589.00601575,Bitcoin
bitcoin,2025-11-11,9394913.182233905,Bitcoin
bitcoin,2025-11-11,9394913.182233905,Bitcoin
bitcoin,2025-11-11,9394913.182233905,Bitcoin
bitcoin,2025-11-11,9394913.182233905,Bitcoin
bitcoin,2025-11-11,9394913.182233905,Bitcoin
bitcoin,2025-11-12,9108594.696793688,Bitcoin
bitcoin,2025-11-12,9108594.696793688,Bitcoin
bitcoin,2025-11-12,9108594.696793688,Bitcoin
bitcoin,2025-11-12,9108594.696793688,Bitcoin
bitcoin,2025-11-12,9108594.696793688,Bitcoin
bitcoin,2025-11-13,8994239.327086337,Bitcoin
bitcoin,2025-11-13,8994239.327086337,Bitcoin
bitcoin,2025-11-13,8994239.327086337,Bitcoin
bitcoin,2025-11-13,8994239.327086337,Bitcoin
bitcoin,2025-11-13,8994239.327086337,Bitcoin
bitcoin,2025-11-14,8857694.85444411,Bitcoin
bitcoin,2025-11-14,8857694.85444411,Bitcoin
bitcoin,2025-11-14,8857694.85444411,Bitcoin
bitcoin,2025-11-14,8857694.85444411,Bitcoin
bitcoin,2025-11-14,8857694.85444411,Bitcoin
bitcoin,2025-11-15,8376936.116014769,Bitcoin
bitcoin,2025-11-15,8376936.116014769,Bitcoin
bitcoin,2025-11-15,8376936.116014769,Bitcoin
bitcoin,2025-11-15,8376936.116014769,Bitcoin
bitcoin,2025-11-15,8376936.116014769,Bitcoin
bitcoin,2025-11-16,8470582.749251666,Bitcoin
bitcoin,2025-11-16,8470582.749251666,Bitcoin
bitcoin,2025-11-16,8470582.749251666,Bitcoin
bitcoin,2025-11-16,8470582.749251666,Bitcoin
bitcoin,2025-11-16,8470582.749251666,Bitcoin
bitcoin,2025-11-17,8373085.239387692,Bitcoin
bitcoin,2025-11-17,8373085.239387692,Bitcoin
bitcoin,2025-11-17,8373085.239387692,Bitcoin
bitcoin,2025-11-17,8373085.239387692,Bitcoin
bitcoin,2025-11-17,8373085.239387692,Bitcoin
bitcoin,2025-11-18,8157780.455111292,Bitcoin
bitcoin,2025-11-18,8157780.455111292,Bitcoin
bitcoin,2025-11-18,8157780.455111292,Bitcoin
bitcoin,2025-11-18,8157780.455111292,Bitcoin
bitcoin,2025-11-18,8157780.455111292,Bitcoin
bitcoin,2025-11-19,8219844.429070548,Bitcoin
bitcoin,2025-11-19,8219844.429070548,Bitcoin
bitcoin,2025-11-19,8219844.429070548,Bitcoin
bitcoin,2025-11-19,8219844.429070548,Bitcoin
bitcoin,2025-11-19,8219844.429070548,Bitcoin
bitcoin,2025-11-20,8084502.70583037,Bitcoin
bitcoin,2025-11-20,8084502.70583037,Bitcoin
bitcoin,2025-11-20,8084502.70583037,Bitcoin
bitcoin,2025-11-20,8084502.70583037,Bitcoin
bitcoin,2025-11-20,8084502.70583037,Bitcoin
bitcoin,2025-11-21,7685198.360480496,Bitcoin
bitcoin,2025-11-21,7685198.360480496,Bitcoin
bitcoin,2025-11-21,7685198.360480496,Bitcoin
bitcoin,2025-11-21,7685198.360480496,Bitcoin
bitcoin,2025-11-21,7685198.360480496,Bitcoin
bitcoin,2025-11-22,7622398.708162882,Bitcoin
bitcoin,2025-11-22,7622398.708162882,Bitcoin
bitcoin,2025-11-22,7622398.708162882,Bitcoin
bitcoin,2025-11-22,7622398.708162882,Bitcoin
bitcoin,2025-11-22,7622398.708162882,Bitcoin
bitcoin,2025-11-23,7591078.566298594,Bitcoin
bitcoin,2025-11-23,7591078.566298594,Bitcoin
bitcoin,2025-11-23,7591078.566298594,Bitcoin
bitcoin,2025-11-23,7591078.566298594,Bitcoin
bitcoin,2025-11-23,7591078.566298594,Bitcoin
bitcoin,2025-11-24,7778520.446850556,Bitcoin
bitcoin,2025-11-24,7778520.446850556,Bitcoin
bitcoin,2025-11-24,7778520.446850556,Bitcoin
bitcoin,2025-11-24,7778520.446850556,Bitcoin
bitcoin,2025-11-24,7778520.446850556,Bitcoin
bitcoin,2025-11-25,7865475.253834086,Bitcoin
bitcoin,2025-11-25,7865475.253834086,Bitcoin
bitcoin,2025-11-25,7865475.253834086,Bitcoin
bitcoin,2025-11-25,7865475.253834086,Bitcoin
bitcoin,2025-11-25,7865475.253834086,Bitcoin
bitcoin,2025-11-26,7783791.323601658,Bitcoin
bitcoin,2025-11-26,7783791.323601658,Bitcoin
bitcoin,2025-11-26,7783791.323601658,Bitcoin
bitcoin,2025-11-26,7783791.323601658,Bitcoin
bitcoin,2025-11-26,7783791.323601658,Bitcoin
bitcoin,2025-11-27,8066930.863801428,Bitcoin
bitcoin,2025-11-27,8066930.863801428,Bitcoin
bitcoin,2025-11-27,8066930.863801428,Bitcoin
bitcoin,2025-11-27,8066930.863801428,Bitcoin
bitcoin,2025-11-27,8066930.863801428,Bitcoin
bitcoin,2025-11-28,8157156.351483771,Bitcoin
bitcoin,2025-11-28,8157156.351483771,Bitcoin
bitcoin,2025-11-28,8157156.351483771,Bitcoin
bitcoin,2025-11-28,8157156.351483771,Bitcoin
bitcoin,2025-11-28,8157156.351483771,Bitcoin
bitcoin,2025-11-29,8126220.637986011,Bitcoin
bitcoin,2025-11-29,8126220.637986011,Bitcoin
bitcoin,2025-11-29,8126220.637986011,Bitcoin
bitcoin,2025-11-29,8126220.637986011,Bitcoin
bitcoin,2025-11-29,8126220.637986011,Bitcoin
bitcoin,2025-11-30,8116488.479072998,Bitcoin
bitcoin,2025-11-30,8116488.479072998,Bitcoin
bitcoin,2025-11-30,8116488.479072998,Bitcoin
bitcoin,2025-11-30,8116488.479072998,Bitcoin
bitcoin,2025-11-30,8116488.479072998,Bitcoin
bitcoin,2025-12-01,8078246.317717989,Bitcoin
bitcoin,2025-12-01,8078246.317717989,Bitcoin
bitcoin,2025-12-01,8078246.317717989,Bitcoin
bitcoin,2025-12-01,8078246.317717989,Bitcoin
bitcoin,2025-12-01,8078246.317717989,Bitcoin
bitcoin,2025-12-02,7731939.31508293,Bitcoin
bitcoin,2025-12-02,7731939.31508293,Bitcoin
bitcoin,2025-12-02,7731939.31508293,Bitcoin
bitcoin,2025-12-02,7731939.31508293,Bitcoin
bitcoin,2025-12-02,7731939.31508293,Bitcoin
bitcoin,2025-12-03,8213485.439946512,Bitcoin
bitcoin,2025-12-03,8213485.439946512,Bitcoin
bitcoin,2025-12-03,8213485.439946512,Bitcoin
bitcoin,2025-12-03,8213485.439946512,Bitcoin
bitcoin,2025-12-03,8213485.439946512,Bitcoin
bitcoin,2025-12-04,8441734.894689914,Bitcoin
bitcoin,2025-12-04,8441734.894689914,Bitcoin
bitcoin,2025-12-04,8441734.894689914,Bitcoin
bitcoin,2025-12-04,8441734.894689914,Bitcoin
bitcoin,2025-12-04,8441734.894689914,Bitcoin
bitcoin,2025-12-05,8277612.193785475,Bitcoin
bitcoin,2025-12-05,8277612.193785475,Bitcoin
bitcoin,2025-12-05,8277612.193785475,Bitcoin
bitcoin,2025-12-05,8277612.193785475,Bitcoin
bitcoin,2025-12-05,8277612.193785475,Bitcoin
bitcoin,2025-12-06,8033337.656068311,Bitcoin
bitcoin,2025-12-06,8033337.656068311,Bitcoin
bitcoin,2025-12-06,8033337.656068311,Bitcoin
bitcoin,2025-12-06,8033337.656068311,Bitcoin
bitcoin,2025-12-06,8033337.656068311,Bitcoin
bitcoin,2025-12-07,8028324.929700683,Bitcoin
bitcoin,2025-12-07,8028324.929700683,Bitcoin
bitcoin,2025-12-07,8028324.929700683,Bitcoin
bitcoin,2025-12-07,8028324.929700683,Bitcoin
bitcoin,2025-12-07,8028324.929700683,Bitcoin
bitcoin,2025-12-08,8110183.521497487,Bitcoin
bitcoin,2025-12-08,8110183.521497487,Bitcoin
bitcoin,2025-12-08,8110183.521497487,Bitcoin
bitcoin,2025-12-08,8110183.521497487,Bitcoin
bitcoin,2025-12-08,8110183.521497487,Bitcoin
bitcoin,2025-12-09,8167418.75650716,Bitcoin
bitcoin,2025-12-09,8167418.75650716,Bitcoin
bitcoin,2025-12-09,8167418.75650716,Bitcoin
bitcoin,2025-12-09,8167418.75650716,Bitcoin
bitcoin,2025-12-09,8167418.75650716,Bitcoin
bitcoin,2025-12-10,8337407.11660591,Bitcoin
bitcoin,2025-12-10,8337407.11660591,Bitcoin
bitcoin,2025-12-10,8337407.11660591,Bitcoin
bitcoin,2025-12-10,8337407.11660591,Bitcoin
bitcoin,2025-12-10,8337407.11660591,Bitcoin
bitcoin,2025-12-11,8261440.281355997,Bitcoin
bitcoin,2025-12-11,8261440.281355997,Bitcoin
bitcoin,2025-12-11,8261440.281355997,Bitcoin
bitcoin,2025-12-11,8261440.281355997,Bitcoin
bitcoin,2025-12-11,8261440.281355997,Bitcoin
bitcoin,2025-12-12,8347818.307928058,Bitcoin
bitcoin,2025-12-12,8347818.307928058,Bitcoin
bitcoin,2025-12-12,8347818.307928058,Bitcoin
bitcoin,2025-12-12,8347818.307928058,Bitcoin
bitcoin,2025-12-12,8347818.307928058,Bitcoin
bitcoin,2025-12-13,8175319.49414227,Bitcoin
bitcoin,2025-12-13,8175319.49414227,Bitcoin
bitcoin,2025-12-13,8175319.49414227,Bitcoin
bitcoin,2025-12-13,8175319.49414227,Bitcoin
bitcoin,2025-12-13,8175319.49414227,Bitcoin
bitcoin,2025-12-14,8175924.735194205,Bitcoin
bitcoin,2025-12-14,8175924.735194205,Bitcoin
bitcoin,2025-12-14,8175924.735194205,Bitcoin
bitcoin,2025-12-14,8175924.735194205,Bitcoin
bitcoin,2025-12-14,8175924.735194205,Bitcoin
bitcoin,2025-12-15,7992348.231966222,Bitcoin
bitcoin,2025-12-15,7992348.231966222,Bitcoin
bitcoin,2025-12-15,7992348.231966222,Bitcoin
bitcoin,2025-12-15,7992348.231966222,Bitcoin
bitcoin,2025-12-15,7992348.231966222,Bitcoin
bitcoin,2025-12-16,7844409.288926788,Bitcoin
bitcoin,2025-12-16,7844409.288926788,Bitcoin
bitcoin,2025-12-16,7844409.288926788,Bitcoin
bitcoin,2025-12-16,7844409.288926788,Bitcoin
bitcoin,2025-12-16,7844409.288926788,Bitcoin
bitcoin,2025-12-17,7987315.985984798,Bitcoin
bitcoin,2025-12-17,7987315.985984798,Bitcoin
bitcoin,2025-12-17,7987315.985984798,Bitcoin
bitcoin,2025-12-17,7987315.985984798,Bitcoin
bitcoin,2025-12-17,7987315.985984798,Bitcoin
bitcoin,2025-12-18,7781471.915537124,Bitcoin
bitcoin,2025-12-18,7781471.915537124,Bitcoin
bitcoin,2025-12-18,7781471.915537124,Bitcoin
bitcoin,2025-12-18,7781471.915537124,Bitcoin
bitcoin,2025-12-18,7781471.915537124,Bitcoin
bitcoin,2025-12-19,7712879.171308659,Bitcoin
bitcoin,2025-12-19,7712879.171308659,Bitcoin
bitcoin,2025-12-19,7712879.171308659,Bitcoin
bitcoin,2025-12-19,7712879.171308659,Bitcoin
bitcoin,2025-12-19,7712879.171308659,Bitcoin
bitcoin,2025-12-20,7892110.371399885,Bitcoin
bitcoin,2025-12-20,7892110.371399885,Bitcoin
bitcoin,2025-12-20,7892110.371399885,Bitcoin
bitcoin,2025-12-20,7892110.371399885,Bitcoin
bitcoin,2025-12-20,7892110.371399885,Bitcoin
bitcoin,2025-12-21,7913974.621357582,Bitcoin
bitcoin,2025-12-21,7913974.621357582,Bitcoin
bitcoin,2025-12-21,7913974.621357582,Bitcoin
bitcoin,2025-12-21,7913974.621357582,Bitcoin
bitcoin,2025-12-21,7913974.621357582,Bitcoin
bitcoin,2025-12-22,7933999.65474005,Bitcoin
bitcoin,2025-12-22,7933999.65474005,Bitcoin
bitcoin,2025-12-22,7933999.65474005,Bitcoin
bitcoin,2025-12-22,7933999.65474005,Bitcoin
bitcoin,2025-12-22,7933999.65474005,Bitcoin
bitcoin,2025-12-23,7929162.75966298,Bitcoin
bitcoin,2025-12-23,7929162.75966298,Bitcoin
bitcoin,2025-12-23,7929162.75966298,Bitcoin
bitcoin,2025-12-23,7929162.75966298,Bitcoin
bitcoin,2025-12-23,7929162.75966298,Bitcoin
bitcoin,2025-12-24,7820620.968822208,Bitcoin
bitcoin,2025-12-24,7820620.968822208,Bitcoin
bitcoin,2025-12-24,7820620.968822208,Bitcoin
bitcoin,2025-12-24,7820620.968822208,Bitcoin
bitcoin,2025-12-24,7820620.968822208,Bitcoin
bitcoin,2025-12-25,7872946.774052088,Bitcoin
bitcoin,2025-12-25,7872946.774052088,Bitcoin
bitcoin,2025-12-25,7872946.774052088,Bitcoin
bitcoin,2025-12-25,7872946.774052088,Bitcoin
bitcoin,2025-12-25,7872946.774052088,Bitcoin
bitcoin,2025-12-26,7860175.221034703,Bitcoin
bitcoin,2025-12-26,7860175.221034703,Bitcoin
bitcoin,2025-12-26,7860175.221034703,Bitcoin
bitcoin,2025-12-26,7860175.221034703,Bitcoin
bitcoin,2025-12-26,7860175.221034703,Bitcoin
bitcoin,2025-12-27,7838865.798860937,Bitcoin
bitcoin,2025-12-27,7838865.798860937,Bitcoin
bitcoin,2025-12-27,7838865.798860937,Bitcoin
bitcoin,2025-12-27,7838865.798860937,Bitcoin
bitcoin,2025-12-27,7838865.798860937,Bitcoin
bitcoin,2025-12-28,7886342.002067149,Bitcoin
bitcoin,2025-12-28,7886342.002067149,Bitcoin
bitcoin,2025-12-28,7886342.002067149,Bitcoin
bitcoin,2025-12-28,7886342.002067149,Bitcoin
bitcoin,2025-12-28,7886342.002067149,Bitcoin
bitcoin,2025-12-29,7887770.596681177,Bitcoin
bitcoin,2025-12-29,7887770.596681177,Bitcoin
bitcoin,2025-12-29,7887770.596681177,Bitcoin
bitcoin,2025-12-29,7887770.596681177,Bitcoin
bitcoin,2025-12-29,7887770.596681177,Bitcoin
bitcoin,2025-12-30,7835388.056690424,Bitcoin
bitcoin,2025-12-30,7835388.056690424,Bitcoin
bitcoin,2025-12-30,7835388.056690424,Bitcoin
bitcoin,2025-12-30,7835388.056690424,Bitcoin
bitcoin,2025-12-30,7835388.056690424,Bitcoin
bitcoin,2025-12-31,7936951.056508718,Bitcoin
bitcoin,2025-12-31,7936951.056508718,Bitcoin
bitcoin,2025-12-31,7936951.056508718,Bitcoin
bitcoin,2025-12-31,7936951.056508718,Bitcoin
bitcoin,2025-12-31,7936951.056508718,Bitcoin
bitcoin,2026-01-01,7875103.91153735,Bitcoin
bitcoin,2026-01-01,7875103.91153735,Bitcoin
bitcoin,2026-01-01,7875103.91153735,Bitcoin
bitcoin,2026-01-01,7875103.91153735,Bitcoin
bitcoin,2026-01-01,7875103.91153735,Bitcoin
bitcoin,2026-01-02,7982611.090931888,Bitcoin
bitcoin,2026-01-02,7982611.090931888,Bitcoin
bitcoin,2026-01-02,7982611.090931888,Bitcoin
bitcoin,2026-01-02,7982611.090931888,Bitcoin
bitcoin,2026-01-02,7982611.090931888,Bitcoin
bitcoin,2026-01-03,8094664.567193232,Bitcoin
bitcoin,2026-01-03,8094664.567193232,Bitcoin
bitcoin,2026-01-03,8094664.567193232,Bitcoin
bitcoin,2026-01-03,8094664.567193232,Bitcoin
bitcoin,2026-01-03,8094664.567193232,Bitcoin
bitcoin,2026-01-04,8154755.980058913,Bitcoin
bitcoin,2026-01-04,8154755.980058913,Bitcoin
bitcoin,2026-01-04,8154755.980058913,Bitcoin
bitcoin,2026-01-04,8154755.980058913,Bitcoin
bitcoin,2026-01-04,8154755.980058913,Bitcoin
bitcoin,2026-01-05,8224912.970329631,Bitcoin
bitcoin,2026-01-05,8224912.970329631,Bitcoin
bitcoin,2026-01-05,8224912.970329631,Bitcoin
bitcoin,2026-01-05,8224912.970329631,Bitcoin
bitcoin,2026-01-05,8224912.970329631,Bitcoin
bitcoin,2026-01-06,8475311.204337161,Bitcoin
bitcoin,2026-01-06,8475311.204337161,Bitcoin
bitcoin,2026-01-06,8475311.204337161,Bitcoin
bitcoin,2026-01-06,8475311.204337161,Bitcoin
bitcoin,2026-01-06,8475311.204337161,Bitcoin
bitcoin,2026-01-07,8443838.294347357,Bitcoin
bitcoin,2026-01-07,8443838.294347357,Bitcoin
bitcoin,2026-01-07,8443838.294347357,Bitcoin
bitcoin,2026-01-07,8443838.294347357,Bitcoin
bitcoin,2026-01-07,8443838.294347357,Bitcoin
bitcoin,2026-01-08,8200790.873528976,Bitcoin
bitcoin,2026-01-08,8200790.873528976,Bitcoin
bitcoin,2026-01-08,8200790.873528976,Bitcoin
bitcoin,2026-01-08,8200790.873528976,Bitcoin
bitcoin,2026-01-08,8200790.873528976,Bitcoin
bitcoin,2026-01-09,8179932.125614385,Bitcoin
bitcoin,2026-01-09,8179932.125614385,Bitcoin
bitcoin,2026-01-09,8179932.125614385,Bitcoin
bitcoin,2026-01-09,8179932.125614385,Bitcoin
bitcoin,2026-01-09,8179932.125614385,Bitcoin
bitcoin,2026-01-10,8169727.593041189,Bitcoin
bitcoin,2026-01-10,8169727.593041189,Bitcoin
bitcoin,2026-01-10,8169727.593041189,Bitcoin
bitcoin,2026-01-10,8169727.593041189,Bitcoin
bitcoin,2026-01-10,8169727.593041189,Bitcoin
bitcoin,2026-01-11,8164051.8328820085,Bitcoin
bitcoin,2026-01-11,8164051.8328820085,Bitcoin
bitcoin,2026-01-11,8164051.8328820085,Bitcoin
bitcoin,2026-01-11,8164051.8328820085,Bitcoin
bitcoin,2026-01-11,8164051.8328820085,Bitcoin
bitcoin,2026-01-12,8196362.9552232,Bitcoin
bitcoin,2026-01-12,8196362.9552232,Bitcoin
bitcoin,2026-01-12,8196362.9552232,Bitcoin
bitcoin,2026-01-12,8196362.9552232,Bitcoin
bitcoin,2026-01-12,8196362.9552232,Bitcoin
bitcoin,2026-01-13,8214254.506811856,Bitcoin
bitcoin,2026-01-13,8214254.506811856,Bitcoin
bitcoin,2026-01-13,8214254.506811856,Bitcoin
bitcoin,2026-01-13,8214254.506811856,Bitcoin
bitcoin,2026-01-13,8214254.506811856,Bitcoin
bitcoin,2026-01-14,8600260.479528198,Bitcoin
bitcoin,2026-01-14,8600260.479528198,Bitcoin
bitcoin,2026-01-14,8600260.479528198,Bitcoin
bitcoin,2026-01-14,8600260.479528198,Bitcoin
bitcoin,2026-01-14,8600260.479528198,Bitcoin
bitcoin,2026-01-15,8754772.557780331,Bitcoin
bitcoin,2026-01-15,8754772.557780331,Bitcoin
bitcoin,2026-01-15,8754772.557780331,Bitcoin
bitcoin,2026-01-15,8754772.557780331,Bitcoin
bitcoin,2026-01-15,8754772.557780331,Bitcoin
bitcoin,2026-01-16,8637202.771129187,Bitcoin
bitcoin,2026-01-16,8637202.771129187,Bitcoin
bitcoin,2026-01-16,8637202.771129187,Bitcoin
bitcoin,2026-01-16,8637202.771129187,Bitcoin
bitcoin,2026-01-16,8637202.771129187,Bitcoin
bitcoin,2026-01-17,8665871.041073622,Bitcoin
bitcoin,2026-01-17,8665871.041073622,Bitcoin
bitcoin,2026-01-17,8665871.041073622,Bitcoin
bitcoin,2026-01-17,8665871.041073622,Bitcoin
bitcoin,2026-01-17,8665871.041073622,Bitcoin
bitcoin,2026-01-18,8641731.269593248,Bitcoin
bitcoin,2026-01-18,8641731.269593248,Bitcoin
bitcoin,2026-01-18,8641731.269593248,Bitcoin
bitcoin,2026-01-18,8641731.269593248,Bitcoin
bitcoin,2026-01-18,8641731.269593248,Bitcoin
bitcoin,2026-01-19,8504968.615885023,Bitcoin
bitcoin,2026-01-19,8504968.615885023,Bitcoin
bitcoin,2026-01-19,8504968.615885023,Bitcoin
bitcoin,2026-01-19,8504968.615885023,Bitcoin
bitcoin,2026-01-19,8504968.615885023,Bitcoin
bitcoin,2026-01-20,8414003.970645163,Bitcoin
bitcoin,2026-01-20,8414003.970645163,Bitcoin
bitcoin,2026-01-20,8414003.970645163,Bitcoin
bitcoin,2026-01-20,8414003.970645163,Bitcoin
bitcoin,2026-01-20,8414003.970645163,Bitcoin
bitcoin,2026-01-21,8046939.8302773405,Bitcoin
bitcoin,2026-01-21,8046939.8302773405,Bitcoin
bitcoin,2026-01-21,8046939.8302773405,Bitcoin
bitcoin,2026-01-21,8046939.8302773405,Bitcoin
bitcoin,2026-01-21,8046939.8302773405,Bitcoin
bitcoin,2026-01-22,8179241.969294843,Bitcoin
bitcoin,2026-01-22,8179241.969294843,Bitcoin
bitcoin,2026-01-22,8179241.969294843,Bitcoin
bitcoin,2026-01-22,8179241.969294843,Bitcoin
bitcoin,2026-01-22,8179241.969294843,Bitcoin
bitcoin,2026-01-23,8189307.776814618,Bitcoin
bitcoin,2026-01-23,8189307.776814618,Bitcoin
bitcoin,2026-01-23,8189307.776814618,Bitcoin
bitcoin,2026-01-23,8189307.776814618,Bitcoin
bitcoin,2026-01-23,8189307.776814618,Bitcoin
bitcoin,2026-01-24,8190756.883147298,Bitcoin
bitcoin,2026-01-24,8190756.883147298,Bitcoin
bitcoin,2026-01-24,8190756.883147298,Bitcoin
bitcoin,2026-01-24,8190756.883147298,Bitcoin
bitcoin,2026-01-24,8190756.883147298,Bitcoin
bitcoin,2026-01-25,8167427.829795334,Bitcoin
bitcoin,2026-01-25,8167427.829795334,Bitcoin
bitcoin,2026-01-25,8167427.829795334,Bitcoin
bitcoin,2026-01-25,8167427.829795334,Bitcoin
bitcoin,2026-01-25,8167427.829795334,Bitcoin
bitcoin,2026-01-26,7931480.8104405,Bitcoin
bitcoin,2026-01-26,7931480.8104405,Bitcoin
bitcoin,2026-01-26,7931480.8104405,Bitcoin
bitcoin,2026-01-26,7931480.8104405,Bitcoin
bitcoin,2026-01-26,7931480.8104405,Bitcoin
bitcoin,2026-01-27,8098992.121060789,Bitcoin
bitcoin,2026-01-27,8098992.121060789,Bitcoin
bitcoin,2026-01-27,8098992.121060789,Bitcoin
bitcoin,2026-01-27,8098992.121060789,Bitcoin
bitcoin,2026-01-27,8098992.121060789,Bitcoin
bitcoin,2026-01-28,8165356.488930265,Bitcoin
bitcoin,2026-01-28,8165356.488930265,Bitcoin
bitcoin,2026-01-28,8165356.488930265,Bitcoin
bitcoin,2026-01-28,8165356.488930265,Bitcoin
bitcoin,2026-01-28,8165356.488930265,Bitcoin
bitcoin,2026-01-29,8206661.924142179,Bitcoin
bitcoin,2026-01-29,8206661.924142179,Bitcoin
bitcoin,2026-01-29,8206661.924142179,Bitcoin
bitcoin,2026-01-29,8206661.924142179,Bitcoin
bitcoin,2026-01-29,8206661.924142179,Bitcoin
bitcoin,2026-01-30,7762053.970031044,Bitcoin
bitcoin,2026-01-30,7762053.970031044,Bitcoin
bitcoin,2026-01-30,7762053.970031044,Bitcoin
bitcoin,2026-01-30,7762053.970031044,Bitcoin
bitcoin,2026-01-30,7762053.970031044,Bitcoin
bitcoin,2026-01-31,7714332.820802952,Bitcoin
bitcoin,2026-01-31,7714332.820802952,Bitcoin
bitcoin,2026-01-31,7714332.820802952,Bitcoin
bitcoin,2026-01-31,7714332.820802952,Bitcoin
bitcoin,2026-01-31,7714332.820802952,Bitcoin
bitcoin,2026-02-01,7217787.461780625,Bitcoin
bitcoin,2026-02-01,7217787.461780625,Bitcoin
bitcoin,2026-02-01,7217787.461780625,Bitcoin
bitcoin,2026-02-01,7217787.461780625,Bitcoin
bitcoin,2026-02-01,7217787.461780625,Bitcoin
bitcoin,2026-02-02,7055170.4747747015,Bitcoin
bitcoin,2026-02-02,7055170.4747747015,Bitcoin
bitcoin,2026-02-02,7055170.4747747015,Bitcoin
bitcoin,2026-02-02,7055170.4747747015,Bitcoin
bitcoin,2026-02-02,7055170.4747747015,Bitcoin
bitcoin,2026-02-03,7124353.514366637,Bitcoin
bitcoin,2026-02-03,7124353.514366637,Bitcoin
bitcoin,2026-02-03,7124353.514366637,Bitcoin
bitcoin,2026-02-03,7124353.514366637,Bitcoin
bitcoin,2026-02-03,7124353.514366637,Bitcoin
bitcoin,2026-02-04,6839512.652076184,Bitcoin
bitcoin,2026-02-04,6839512.652076184,Bitcoin
bitcoin,2026-02-04,6839512.652076184,Bitcoin
bitcoin,2026-02-04,6839512.652076184,Bitcoin
bitcoin,2026-02-04,6839512.652076184,Bitcoin
bitcoin,2026-02-05,6617843.606631121,Bitcoin
bitcoin,2026-02-05,6617843.606631121,Bitcoin
bitcoin,2026-02-05,6617843.606631121,Bitcoin
bitcoin,2026-02-05,6617843.606631121,Bitcoin
bitcoin,2026-02-05,6617843.606631121,Bitcoin
bitcoin,2026-02-06,5676634.189757013,Bitcoin
bitcoin,2026-02-06,5676634.189757013,Bitcoin
bitcoin,2026-02-06,5676634.189757013,Bitcoin
bitcoin,2026-02-06,5676634.189757013,Bitcoin
bitcoin,2026-02-06,5676634.189757013,Bitcoin
bitcoin,2026-02-07,6389223.0613750955,Bitcoin
bitcoin,2026-02-07,6389223.0613750955,Bitcoin
bitcoin,2026-02-07,6389223.0613750955,Bitcoin
bitcoin,2026-02-07,6389223.0613750955,Bitcoin
bitcoin,2026-02-07,6389223.0613750955,Bitcoin
bitcoin,2026-02-08,6278047.808376017,Bitcoin
bitcoin,2026-02-08,6278047.808376017,Bitcoin
bitcoin,2026-02-08,6278047.808376017,Bitcoin
bitcoin,2026-02-08,6278047.808376017,Bitcoin
bitcoin,2026-02-08,6278047.808376017,Bitcoin
bitcoin,2026-02-09,6388983.809905373,Bitcoin
bitcoin,2026-02-09,6388983.809905373,Bitcoin
bitcoin,2026-02-09,6388983.809905373,Bitcoin
bitcoin,2026-02-09,6388983.809905373,Bitcoin
bitcoin,2026-02-09,6388983.809905373,Bitcoin
bitcoin,2026-02-10,6363124.007122537,Bitcoin
bitcoin,2026-02-10,6363124.007122537,Bitcoin
bitcoin,2026-02-10,6363124.007122537,Bitcoin
bitcoin,2026-02-10,6363124.007122537,Bitcoin
bitcoin,2026-02-10,6363124.007122537,Bitcoin
bitcoin,2026-02-11,6230645.199778009,Bitcoin
bitcoin,2026-02-11,6230645.199778009,Bitcoin
bitcoin,2026-02-11,6230645.199778009,Bitcoin
bitcoin,2026-02-11,6230645.199778009,Bitcoin
bitcoin,2026-02-11,6230645.199778009,Bitcoin
bitcoin,2026-02-12,6073656.888033923,Bitcoin
bitcoin,2026-02-12,6073656.888033923,Bitcoin
bitcoin,2026-02-12,6073656.888033923,Bitcoin
bitcoin,2026-02-12,6073656.888033923,Bitcoin
bitcoin,2026-02-12,6073656.888033923,Bitcoin
bitcoin,2026-02-13,5993963.2553228345,Bitcoin
bitcoin,2026-02-13,5993963.2553228345,Bitcoin
bitcoin,2026-02-13,5993963.2553228345,Bitcoin
bitcoin,2026-02-13,5993963.2553228345,Bitcoin
bitcoin,2026-02-13,5993963.2553228345,Bitcoin
bitcoin,2026-02-14,6234117.350281114,Bitcoin
bitcoin,2026-02-14,6234117.350281114,Bitcoin
bitcoin,2026-02-14,6234117.350281114,Bitcoin
bitcoin,2026-02-14,6234117.350281114,Bitcoin
bitcoin,2026-02-14,6234117.350281114,Bitcoin
bitcoin,2026-02-15,6317657.207954805,Bitcoin
bitcoin,2026-02-15,6317657.207954805,Bitcoin
bitcoin,2026-02-15,6317657.207954805,Bitcoin
bitcoin,2026-02-15,6317657.207954805,Bitcoin
bitcoin,2026-02-15,6317657.207954805,Bitcoin
bitcoin,2026-02-16,6222983.54818252,Bitcoin
bitcoin,2026-02-16,6222983.54818252,Bitcoin
bitcoin,2026-02-16,6222983.54818252,Bitcoin
bitcoin,2026-02-16,6222983.54818252,Bitcoin
bitcoin,2026-02-16,6222983.54818252,Bitcoin
bitcoin,2026-02-17,6255749.578602175,Bitcoin
bitcoin,2026-02-17,6255749.578602175,Bitcoin
bitcoin,2026-02-17,6255749.578602175,Bitcoin
bitcoin,2026-02-17,6255749.578602175,Bitcoin
bitcoin,2026-02-17,6255749.578602175,Bitcoin
bitcoin,2026-02-18,6116329.755578176,Bitcoin
bitcoin,2026-02-18,6116329.755578176,Bitcoin
bitcoin,2026-02-18,6116329.755578176,Bitcoin
bitcoin,2026-02-18,6116329.755578176,Bitcoin
bitcoin,2026-02-18,6116329.755578176,Bitcoin
bitcoin,2026-02-19,6033801.7653913135,Bitcoin
bitcoin,2026-02-19,6033801.7653913135,Bitcoin
bitcoin,2026-02-19,6033801.7653913135,Bitcoin
bitcoin,2026-02-19,6033801.7653913135,Bitcoin
bitcoin,2026-02-19,6033801.7653913135,Bitcoin
bitcoin,2026-02-20,6092367.347486159,Bitcoin
bitcoin,2026-02-20,6092367.347486159,Bitcoin
bitcoin,2026-02-20,6092367.347486159,Bitcoin
bitcoin,2026-02-20,6092367.347486159,Bitcoin
bitcoin,2026-02-20,6092367.347486159,Bitcoin
bitcoin,2026-02-21,6166730.671036533,Bitcoin
bitcoin,2026-02-21,6166730.671036533,Bitcoin
bitcoin,2026-02-21,6166730.671036533,Bitcoin
bitcoin,2026-02-21,6166730.671036533,Bitcoin
bitcoin,2026-02-21,6166730.671036533,Bitcoin
bitcoin,2026-02-22,6167421.5569663085,Bitcoin
bitcoin,2026-02-22,6167421.5569663085,Bitcoin
bitcoin,2026-02-22,6167421.5569663085,Bitcoin
bitcoin,2026-02-22,6167421.5569663085,Bitcoin
bitcoin,2026-02-22,6167421.5569663085,Bitcoin
bitcoin,2026-02-23,6132044.38390857,Bitcoin
bitcoin,2026-02-23,6132044.38390857,Bitcoin
bitcoin,2026-02-23,6132044.38390857,Bitcoin
bitcoin,2026-02-23,6132044.38390857,Bitcoin
bitcoin,2026-02-23,6132044.38390857,Bitcoin
bitcoin,2026-02-24,5877904.816486458,Bitcoin
bitcoin,2026-02-24,5877904.816486458,Bitcoin
bitcoin,2026-02-24,5877904.816486458,Bitcoin
bitcoin,2026-02-24,5877904.816486458,Bitcoin
bitcoin,2026-02-24,5877904.816486458,Bitcoin
bitcoin,2026-02-25,5825506.041087636,Bitcoin
bitcoin,2026-02-25,5825506.041087636,Bitcoin
bitcoin,2026-02-25,5825506.041087636,Bitcoin
bitcoin,2026-02-25,5825506.041087636,Bitcoin
bitcoin,2026-02-25,5825506.041087636,Bitcoin
bitcoin,2026-02-26,6179906.746479165,Bitcoin
bitcoin,2026-02-26,6179906.746479165,Bitcoin
bitcoin,2026-02-26,6179906.746479165,Bitcoin
bitcoin,2026-02-26,6179906.746479165,Bitcoin
bitcoin,2026-02-26,6179906.746479165,Bitcoin
bitcoin,2026-02-27,6139221.658943246,Bitcoin
bitcoin,2026-02-27,6139221.658943246,Bitcoin
bitcoin,2026-02-27,6139221.658943246,Bitcoin
bitcoin,2026-02-27,6139221.658943246,Bitcoin
bitcoin,2026-02-27,6139221.658943246,Bitcoin
bitcoin,2026-02-28,6000769.898243445,Bitcoin
bitcoin,2026-02-28,6000769.898243445,Bitcoin
bitcoin,2026-02-28,6000769.898243445,Bitcoin
bitcoin,2026-02-28,6000769.898243445,Bitcoin
bitcoin,2026-02-28,6000769.898243445,Bitcoin
bitcoin,2026-03-01,6102895.493287365,Bitcoin
bitcoin,2026-03-01,6102895.493287365,Bitcoin
bitcoin,2026-03-01,6102895.493287365,Bitcoin
bitcoin,2026-03-01,6102895.493287365,Bitcoin
bitcoin,2026-03-01,6102895.493287365,Bitcoin
bitcoin,2026-03-02,5984275.487394328,Bitcoin
bitcoin,2026-03-02,5984275.487394328,Bitcoin
bitcoin,2026-03-02,5984275.487394328,Bitcoin
bitcoin,2026-03-02,5984275.487394328,Bitcoin
bitcoin,2026-03-02,5984275.487394328,Bitcoin
bitcoin,2026-03-03,6305544.630558076,Bitcoin
bitcoin,2026-03-03,6305544.630558076,Bitcoin
bitcoin,2026-03-03,6305544.630558076,Bitcoin
bitcoin,2026-03-03,6305544.630558076,Bitcoin
bitcoin,2026-03-03,6305544.630558076,Bitcoin
bitcoin,2026-03-04,6286193.4883730775,Bitcoin
bitcoin,2026-03-04,6286193.4883730775,Bitcoin
bitcoin,2026-03-04,6286193.4883730775,Bitcoin
bitcoin,2026-03-04,6286193.4883730775,Bitcoin
bitcoin,2026-03-04,6286193.4883730775,Bitcoin
bitcoin,2026-03-05,6694568.0647264635,Bitcoin
bitcoin,2026-03-05,6694568.0647264635,Bitcoin
bitcoin,2026-03-05,6694568.0647264635,Bitcoin
bitcoin,2026-03-05,6694568.0647264635,Bitcoin
bitcoin,2026-03-05,6694568.0647264635,Bitcoin
bitcoin,2026-03-06,6505413.051213356,Bitcoin
bitcoin,2026-03-06,6505413.051213356,Bitcoin
bitcoin,2026-03-06,6505413.051213356,Bitcoin
bitcoin,2026-03-06,6505413.051213356,Bitcoin
bitcoin,2026-03-06,6505413.051213356,Bitcoin
bitcoin,2026-03-07,6265583.842492761,Bitcoin
bitcoin,2026-03-07,6265583.842492761,Bitcoin
bitcoin,2026-03-07,6265583.842492761,Bitcoin
bitcoin,2026-03-07,6265583.842492761,Bitcoin
bitcoin,2026-03-07,6265583.842492761,Bitcoin
bitcoin,2026-03-08,6184943.552139279,Bitcoin
bitcoin,2026-03-08,6184943.552139279,Bitcoin
bitcoin,2026-03-08,6184943.552139279,Bitcoin
bitcoin,2026-03-08,6184943.552139279,Bitcoin
bitcoin,2026-03-08,6184943.552139279,Bitcoin
bitcoin,2026-03-09,6071162.609842083,Bitcoin
bitcoin,2026-03-09,6071162.609842083,Bitcoin
bitcoin,2026-03-09,6071162.609842083,Bitcoin
bitcoin,2026-03-09,6071162.609842083,Bitcoin
bitcoin,2026-03-09,6071162.609842083,Bitcoin
bitcoin,2026-03-10,6319544.712079575,Bitcoin
bitcoin,2026-03-10,6319544.712079575,Bitcoin
bitcoin,2026-03-10,6319544.712079575,Bitcoin
bitcoin,2026-03-10,6319544.712079575,Bitcoin
bitcoin,2026-03-10,6319544.712079575,Bitcoin
bitcoin,2026-03-11,6427459.132593709,Bitcoin
bitcoin,2026-03-11,6427459.132593709,Bitcoin
bitcoin,2026-03-11,6427459.132593709,Bitcoin
bitcoin,2026-03-11,6427459.132593709,Bitcoin
bitcoin,2026-03-11,6427459.132593709,Bitcoin
bitcoin,2026-03-12,6476952.781587672,Bitcoin
bitcoin,2026-03-12,6476952.781587672,Bitcoin
bitcoin,2026-03-12,6476952.781587672,Bitcoin
bitcoin,2026-03-12,6476952.781587672,Bitcoin
bitcoin,2026-03-12,6476952.781587672,Bitcoin
bitcoin,2026-03-13,6517601.8570237355,Bitcoin
bitcoin,2026-03-13,6517601.8570237355,Bitcoin
bitcoin,2026-03-13,6517601.8570237355,Bitcoin
bitcoin,2026-03-13,6517601.8570237355,Bitcoin
bitcoin,2026-03-13,6517601.8570237355,Bitcoin
bitcoin,2026-03-14,6571729.3213031115,Bitcoin
bitcoin,2026-03-14,6571729.3213031115,Bitcoin
bitcoin,2026-03-14,6571729.3213031115,Bitcoin
bitcoin,2026-03-14,6571729.3213031115,Bitcoin
bitcoin,2026-03-14,6571729.3213031115,Bitcoin
bitcoin,2026-03-15,6593624.616147389,Bitcoin
bitcoin,2026-03-15,6593624.616147389,Bitcoin
bitcoin,2026-03-15,6593624.616147389,Bitcoin
bitcoin,2026-03-15,6593624.616147389,Bitcoin
bitcoin,2026-03-15,6593624.616147389,Bitcoin
bitcoin,2026-03-16,6727548.65801573,Bitcoin
bitcoin,2026-03-16,6727548.65801573,Bitcoin
bitcoin,2026-03-16,6727548.65801573,Bitcoin
bitcoin,2026-03-16,6727548.65801573,Bitcoin
bitcoin,2026-03-16,6727548.65801573,Bitcoin
bitcoin,2026-03-17,6906940.623961062,Bitcoin
bitcoin,2026-03-17,6906940.623961062,Bitcoin
bitcoin,2026-03-17,6906940.623961062,Bitcoin
bitcoin,2026-03-17,6906940.623961062,Bitcoin
bitcoin,2026-03-17,6906940.623961062,Bitcoin
bitcoin,2026-03-18,6829860.404015485,Bitcoin
bitcoin,2026-03-18,6829860.404015485,Bitcoin
bitcoin,2026-03-18,6829860.404015485,Bitcoin
bitcoin,2026-03-18,6829860.404015485,Bitcoin
bitcoin,2026-03-18,6829860.404015485,Bitcoin
bitcoin,2026-03-19,6639390.135900453,Bitcoin
bitcoin,2026-03-19,6639390.135900453,Bitcoin
bitcoin,2026-03-19,6639390.135900453,Bitcoin
bitcoin,2026-03-19,6639390.135900453,Bitcoin
bitcoin,2026-03-19,6639390.135900453,Bitcoin
bitcoin,2026-03-20,6504037.303025701,Bitcoin
bitcoin,2026-03-20,6504037.303025701,Bitcoin
bitcoin,2026-03-20,6504037.303025701,Bitcoin
bitcoin,2026-03-20,6504037.303025701,Bitcoin
bitcoin,2026-03-20,6504037.303025701,Bitcoin
bitcoin,2026-03-21,6635372.108167125,Bitcoin
bitcoin,2026-03-21,6635372.108167125,Bitcoin
bitcoin,2026-03-21,6635372.108167125,Bitcoin
bitcoin,2026-03-21,6635372.108167125,Bitcoin
bitcoin,2026-03-21,6635372.108167125,Bitcoin
bitcoin,2026-03-22,6461678.631620447,Bitcoin
bitcoin,2026-03-22,6461678.631620447,Bitcoin
bitcoin,2026-03-22,6461678.631620447,Bitcoin
bitcoin,2026-03-22,6461678.631620447,Bitcoin
bitcoin,2026-03-22,6461678.631620447,Bitcoin
bitcoin,2026-03-23,6364717.089252187,Bitcoin
bitcoin,2026-03-23,6364717.089252187,Bitcoin
bitcoin,2026-03-23,6364717.089252187,Bitcoin
bitcoin,2026-03-23,6364717.089252187,Bitcoin
bitcoin,2026-03-23,6364717.089252187,Bitcoin
bitcoin,2026-03-24,6614293.785503927,Bitcoin
bitcoin,2026-03-24,6614293.785503927,Bitcoin
bitcoin,2026-03-24,6614293.785503927,Bitcoin
bitcoin,2026-03-24,6614293.785503927,Bitcoin
bitcoin,2026-03-24,6614293.785503927,Bitcoin
bitcoin,2026-03-25,6649392.307315811,Bitcoin
bitcoin,2026-03-25,6649392.307315811,Bitcoin
bitcoin,2026-03-25,6649392.307315811,Bitcoin
bitcoin,2026-03-25,6649392.307315811,Bitcoin
bitcoin,2026-03-25,6649392.307315811,Bitcoin
bitcoin,2026-03-26,6712173.7324164715,Bitcoin
bitcoin,2026-03-26,6712173.7324164715,Bitcoin
bitcoin,2026-03-26,6712173.7324164715,Bitcoin
bitcoin,2026-03-26,6712173.7324164715,Bitcoin
bitcoin,2026-03-26,6712173.7324164715,Bitcoin
bitcoin,2026-03-27,6487672.4747853875,Bitcoin
bitcoin,2026-03-27,6487672.4747853875,Bitcoin
bitcoin,2026-03-27,6487672.4747853875,Bitcoin
bitcoin,2026-03-27,6487672.4747853875,Bitcoin
bitcoin,2026-03-27,6487672.4747853875,Bitcoin
bitcoin,2026-03-28,6291490.149056623,Bitcoin
bitcoin,2026-03-28,6291490.149056623,Bitcoin
bitcoin,2026-03-28,6291490.149056623,Bitcoin
bitcoin,2026-03-28,6291490.149056623,Bitcoin
bitcoin,2026-03-28,6291490.149056623,Bitcoin
bitcoin,2026-03-29,6286074.723243884,Bitcoin
bitcoin,2026-03-29,6286074.723243884,Bitcoin
bitcoin,2026-03-29,6286074.723243884,Bitcoin
bitcoin,2026-03-29,6286074.723243884,Bitcoin
bitcoin,2026-03-29,6286074.723243884,Bitcoin
bitcoin,2026-03-30,6252812.76341992,Bitcoin
bitcoin,2026-03-30,6252812.76341992,Bitcoin
bitcoin,2026-03-30,6252812.76341992,Bitcoin
bitcoin,2026-03-30,6252812.76341992,Bitcoin
bitcoin,2026-03-30,6252812.76341992,Bitcoin
bitcoin,2026-03-31,6293233.346703139,Bitcoin
bitcoin,2026-03-31,6293233.346703139,Bitcoin
bitcoin,2026-03-31,6293233.346703139,Bitcoin
bitcoin,2026-03-31,6293233.346703139,Bitcoin
bitcoin,2026-03-31,6293233.346703139,Bitcoin
bitcoin,2026-04-01,6378628.7912758235,Bitcoin
bitcoin,2026-04-01,6378628.7912758235,Bitcoin
bitcoin,2026-04-01,6378628.7912758235,Bitcoin
bitcoin,2026-04-01,6378628.7912758235,Bitcoin
bitcoin,2026-04-01,6378628.7912758235,Bitcoin
bitcoin,2026-04-02,6307964.144411761,Bitcoin
bitcoin,2026-04-02,6307964.144411761,Bitcoin
bitcoin,2026-04-02,6307964.144411761,Bitcoin
bitcoin,2026-04-02,6307964.144411761,Bitcoin
bitcoin,2026-04-02,6307964.144411761,Bitcoin
bitcoin,2026-04-03,6219175.587858993,Bitcoin
bitcoin,2026-04-03,6219175.587858993,Bitcoin
bitcoin,2026-04-03,6219175.587858993,Bitcoin
bitcoin,2026-04-03,6219175.587858993,Bitcoin
bitcoin,2026-04-03,6219175.587858993,Bitcoin
bitcoin,2026-04-04,6209570.020236374,Bitcoin
bitcoin,2026-04-04,6209570.020236374,Bitcoin
bitcoin,2026-04-04,6209570.020236374,Bitcoin
bitcoin,2026-04-04,6209570.020236374,Bitcoin
bitcoin,2026-04-04,6209570.020236374,Bitcoin
bitcoin,2026-04-05,6257848.032767002,Bitcoin
bitcoin,2026-04-05,6257848.032767002,Bitcoin
bitcoin,2026-04-05,6257848.032767002,Bitcoin
bitcoin,2026-04-05,6257848.032767002,Bitcoin
bitcoin,2026-04-05,6257848.032767002,Bitcoin
bitcoin,2026-04-06,6414170.630916693,Bitcoin
bitcoin,2026-04-06,6414170.630916693,Bitcoin
bitcoin,2026-04-06,6414170.630916693,Bitcoin
bitcoin,2026-04-06,6414170.630916693,Bitcoin
bitcoin,2026-04-06,6414170.630916693,Bitcoin
bitcoin,2026-04-07,6401867.152927511,Bitcoin
bitcoin,2026-04-07,6401867.152927511,Bitcoin
bitcoin,2026-04-07,6401867.152927511,Bitcoin
bitcoin,2026-04-07,6401867.152927511,Bitcoin
bitcoin,2026-04-07,6401867.152927511,Bitcoin
bitcoin,2026-04-08,6683688.621062967,Bitcoin
bitcoin,2026-04-08,6683688.621062967,Bitcoin
bitcoin,2026-04-08,6683688.621062967,Bitcoin
bitcoin,2026-04-08,6683688.621062967,Bitcoin
bitcoin,2026-04-08,6683688.621062967,Bitcoin
bitcoin,2026-04-09,6562922.40461313,Bitcoin
bitcoin,2026-04-09,6562922.40461313,Bitcoin
bitcoin,2026-04-09,6562922.40461313,Bitcoin
bitcoin,2026-04-09,6562922.40461313,Bitcoin
bitcoin,2026-04-09,6562922.40461313,Bitcoin
bitcoin,2026-04-10,6636645.267469073,Bitcoin
bitcoin,2026-04-10,6636645.267469073,Bitcoin
bitcoin,2026-04-10,6636645.267469073,Bitcoin
bitcoin,2026-04-10,6636645.267469073,Bitcoin
bitcoin,2026-04-10,6636645.267469073,Bitcoin
bitcoin,2026-04-11,6794200.6216164315,Bitcoin
bitcoin,2026-04-11,6794200.6216164315,Bitcoin
bitcoin,2026-04-11,6794200.6216164315,Bitcoin
bitcoin,2026-04-11,6794200.6216164315,Bitcoin
bitcoin,2026-04-11,6794200.6216164315,Bitcoin
bitcoin,2026-04-12,6801700.513610883,Bitcoin
bitcoin,2026-04-12,6801700.513610883,Bitcoin
bitcoin,2026-04-12,6801700.513610883,Bitcoin
bitcoin,2026-04-12,6801700.513610883,Bitcoin
bitcoin,2026-04-12,6801700.513610883,Bitcoin
bitcoin,2026-04-13,6685979.115010805,Bitcoin
bitcoin,2026-04-13,6685979.115010805,Bitcoin
bitcoin,2026-04-13,6685979.115010805,Bitcoin
bitcoin,2026-04-13,6685979.115010805,Bitcoin
bitcoin,2026-04-13,6685979.115010805,Bitcoin
bitcoin,2026-04-14,7073662.431479191,Bitcoin
bitcoin,2026-04-14,7073662.431479191,Bitcoin
bitcoin,2026-04-14,7073662.431479191,Bitcoin
bitcoin,2026-04-14,7073662.431479191,Bitcoin
bitcoin,2026-04-14,7073662.431479191,Bitcoin
bitcoin,2026-04-15,6911131.07709397,Bitcoin
bitcoin,2026-04-15,6911131.07709397,Bitcoin
bitcoin,2026-04-15,6911131.07709397,Bitcoin
bitcoin,2026-04-15,6911131.07709397,Bitcoin
bitcoin,2026-04-15,6911131.07709397,Bitcoin
bitcoin,2026-04-16,6988481.301043976,Bitcoin
bitcoin,2026-04-16,6988481.301043976,Bitcoin
bitcoin,2026-04-16,6988481.301043976,Bitcoin
bitcoin,2026-04-16,6988481.301043976,Bitcoin
bitcoin,2026-04-16,6988481.301043976,Bitcoin
bitcoin,2026-04-17,6992493.008957324,Bitcoin
bitcoin,2026-04-17,6992493.008957324,Bitcoin
bitcoin,2026-04-17,6992493.008957324,Bitcoin
bitcoin,2026-04-17,6992493.008957324,Bitcoin
bitcoin,2026-04-17,6992493.008957324,Bitcoin
bitcoin,2026-04-18,7142282.9730217345,Bitcoin
bitcoin,2026-04-18,7142282.9730217345,Bitcoin
bitcoin,2026-04-18,7142282.9730217345,Bitcoin
bitcoin,2026-04-18,7142282.9730217345,Bitcoin
bitcoin,2026-04-18,7142282.9730217345,Bitcoin
bitcoin,2026-04-19,7012640.787487506,Bitcoin
bitcoin,2026-04-19,7012640.787487506,Bitcoin
bitcoin,2026-04-19,7012640.787487506,Bitcoin
bitcoin,2026-04-19,7012640.787487506,Bitcoin
bitcoin,2026-04-19,7012640.787487506,Bitcoin
bitcoin,2026-04-20,6839333.548077347,Bitcoin
bitcoin,2026-04-20,6839333.548077347,Bitcoin
bitcoin,2026-04-20,6839333.548077347,Bitcoin
bitcoin,2026-04-20,6839333.548077347,Bitcoin
bitcoin,2026-04-20,6839333.548077347,Bitcoin
bitcoin,2026-04-21,7065729.10911125,Bitcoin
bitcoin,2026-04-21,7065729.10911125,Bitcoin
bitcoin,2026-04-21,7065729.10911125,Bitcoin
bitcoin,2026-04-21,7065729.10911125,Bitcoin
bitcoin,2026-04-21,7065729.10911125,Bitcoin
bitcoin,2026-04-22,7148143.539554088,Bitcoin
bitcoin,2026-04-22,7148143.539554088,Bitcoin
bitcoin,2026-04-22,7148143.539554088,Bitcoin
bitcoin,2026-04-22,7148143.539554088,Bitcoin
bitcoin,2026-04-22,7148143.539554088,Bitcoin
bitcoin,2026-04-23,7334729.558793859,Bitcoin
bitcoin,2026-04-23,7334729.558793859,Bitcoin
bitcoin,2026-04-23,7334729.558793859,Bitcoin
bitcoin,2026-04-23,7334729.558793859,Bitcoin
bitcoin,2026-04-23,7334729.558793859,Bitcoin
bitcoin,2026-04-24,7365352.684706975,Bitcoin
bitcoin,2026-04-24,7365352.684706975,Bitcoin
bitcoin,2026-04-24,7365352.684706975,Bitcoin
bitcoin,2026-04-24,7365352.684706975,Bitcoin
bitcoin,2026-04-24,7365352.684706975,Bitcoin
bitcoin,2026-04-25,7284891.168464326,Bitcoin
bitcoin,2026-04-25,7284891.168464326,Bitcoin
bitcoin,2026-04-25,7284891.168464326,Bitcoin
bitcoin,2026-04-25,7284891.168464326,Bitcoin
bitcoin,2026-04-25,7284891.168464326,Bitcoin
bitcoin,2026-04-26,7301368.80155073,Bitcoin
bitcoin,2026-04-26,7301368.80155073,Bitcoin
bitcoin,2026-04-26,7301368.80155073,Bitcoin
bitcoin,2026-04-26,7301368.80155073,Bitcoin
bitcoin,2026-04-26,7301368.80155073,Bitcoin
bitcoin,2026-04-27,7412345.556328853,Bitcoin
bitcoin,2026-04-27,7412345.556328853,Bitcoin
bitcoin,2026-04-27,7412345.556328853,Bitcoin
bitcoin,2026-04-27,7412345.556328853,Bitcoin
bitcoin,2026-04-27,7412345.556328853,Bitcoin
bitcoin,2026-04-28,7291979.197798691,Bitcoin
bitcoin,2026-04-28,7291979.197798691,Bitcoin
bitcoin,2026-04-28,7291979.197798691,Bitcoin
bitcoin,2026-04-28,7291979.197798691,Bitcoin
bitcoin,2026-04-28,7291979.197798691,Bitcoin
bitcoin,2026-04-29,7225751.022576523,Bitcoin
bitcoin,2026-04-29,7225751.022576523,Bitcoin
bitcoin,2026-04-29,7225751.022576523,Bitcoin
bitcoin,2026-04-29,7225751.022576523,Bitcoin
bitcoin,2026-04-29,7225751.022576523,Bitcoin
bitcoin,2026-04-30,7192314.200703767,Bitcoin
bitcoin,2026-04-30,7192314.200703767,Bitcoin
bitcoin,2026-04-30,7192314.200703767,Bitcoin
bitcoin,2026-04-30,7192314.200703767,Bitcoin
bitcoin,2026-04-30,7192314.200703767,Bitcoin
bitcoin,2026-05-01,7228865.850329309,Bitcoin
bitcoin,2026-05-01,7228865.850329309,Bitcoin
bitcoin,2026-05-01,7228865.850329309,Bitcoin
bitcoin,2026-05-01,7228865.850329309,Bitcoin
bitcoin,2026-05-01,7228865.850329309,Bitcoin
bitcoin,2026-05-02,7417877.106798627,Bitcoin
bitcoin,2026-05-02,7417877.106798627,Bitcoin
bitcoin,2026-05-02,7417877.106798627,Bitcoin
bitcoin,2026-05-02,7417877.106798627,Bitcoin
bitcoin,2026-05-02,7417877.106798627,Bitcoin
bitcoin,2026-05-03,7465219.196657779,Bitcoin
bitcoin,2026-05-03,7465219.196657779,Bitcoin
bitcoin,2026-05-03,7465219.196657779,Bitcoin
bitcoin,2026-05-03,7465219.196657779,Bitcoin
bitcoin,2026-05-03,7465219.196657779,Bitcoin
bitcoin,2026-05-04,7456410.950895795,Bitcoin
bitcoin,2026-05-04,7456410.950895795,Bitcoin
bitcoin,2026-05-04,7456410.950895795,Bitcoin
bitcoin,2026-05-04,7456410.950895795,Bitcoin
bitcoin,2026-05-04,7456410.950895795,Bitcoin
bitcoin,2026-05-05,7603972.251116524,Bitcoin
bitcoin,2026-05-05,7603972.251116524,Bitcoin
bitcoin,2026-05-05,7603972.251116524,Bitcoin
bitcoin,2026-05-05,7603972.251116524,Bitcoin
bitcoin,2026-05-05,7603972.251116524,Bitcoin
bitcoin,2026-05-06,7697655.602279161,Bitcoin
bitcoin,2026-05-06,7697655.602279161,Bitcoin
bitcoin,2026-05-06,7697655.602279161,Bitcoin
bitcoin,2026-05-06,7697655.602279161,Bitcoin
bitcoin,2026-05-06,7697655.602279161,Bitcoin
bitcoin,2026-05-07,7698492.925461688,Bitcoin
bitcoin,2026-05-07,7698492.925461688,Bitcoin
bitcoin,2026-05-07,7698492.925461688,Bitcoin
bitcoin,2026-05-07,7698492.925461688,Bitcoin
bitcoin,2026-05-07,7698492.925461688,Bitcoin
bitcoin,2026-05-08,7542918.579516168,Bitcoin
bitcoin,2026-05-08,7542918.579516168,Bitcoin
bitcoin,2026-05-08,7542918.579516168,Bitcoin
bitcoin,2026-05-08,7542918.579516168,Bitcoin
bitcoin,2026-05-08,7542918.579516168,Bitcoin
bitcoin,2026-05-09,7571892.400148334,Bitcoin
bitcoin,2026-05-09,7571892.400148334,Bitcoin
bitcoin,2026-05-09,7571892.400148334,Bitcoin
bitcoin,2026-05-09,7571892.400148334,Bitcoin
bitcoin,2026-05-09,7571892.400148334,Bitcoin
bitcoin,2026-05-10,7618063.532725338,Bitcoin
bitcoin,2026-05-10,7618063.532725338,Bitcoin
bitcoin,2026-05-10,7618063.532725338,Bitcoin
bitcoin,2026-05-10,7618063.532725338,Bitcoin
bitcoin,2026-05-10,7618063.532725338,Bitcoin
bitcoin,2026-05-11,7756648.343564863,Bitcoin
bitcoin,2026-05-11,7756648.343564863,Bitcoin
bitcoin,2026-05-11,7756648.343564863,Bitcoin
bitcoin,2026-05-11,7756648.343564863,Bitcoin
bitcoin,2026-05-11,7756648.343564863,Bitcoin
bitcoin,2026-05-12,7795901.593467104,Bitcoin
bitcoin,2026-05-12,7795901.593467104,Bitcoin
bitcoin,2026-05-12,7795901.593467104,Bitcoin
bitcoin,2026-05-12,7795901.593467104,Bitcoin
bitcoin,2026-05-12,7795901.593467104,Bitcoin
bitcoin,2026-05-13,7697232.982407427,Bitcoin
bitcoin,2026-05-13,7697232.982407427,Bitcoin
bitcoin,2026-05-13,7697232.982407427,Bitcoin
bitcoin,2026-05-13,7697232.982407427,Bitcoin
bitcoin,2026-05-13,7697232.982407427,Bitcoin
bitcoin,2026-05-14,7586573.537859392,Bitcoin
bitcoin,2026-05-14,7586573.537859392,Bitcoin
bitcoin,2026-05-14,7586573.537859392,Bitcoin
bitcoin,2026-05-14,7586573.537859392,Bitcoin
bitcoin,2026-05-14,7586573.537859392,Bitcoin
bitcoin,2026-05-15,7757493.3873965945,Bitcoin
bitcoin,2026-05-15,7757493.3873965945,Bitcoin
bitcoin,2026-05-15,7757493.3873965945,Bitcoin
bitcoin,2026-05-15,7757493.3873965945,Bitcoin
bitcoin,2026-05-15,7757493.3873965945,Bitcoin
bitcoin,2026-05-16,7590843.949543865,Bitcoin
bitcoin,2026-05-16,7590843.949543865,Bitcoin
bitcoin,2026-05-16,7590843.949543865,Bitcoin
bitcoin,2026-05-16,7590843.949543865,Bitcoin
bitcoin,2026-05-16,7590843.949543865,Bitcoin
bitcoin,2026-05-17,7503070.600337917,Bitcoin
bitcoin,2026-05-17,7503070.600337917,Bitcoin
bitcoin,2026-05-17,7503070.600337917,Bitcoin
bitcoin,2026-05-17,7503070.600337917,Bitcoin
bitcoin,2026-05-17,7503070.600337917,Bitcoin
bitcoin,2026-05-18,7430585.916040752,Bitcoin
bitcoin,2026-05-18,7430585.916040752,Bitcoin
bitcoin,2026-05-18,7430585.916040752,Bitcoin
bitcoin,2026-05-18,7430585.916040752,Bitcoin
bitcoin,2026-05-18,7430585.916040752,Bitcoin
bitcoin,2026-05-19,7408220.505409941,Bitcoin
bitcoin,2026-05-19,7408220.505409941,Bitcoin
bitcoin,2026-05-19,7408220.505409941,Bitcoin
bitcoin,2026-05-19,7408220.505409941,Bitcoin
bitcoin,2026-05-19,7408220.505409941,Bitcoin
bitcoin,2026-05-20,7417123.901127137,Bitcoin
bitcoin,2026-05-20,7417123.901127137,Bitcoin
bitcoin,2026-05-20,7417123.901127137,Bitcoin
bitcoin,2026-05-20,7417123.901127137,Bitcoin
bitcoin,2026-05-20,7417123.901127137,Bitcoin
bitcoin,2026-05-21,7477092.237761773,Bitcoin
bitcoin,2026-05-21,7477092.237761773,Bitcoin
bitcoin,2026-05-21,7477092.237761773,Bitcoin
bitcoin,2026-05-21,7477092.237761773,Bitcoin
bitcoin,2026-05-21,7477092.237761773,Bitcoin
bitcoin,2026-05-22,7457952.876748778,Bitcoin
bitcoin,2026-05-22,7457952.876748778,Bitcoin
bitcoin,2026-05-22,7457952.876748778,Bitcoin
bitcoin,2026-05-22,7457952.876748778,Bitcoin
bitcoin,2026-05-22,7457952.876748778,Bitcoin
bitcoin,2026-05-23,7225168.156497625,Bitcoin
bitcoin,2026-05-23,7225168.156497625,Bitcoin
bitcoin,2026-05-23,7225168.156497625,Bitcoin
bitcoin,2026-05-23,7225168.156497625,Bitcoin
bitcoin,2026-05-23,7225168.156497625,Bitcoin
bitcoin,2026-05-24,7337622.852549568,Bitcoin
bitcoin,2026-05-24,7337622.852549568,Bitcoin
bitcoin,2026-05-24,7337622.852549568,Bitcoin
bitcoin,2026-05-24,7337622.852549568,Bitcoin
bitcoin,2026-05-24,7337622.852549568,Bitcoin
bitcoin,2026-05-25,7369287.471881351,Bitcoin
bitcoin,2026-05-25,7369287.471881351,Bitcoin
bitcoin,2026-05-25,7369287.471881351,Bitcoin
bitcoin,2026-05-25,7369287.471881351,Bitcoin
bitcoin,2026-05-25,7369287.471881351,Bitcoin
bitcoin,2026-05-26,7360618.568158094,Bitcoin
bitcoin,2026-05-26,7360618.568158094,Bitcoin
bitcoin,2026-05-26,7360618.568158094,Bitcoin
bitcoin,2026-05-26,7360618.568158094,Bitcoin
bitcoin,2026-05-26,7360618.568158094,Bitcoin
bitcoin,2026-05-27,7283830.127183205,Bitcoin
bitcoin,2026-05-27,7283830.127183205,Bitcoin
bitcoin,2026-05-27,7283830.127183205,Bitcoin
bitcoin,2026-05-27,7283830.127183205,Bitcoin
bitcoin,2026-05-27,7283830.127183205,Bitcoin
bitcoin,2026-05-28,7148305.685131139,Bitcoin
bitcoin,2026-05-28,7148305.685131139,Bitcoin
bitcoin,2026-05-28,7148305.685131139,Bitcoin
bitcoin,2026-05-28,7148305.685131139,Bitcoin
bitcoin,2026-05-28,7148305.685131139,Bitcoin
bitcoin,2026-05-29,7047782.6729114475,Bitcoin
bitcoin,2026-05-29,7047782.6729114475,Bitcoin
bitcoin,2026-05-29,7047782.6729114475,Bitcoin
bitcoin,2026-05-29,7047782.6729114475,Bitcoin
bitcoin,2026-05-29,7047782.6729114475,Bitcoin
bitcoin,2026-05-30,6972572.723842387,Bitcoin
bitcoin,2026-05-30,6972572.723842387,Bitcoin
bitcoin,2026-05-30,6972572.723842387,Bitcoin
bitcoin,2026-05-30,6972572.723842387,Bitcoin
bitcoin,2026-05-30,6972572.723842387,Bitcoin
bitcoin,2026-05-31,7011112.079392844,Bitcoin
bitcoin,2026-05-31,7011112.079392844,Bitcoin
bitcoin,2026-05-31,7011112.079392844,Bitcoin
bitcoin,2026-05-31,7011112.079392844,Bitcoin
bitcoin,2026-05-31,7011112.079392844,Bitcoin
bitcoin,2026-06-01,6992466.216201578,Bitcoin
bitcoin,2026-06-01,6992466.216201578,Bitcoin
bitcoin,2026-06-01,6992466.216201578,Bitcoin
bitcoin,2026-06-01,6992466.216201578,Bitcoin
bitcoin,2026-06-01,6992466.216201578,Bitcoin
bitcoin,2026-06-01,6908149.025971859,Bitcoin
bitcoin,2026-06-01,6908149.025971859,Bitcoin
bitcoin,2026-06-01,6908149.025971859,Bitcoin
bitcoin,2026-06-01,6908149.025971859,Bitcoin
bitcoin,2026-06-01,6908149.025971859,Bitcoin
ethereum,2025-06-02,217089.5740742275,Ethereum
ethereum,2025-06-02,217089.5740742275,Ethereum
ethereum,2025-06-02,217089.5740742275,Ethereum
ethereum,2025-06-02,217089.5740742275,Ethereum
ethereum,2025-06-02,217089.5740742275,Ethereum
ethereum,2025-06-03,222777.49872829148,Ethereum
ethereum,2025-06-03,222777.49872829148,Ethereum
ethereum,2025-06-03,222777.49872829148,Ethereum
ethereum,2025-06-03,222777.49872829148,Ethereum
ethereum,2025-06-03,222777.49872829148,Ethereum
ethereum,2025-06-04,222455.17860950096,Ethereum
ethereum,2025-06-04,222455.17860950096,Ethereum
ethereum,2025-06-04,222455.17860950096,Ethereum
ethereum,2025-06-04,222455.17860950096,Ethereum
ethereum,2025-06-04,222455.17860950096,Ethereum
ethereum,2025-06-05,224236.44416331983,Ethereum
ethereum,2025-06-05,224236.44416331983,Ethereum
ethereum,2025-06-05,224236.44416331983,Ethereum
ethereum,2025-06-05,224236.44416331983,Ethereum
ethereum,2025-06-05,224236.44416331983,Ethereum
ethereum,2025-06-06,207961.65418872624,Ethereum
ethereum,2025-06-06,207961.65418872624,Ethereum
ethereum,2025-06-06,207961.65418872624,Ethereum
ethereum,2025-06-06,207961.65418872624,Ethereum
ethereum,2025-06-06,207961.65418872624,Ethereum
ethereum,2025-06-07,212876.9182145838,Ethereum
ethereum,2025-06-07,212876.9182145838,Ethereum
ethereum,2025-06-07,212876.9182145838,Ethereum
ethereum,2025-06-07,212876.9182145838,Ethereum
ethereum,2025-06-07,212876.9182145838,Ethereum
ethereum,2025-06-08,216727.81140618862,Ethereum
ethereum,2025-06-08,216727.81140618862,Ethereum
ethereum,2025-06-08,216727.81140618862,Ethereum
ethereum,2025-06-08,216727.81140618862,Ethereum
ethereum,2025-06-08,216727.81140618862,Ethereum
ethereum,2025-06-09,215217.42336418747,Ethereum
ethereum,2025-06-09,215217.42336418747,Ethereum
ethereum,2025-06-09,215217.42336418747,Ethereum
ethereum,2025-06-09,215217.42336418747,Ethereum
ethereum,2025-06-09,215217.42336418747,Ethereum
ethereum,2025-06-10,230255.54711844953,Ethereum
ethereum,2025-06-10,230255.54711844953,Ethereum
ethereum,2025-06-10,230255.54711844953,Ethereum
ethereum,2025-06-10,230255.54711844953,Ethereum
ethereum,2025-06-10,230255.54711844953,Ethereum
ethereum,2025-06-11,240556.86572695823,Ethereum
ethereum,2025-06-11,240556.86572695823,Ethereum
ethereum,2025-06-11,240556.86572695823,Ethereum
ethereum,2025-06-11,240556.86572695823,Ethereum
ethereum,2025-06-11,240556.86572695823,Ethereum
ethereum,2025-06-12,237276.58179525606,Ethereum
ethereum,2025-06-12,237276.58179525606,Ethereum
ethereum,2025-06-12,237276.58179525606,Ethereum
ethereum,2025-06-12,237276.58179525606,Ethereum
ethereum,2025-06-12,237276.58179525606,Ethereum
ethereum,2025-06-13,227345.61024210224,Ethereum
ethereum,2025-06-13,227345.61024210224,Ethereum
ethereum,2025-06-13,227345.61024210224,Ethereum
ethereum,2025-06-13,227345.61024210224,Ethereum
ethereum,2025-06-13,227345.61024210224,Ethereum
ethereum,2025-06-14,221936.8494721614,Ethereum
ethereum,2025-06-14,221936.8494721614,Ethereum
ethereum,2025-06-14,221936.8494721614,Ethereum
ethereum,2025-06-14,221936.8494721614,Ethereum
ethereum,2025-06-14,221936.8494721614,Ethereum
ethereum,2025-06-15,218235.52611319744,Ethereum
ethereum,2025-06-15,218235.52611319744,Ethereum
ethereum,2025-06-15,218235.52611319744,Ethereum
ethereum,2025-06-15,218235.52611319744,Ethereum
ethereum,2025-06-15,218235.52611319744,Ethereum
ethereum,2025-06-16,219421.86983518038,Ethereum
ethereum,2025-06-16,219421.86983518038,Ethereum
ethereum,2025-06-16,219421.86983518038,Ethereum
ethereum,2025-06-16,219421.86983518038,Ethereum
ethereum,2025-06-16,219421.86983518038,Ethereum
ethereum,2025-06-17,220541.89744913176,Ethereum
ethereum,2025-06-17,220541.89744913176,Ethereum
ethereum,2025-06-17,220541.89744913176,Ethereum
ethereum,2025-06-17,220541.89744913176,Ethereum
ethereum,2025-06-17,220541.89744913176,Ethereum
ethereum,2025-06-18,217182.0562912451,Ethereum
ethereum,2025-06-18,217182.0562912451,Ethereum
ethereum,2025-06-18,217182.0562912451,Ethereum
ethereum,2025-06-18,217182.0562912451,Ethereum
ethereum,2025-06-18,217182.0562912451,Ethereum
ethereum,2025-06-19,218382.42014738446,Ethereum
ethereum,2025-06-19,218382.42014738446,Ethereum
ethereum,2025-06-19,218382.42014738446,Ethereum
ethereum,2025-06-19,218382.42014738446,Ethereum
ethereum,2025-06-19,218382.42014738446,Ethereum
ethereum,2025-06-20,218767.0130883784,Ethereum
ethereum,2025-06-20,218767.0130883784,Ethereum
ethereum,2025-06-20,218767.0130883784,Ethereum
ethereum,2025-06-20,218767.0130883784,Ethereum
ethereum,2025-06-20,218767.0130883784,Ethereum
ethereum,2025-06-21,208337.07852694736,Ethereum
ethereum,2025-06-21,208337.07852694736,Ethereum
ethereum,2025-06-21,208337.07852694736,Ethereum
ethereum,2025-06-21,208337.07852694736,Ethereum
ethereum,2025-06-21,208337.07852694736,Ethereum
ethereum,2025-06-22,196636.0383307714,Ethereum
ethereum,2025-06-22,196636.0383307714,Ethereum
ethereum,2025-06-22,196636.0383307714,Ethereum
ethereum,2025-06-22,196636.0383307714,Ethereum
ethereum,2025-06-22,196636.0383307714,Ethereum
ethereum,2025-06-23,192852.03096719063,Ethereum
ethereum,2025-06-23,192852.03096719063,Ethereum
ethereum,2025-06-23,192852.03096719063,Ethereum
ethereum,2025-06-23,192852.03096719063,Ethereum
ethereum,2025-06-23,192852.03096719063,Ethereum
ethereum,2025-06-24,209315.24780590468,Ethereum
ethereum,2025-06-24,209315.24780590468,Ethereum
ethereum,2025-06-24,209315.24780590468,Ethereum
ethereum,2025-06-24,209315.24780590468,Ethereum
ethereum,2025-06-24,209315.24780590468,Ethereum
ethereum,2025-06-25,210338.28060317386,Ethereum
ethereum,2025-06-25,210338.28060317386,Ethereum
ethereum,2025-06-25,210338.28060317386,Ethereum
ethereum,2025-06-25,210338.28060317386,Ethereum
ethereum,2025-06-25,210338.28060317386,Ethereum
ethereum,2025-06-26,207894.42363255343,Ethereum
ethereum,2025-06-26,207894.42363255343,Ethereum
ethereum,2025-06-26,207894.42363255343,Ethereum
ethereum,2025-06-26,207894.42363255343,Ethereum
ethereum,2025-06-26,207894.42363255343,Ethereum
ethereum,2025-06-27,206903.99097231845,Ethereum
ethereum,2025-06-27,206903.99097231845,Ethereum
ethereum,2025-06-27,206903.99097231845,Ethereum
ethereum,2025-06-27,206903.99097231845,Ethereum
ethereum,2025-06-27,206903.99097231845,Ethereum
ethereum,2025-06-28,207191.0496905718,Ethereum
ethereum,2025-06-28,207191.0496905718,Ethereum
ethereum,2025-06-28,207191.0496905718,Ethereum
ethereum,2025-06-28,207191.0496905718,Ethereum
ethereum,2025-06-28,207191.0496905718,Ethereum
ethereum,2025-06-29,208396.95938860573,Ethereum
ethereum,2025-06-29,208396.95938860573,Ethereum
ethereum,2025-06-29,208396.95938860573,Ethereum
ethereum,2025-06-29,208396.95938860573,Ethereum
ethereum,2025-06-29,208396.95938860573,Ethereum
ethereum,2025-06-30,213866.80820581852,Ethereum
ethereum,2025-06-30,213866.80820581852,Ethereum
ethereum,2025-06-30,213866.80820581852,Ethereum
ethereum,2025-06-30,213866.80820581852,Ethereum
ethereum,2025-06-30,213866.80820581852,Ethereum
ethereum,2025-07-01,213247.902753943,Ethereum
ethereum,2025-07-01,213247.902753943,Ethereum
ethereum,2025-07-01,213247.902753943,Ethereum
ethereum,2025-07-01,213247.902753943,Ethereum
ethereum,2025-07-01,213247.902753943,Ethereum
ethereum,2025-07-02,206191.53795072352,Ethereum
ethereum,2025-07-02,206191.53795072352,Ethereum
ethereum,2025-07-02,206191.53795072352,Ethereum
ethereum,2025-07-02,206191.53795072352,Ethereum
ethereum,2025-07-02,206191.53795072352,Ethereum
ethereum,2025-07-03,220583.0677146267,Ethereum
ethereum,2025-07-03,220583.0677146267,Ethereum
ethereum,2025-07-03,220583.0677146267,Ethereum
ethereum,2025-07-03,220583.0677146267,Ethereum
ethereum,2025-07-03,220583.0677146267,Ethereum
ethereum,2025-07-04,221209.20718607036,Ethereum
ethereum,2025-07-04,221209.20718607036,Ethereum
ethereum,2025-07-04,221209.20718607036,Ethereum
ethereum,2025-07-04,221209.20718607036,Ethereum
ethereum,2025-07-04,221209.20718607036,Ethereum
ethereum,2025-07-05,214841.71925105614,Ethereum
ethereum,2025-07-05,214841.71925105614,Ethereum
ethereum,2025-07-05,214841.71925105614,Ethereum
ethereum,2025-07-05,214841.71925105614,Ethereum
ethereum,2025-07-05,214841.71925105614,Ethereum
ethereum,2025-07-06,215995.5389160479,Ethereum
ethereum,2025-07-06,215995.5389160479,Ethereum
ethereum,2025-07-06,215995.5389160479,Ethereum
ethereum,2025-07-06,215995.5389160479,Ethereum
ethereum,2025-07-06,215995.5389160479,Ethereum
ethereum,2025-07-07,219842.28509645213,Ethereum
ethereum,2025-07-07,219842.28509645213,Ethereum
ethereum,2025-07-07,219842.28509645213,Ethereum
ethereum,2025-07-07,219842.28509645213,Ethereum
ethereum,2025-07-07,219842.28509645213,Ethereum
ethereum,2025-07-08,218478.50703220506,Ethereum
ethereum,2025-07-08,218478.50703220506,Ethereum
ethereum,2025-07-08,218478.50703220506,Ethereum
ethereum,2025-07-08,218478.50703220506,Ethereum
ethereum,2025-07-08,218478.50703220506,Ethereum
ethereum,2025-07-09,224192.01293457407,Ethereum
ethereum,2025-07-09,224192.01293457407,Ethereum
ethereum,2025-07-09,224192.01293457407,Ethereum
ethereum,2025-07-09,224192.01293457407,Ethereum
ethereum,2025-07-09,224192.01293457407,Ethereum
ethereum,2025-07-10,237634.3285912139,Ethereum
ethereum,2025-07-10,237634.3285912139,Ethereum
ethereum,2025-07-10,237634.3285912139,Ethereum
ethereum,2025-07-10,237634.3285912139,Ethereum
ethereum,2025-07-10,237634.3285912139,Ethereum
ethereum,2025-07-11,252785.18261104374,Ethereum
ethereum,2025-07-11,252785.18261104374,Ethereum
ethereum,2025-07-11,252785.18261104374,Ethereum
ethereum,2025-07-11,252785.18261104374,Ethereum
ethereum,2025-07-11,252785.18261104374,Ethereum
ethereum,2025-07-12,253963.71411998925,Ethereum
ethereum,2025-07-12,253963.71411998925,Ethereum
ethereum,2025-07-12,253963.71411998925,Ethereum
ethereum,2025-07-12,253963.71411998925,Ethereum
ethereum,2025-07-12,253963.71411998925,Ethereum
ethereum,2025-07-13,252599.85968309751,Ethereum
ethereum,2025-07-13,252599.85968309751,Ethereum
ethereum,2025-07-13,252599.85968309751,Ethereum
ethereum,2025-07-13,252599.85968309751,Ethereum
ethereum,2025-07-13,252599.85968309751,Ethereum
ethereum,2025-07-14,255256.0749124428,Ethereum
ethereum,2025-07-14,255256.0749124428,Ethereum
ethereum,2025-07-14,255256.0749124428,Ethereum
ethereum,2025-07-14,255256.0749124428,Ethereum
ethereum,2025-07-14,255256.0749124428,Ethereum
ethereum,2025-07-15,258953.02296009834,Ethereum
ethereum,2025-07-15,258953.02296009834,Ethereum
ethereum,2025-07-15,258953.02296009834,Ethereum
ethereum,2025-07-15,258953.02296009834,Ethereum
ethereum,2025-07-15,258953.02296009834,Ethereum
ethereum,2025-07-16,269423.17285168904,Ethereum
ethereum,2025-07-16,269423.17285168904,Ethereum
ethereum,2025-07-16,269423.17285168904,Ethereum
ethereum,2025-07-16,269423.17285168904,Ethereum
ethereum,2025-07-16,269423.17285168904,Ethereum
ethereum,2025-07-17,289273.06195820443,Ethereum
ethereum,2025-07-17,289273.06195820443,Ethereum
ethereum,2025-07-17,289273.06195820443,Ethereum
ethereum,2025-07-17,289273.06195820443,Ethereum
ethereum,2025-07-17,289273.06195820443,Ethereum
ethereum,2025-07-18,299604.7001320289,Ethereum
ethereum,2025-07-18,299604.7001320289,Ethereum
ethereum,2025-07-18,299604.7001320289,Ethereum
ethereum,2025-07-18,299604.7001320289,Ethereum
ethereum,2025-07-18,299604.7001320289,Ethereum
ethereum,2025-07-19,305580.9799247014,Ethereum
ethereum,2025-07-19,305580.9799247014,Ethereum
ethereum,2025-07-19,305580.9799247014,Ethereum
ethereum,2025-07-19,305580.9799247014,Ethereum
ethereum,2025-07-19,305580.9799247014,Ethereum
ethereum,2025-07-20,309629.88231970003,Ethereum
ethereum,2025-07-20,309629.88231970003,Ethereum
ethereum,2025-07-20,309629.88231970003,Ethereum
ethereum,2025-07-20,309629.88231970003,Ethereum
ethereum,2025-07-20,309629.88231970003,Ethereum
ethereum,2025-07-21,323799.5635112756,Ethereum
ethereum,2025-07-21,323799.5635112756,Ethereum
ethereum,2025-07-21,323799.5635112756,Ethereum
ethereum,2025-07-21,323799.5635112756,Ethereum
ethereum,2025-07-21,323799.5635112756,Ethereum
ethereum,2025-07-22,324888.02667051577,Ethereum
ethereum,2025-07-22,324888.02667051577,Ethereum
ethereum,2025-07-22,324888.02667051577,Ethereum
ethereum,2025-07-22,324888.02667051577,Ethereum
ethereum,2025-07-22,324888.02667051577,Ethereum
ethereum,2025-07-23,323522.2855073287,Ethereum
ethereum,2025-07-23,323522.2855073287,Ethereum
ethereum,2025-07-23,323522.2855073287,Ethereum
ethereum,2025-07-23,323522.2855073287,Ethereum
ethereum,2025-07-23,323522.2855073287,Ethereum
ethereum,2025-07-24,313632.80993368995,Ethereum
ethereum,2025-07-24,313632.80993368995,Ethereum
ethereum,2025-07-24,313632.80993368995,Ethereum
ethereum,2025-07-24,313632.80993368995,Ethereum
ethereum,2025-07-24,313632.80993368995,Ethereum
ethereum,2025-07-25,320521.28663827025,Ethereum
ethereum,2025-07-25,320521.28663827025,Ethereum
ethereum,2025-07-25,320521.28663827025,Ethereum
ethereum,2025-07-25,320521.28663827025,Ethereum
ethereum,2025-07-25,320521.28663827025,Ethereum
ethereum,2025-07-26,322067.53188592376,Ethereum
ethereum,2025-07-26,322067.53188592376,Ethereum
ethereum,2025-07-26,322067.53188592376,Ethereum
ethereum,2025-07-26,322067.53188592376,Ethereum
ethereum,2025-07-26,322067.53188592376,Ethereum
ethereum,2025-07-27,323729.6744159729,Ethereum
ethereum,2025-07-27,323729.6744159729,Ethereum
ethereum,2025-07-27,323729.6744159729,Ethereum
ethereum,2025-07-27,323729.6744159729,Ethereum
ethereum,2025-07-27,323729.6744159729,Ethereum
ethereum,2025-07-28,334271.3356334813,Ethereum
ethereum,2025-07-28,334271.3356334813,Ethereum
ethereum,2025-07-28,334271.3356334813,Ethereum
ethereum,2025-07-28,334271.3356334813,Ethereum
ethereum,2025-07-28,334271.3356334813,Ethereum
ethereum,2025-07-29,328567.3072022601,Ethereum
ethereum,2025-07-29,328567.3072022601,Ethereum
ethereum,2025-07-29,328567.3072022601,Ethereum
ethereum,2025-07-29,328567.3072022601,Ethereum
ethereum,2025-07-29,328567.3072022601,Ethereum
ethereum,2025-07-30,329848.44489638496,Ethereum
ethereum,2025-07-30,329848.44489638496,Ethereum
ethereum,2025-07-30,329848.44489638496,Ethereum
ethereum,2025-07-30,329848.44489638496,Ethereum
ethereum,2025-07-30,329848.44489638496,Ethereum
ethereum,2025-07-31,333798.49786685634,Ethereum
ethereum,2025-07-31,333798.49786685634,Ethereum
ethereum,2025-07-31,333798.49786685634,Ethereum
ethereum,2025-07-31,333798.49786685634,Ethereum
ethereum,2025-07-31,333798.49786685634,Ethereum
ethereum,2025-08-01,323419.73918441863,Ethereum
ethereum,2025-08-01,323419.73918441863,Ethereum
ethereum,2025-08-01,323419.73918441863,Ethereum
ethereum,2025-08-01,323419.73918441863,Ethereum
ethereum,2025-08-01,323419.73918441863,Ethereum
ethereum,2025-08-02,303617.9116663577,Ethereum
ethereum,2025-08-02,303617.9116663577,Ethereum
ethereum,2025-08-02,303617.9116663577,Ethereum
ethereum,2025-08-02,303617.9116663577,Ethereum
ethereum,2025-08-02,303617.9116663577,Ethereum
ethereum,2025-08-03,296151.6805356246,Ethereum
ethereum,2025-08-03,296151.6805356246,Ethereum
ethereum,2025-08-03,296151.6805356246,Ethereum
ethereum,2025-08-03,296151.6805356246,Ethereum
ethereum,2025-08-03,296151.6805356246,Ethereum
ethereum,2025-08-04,305147.6597239278,Ethereum
ethereum,2025-08-04,305147.6597239278,Ethereum
ethereum,2025-08-04,305147.6597239278,Ethereum
ethereum,2025-08-04,305147.6597239278,Ethereum
ethereum,2025-08-04,305147.6597239278,Ethereum
ethereum,2025-08-05,326586.85608261486,Ethereum
ethereum,2025-08-05,326586.85608261486,Ethereum
ethereum,2025-08-05,326586.85608261486,Ethereum
ethereum,2025-08-05,326586.85608261486,Ethereum
ethereum,2025-08-05,326586.85608261486,Ethereum
ethereum,2025-08-06,316895.55183794844,Ethereum
ethereum,2025-08-06,316895.55183794844,Ethereum
ethereum,2025-08-06,316895.55183794844,Ethereum
ethereum,2025-08-06,316895.55183794844,Ethereum
ethereum,2025-08-06,316895.55183794844,Ethereum
ethereum,2025-08-07,323322.0010279766,Ethereum
ethereum,2025-08-07,323322.0010279766,Ethereum
ethereum,2025-08-07,323322.0010279766,Ethereum
ethereum,2025-08-07,323322.0010279766,Ethereum
ethereum,2025-08-07,323322.0010279766,Ethereum
ethereum,2025-08-08,341975.0422938313,Ethereum
ethereum,2025-08-08,341975.0422938313,Ethereum
ethereum,2025-08-08,341975.0422938313,Ethereum
ethereum,2025-08-08,341975.0422938313,Ethereum
ethereum,2025-08-08,341975.0422938313,Ethereum
ethereum,2025-08-09,352049.4403810017,Ethereum
ethereum,2025-08-09,352049.4403810017,Ethereum
ethereum,2025-08-09,352049.4403810017,Ethereum
ethereum,2025-08-09,352049.4403810017,Ethereum
ethereum,2025-08-09,352049.4403810017,Ethereum
ethereum,2025-08-10,374193.3376648639,Ethereum
ethereum,2025-08-10,374193.3376648639,Ethereum
ethereum,2025-08-10,374193.3376648639,Ethereum
ethereum,2025-08-10,374193.3376648639,Ethereum
ethereum,2025-08-10,374193.3376648639,Ethereum
ethereum,2025-08-11,372140.5970629246,Ethereum
ethereum,2025-08-11,372140.5970629246,Ethereum
ethereum,2025-08-11,372140.5970629246,Ethereum
ethereum,2025-08-11,372140.5970629246,Ethereum
ethereum,2025-08-11,372140.5970629246,Ethereum
ethereum,2025-08-12,370718.8174494866,Ethereum
ethereum,2025-08-12,370718.8174494866,Ethereum
ethereum,2025-08-12,370718.8174494866,Ethereum
ethereum,2025-08-12,370718.8174494866,Ethereum
ethereum,2025-08-12,370718.8174494866,Ethereum
ethereum,2025-08-13,403547.06190802733,Ethereum
ethereum,2025-08-13,403547.06190802733,Ethereum
ethereum,2025-08-13,403547.06190802733,Ethereum
ethereum,2025-08-13,403547.06190802733,Ethereum
ethereum,2025-08-13,403547.06190802733,Ethereum
ethereum,2025-08-14,416582.6051270567,Ethereum
ethereum,2025-08-14,416582.6051270567,Ethereum
ethereum,2025-08-14,416582.6051270567,Ethereum
ethereum,2025-08-14,416582.6051270567,Ethereum
ethereum,2025-08-14,416582.6051270567,Ethereum
ethereum,2025-08-15,399375.2127189976,Ethereum
ethereum,2025-08-15,399375.2127189976,Ethereum
ethereum,2025-08-15,399375.2127189976,Ethereum
ethereum,2025-08-15,399375.2127189976,Ethereum
ethereum,2025-08-15,399375.2127189976,Ethereum
ethereum,2025-08-16,387732.95356370165,Ethereum
ethereum,2025-08-16,387732.95356370165,Ethereum
ethereum,2025-08-16,387732.95356370165,Ethereum
ethereum,2025-08-16,387732.95356370165,Ethereum
ethereum,2025-08-16,387732.95356370165,Ethereum
ethereum,2025-08-17,387408.6664674909,Ethereum
ethereum,2025-08-17,387408.6664674909,Ethereum
ethereum,2025-08-17,387408.6664674909,Ethereum
ethereum,2025-08-17,387408.6664674909,Ethereum
ethereum,2025-08-17,387408.6664674909,Ethereum
ethereum,2025-08-18,392681.4189909559,Ethereum
ethereum,2025-08-18,392681.4189909559,Ethereum
ethereum,2025-08-18,392681.4189909559,Ethereum
ethereum,2025-08-18,392681.4189909559,Ethereum
ethereum,2025-08-18,392681.4189909559,Ethereum
ethereum,2025-08-19,376878.0982824829,Ethereum
ethereum,2025-08-19,376878.0982824829,Ethereum
ethereum,2025-08-19,376878.0982824829,Ethereum
ethereum,2025-08-19,376878.0982824829,Ethereum
ethereum,2025-08-19,376878.0982824829,Ethereum
ethereum,2025-08-20,354772.70430919825,Ethereum
ethereum,2025-08-20,354772.70430919825,Ethereum
ethereum,2025-08-20,354772.70430919825,Ethereum
ethereum,2025-08-20,354772.70430919825,Ethereum
ethereum,2025-08-20,354772.70430919825,Ethereum
ethereum,2025-08-21,376832.66666282027,Ethereum
ethereum,2025-08-21,376832.66666282027,Ethereum
ethereum,2025-08-21,376832.66666282027,Ethereum
ethereum,2025-08-21,376832.66666282027,Ethereum
ethereum,2025-08-21,376832.66666282027,Ethereum
ethereum,2025-08-22,368766.6639472321,Ethereum
ethereum,2025-08-22,368766.6639472321,Ethereum
ethereum,2025-08-22,368766.6639472321,Ethereum
ethereum,2025-08-22,368766.6639472321,Ethereum
ethereum,2025-08-22,368766.6639472321,Ethereum
ethereum,2025-08-23,421737.4738716338,Ethereum
ethereum,2025-08-23,421737.4738716338,Ethereum
ethereum,2025-08-23,421737.4738716338,Ethereum
ethereum,2025-08-23,421737.4738716338,Ethereum
ethereum,2025-08-23,421737.4738716338,Ethereum
ethereum,2025-08-24,416904.49092835333,Ethereum
ethereum,2025-08-24,416904.49092835333,Ethereum
ethereum,2025-08-24,416904.49092835333,Ethereum
ethereum,2025-08-24,416904.49092835333,Ethereum
ethereum,2025-08-24,416904.49092835333,Ethereum
ethereum,2025-08-25,417273.9071184703,Ethereum
ethereum,2025-08-25,417273.9071184703,Ethereum
ethereum,2025-08-25,417273.9071184703,Ethereum
ethereum,2025-08-25,417273.9071184703,Ethereum
ethereum,2025-08-25,417273.9071184703,Ethereum
ethereum,2025-08-26,383869.2304155191,Ethereum
ethereum,2025-08-26,383869.2304155191,Ethereum
ethereum,2025-08-26,383869.2304155191,Ethereum
ethereum,2025-08-26,383869.2304155191,Ethereum
ethereum,2025-08-26,383869.2304155191,Ethereum
ethereum,2025-08-27,403346.84673449927,Ethereum
ethereum,2025-08-27,403346.84673449927,Ethereum
ethereum,2025-08-27,403346.84673449927,Ethereum
ethereum,2025-08-27,403346.84673449927,Ethereum
ethereum,2025-08-27,403346.84673449927,Ethereum
ethereum,2025-08-28,394479.82107990474,Ethereum
ethereum,2025-08-28,394479.82107990474,Ethereum
ethereum,2025-08-28,394479.82107990474,Ethereum
ethereum,2025-08-28,394479.82107990474,Ethereum
ethereum,2025-08-28,394479.82107990474,Ethereum
ethereum,2025-08-29,394824.62858350464,Ethereum
ethereum,2025-08-29,394824.62858350464,Ethereum
ethereum,2025-08-29,394824.62858350464,Ethereum
ethereum,2025-08-29,394824.62858350464,Ethereum
ethereum,2025-08-29,394824.62858350464,Ethereum
ethereum,2025-08-30,384794.36172029114,Ethereum
ethereum,2025-08-30,384794.36172029114,Ethereum
ethereum,2025-08-30,384794.36172029114,Ethereum
ethereum,2025-08-30,384794.36172029114,Ethereum
ethereum,2025-08-30,384794.36172029114,Ethereum
ethereum,2025-08-31,385618.86285304534,Ethereum
ethereum,2025-08-31,385618.86285304534,Ethereum
ethereum,2025-08-31,385618.86285304534,Ethereum
ethereum,2025-08-31,385618.86285304534,Ethereum
ethereum,2025-08-31,385618.86285304534,Ethereum
ethereum,2025-09-01,386992.0744205619,Ethereum
ethereum,2025-09-01,386992.0744205619,Ethereum
ethereum,2025-09-01,386992.0744205619,Ethereum
ethereum,2025-09-01,386992.0744205619,Ethereum
ethereum,2025-09-01,386992.0744205619,Ethereum
ethereum,2025-09-02,378688.487081064,Ethereum
ethereum,2025-09-02,378688.487081064,Ethereum
ethereum,2025-09-02,378688.487081064,Ethereum
ethereum,2025-09-02,378688.487081064,Ethereum
ethereum,2025-09-02,378688.487081064,Ethereum
ethereum,2025-09-03,380669.0608269572,Ethereum
ethereum,2025-09-03,380669.0608269572,Ethereum
ethereum,2025-09-03,380669.0608269572,Ethereum
ethereum,2025-09-03,380669.0608269572,Ethereum
ethereum,2025-09-03,380669.0608269572,Ethereum
ethereum,2025-09-04,391914.25736500154,Ethereum
ethereum,2025-09-04,391914.25736500154,Ethereum
ethereum,2025-09-04,391914.25736500154,Ethereum
ethereum,2025-09-04,391914.25736500154,Ethereum
ethereum,2025-09-04,391914.25736500154,Ethereum
ethereum,2025-09-05,379062.50711160863,Ethereum
ethereum,2025-09-05,379062.50711160863,Ethereum
ethereum,2025-09-05,379062.50711160863,Ethereum
ethereum,2025-09-05,379062.50711160863,Ethereum
ethereum,2025-09-05,379062.50711160863,Ethereum
ethereum,2025-09-06,379789.69451721257,Ethereum
ethereum,2025-09-06,379789.69451721257,Ethereum
ethereum,2025-09-06,379789.69451721257,Ethereum
ethereum,2025-09-06,379789.69451721257,Ethereum
ethereum,2025-09-06,379789.69451721257,Ethereum
ethereum,2025-09-07,376830.61714539555,Ethereum
ethereum,2025-09-07,376830.61714539555,Ethereum
ethereum,2025-09-07,376830.61714539555,Ethereum
ethereum,2025-09-07,376830.61714539555,Ethereum
ethereum,2025-09-07,376830.61714539555,Ethereum
ethereum,2025-09-08,379557.7315665512,Ethereum
ethereum,2025-09-08,379557.7315665512,Ethereum
ethereum,2025-09-08,379557.7315665512,Ethereum
ethereum,2025-09-08,379557.7315665512,Ethereum
ethereum,2025-09-08,379557.7315665512,Ethereum
ethereum,2025-09-09,379169.3803941581,Ethereum
ethereum,2025-09-09,379169.3803941581,Ethereum
ethereum,2025-09-09,379169.3803941581,Ethereum
ethereum,2025-09-09,379169.3803941581,Ethereum
ethereum,2025-09-09,379169.3803941581,Ethereum
ethereum,2025-09-10,380163.9598970403,Ethereum
ethereum,2025-09-10,380163.9598970403,Ethereum
ethereum,2025-09-10,380163.9598970403,Ethereum
ethereum,2025-09-10,380163.9598970403,Ethereum
ethereum,2025-09-10,380163.9598970403,Ethereum
ethereum,2025-09-11,382811.6356012148,Ethereum
ethereum,2025-09-11,382811.6356012148,Ethereum
ethereum,2025-09-11,382811.6356012148,Ethereum
ethereum,2025-09-11,382811.6356012148,Ethereum
ethereum,2025-09-11,382811.6356012148,Ethereum
ethereum,2025-09-12,393614.0739117057,Ethereum
ethereum,2025-09-12,393614.0739117057,Ethereum
ethereum,2025-09-12,393614.0739117057,Ethereum
ethereum,2025-09-12,393614.0739117057,Ethereum
ethereum,2025-09-12,393614.0739117057,Ethereum
ethereum,2025-09-13,415686.0060768963,Ethereum
ethereum,2025-09-13,415686.0060768963,Ethereum
ethereum,2025-09-13,415686.0060768963,Ethereum
ethereum,2025-09-13,415686.0060768963,Ethereum
ethereum,2025-09-13,415686.0060768963,Ethereum
ethereum,2025-09-14,412052.856085073,Ethereum
ethereum,2025-09-14,412052.856085073,Ethereum
ethereum,2025-09-14,412052.856085073,Ethereum
ethereum,2025-09-14,412052.856085073,Ethereum
ethereum,2025-09-14,412052.856085073,Ethereum
ethereum,2025-09-15,406940.596240047,Ethereum
ethereum,2025-09-15,406940.596240047,Ethereum
ethereum,2025-09-15,406940.596240047,Ethereum
ethereum,2025-09-15,406940.596240047,Ethereum
ethereum,2025-09-15,406940.596240047,Ethereum
ethereum,2025-09-16,398693.42995223537,Ethereum
ethereum,2025-09-16,398693.42995223537,Ethereum
ethereum,2025-09-16,398693.42995223537,Ethereum
ethereum,2025-09-16,398693.42995223537,Ethereum
ethereum,2025-09-16,398693.42995223537,Ethereum
ethereum,2025-09-17,395856.797622927,Ethereum
ethereum,2025-09-17,395856.797622927,Ethereum
ethereum,2025-09-17,395856.797622927,Ethereum
ethereum,2025-09-17,395856.797622927,Ethereum
ethereum,2025-09-17,395856.797622927,Ethereum
ethereum,2025-09-18,403666.7568900215,Ethereum
ethereum,2025-09-18,403666.7568900215,Ethereum
ethereum,2025-09-18,403666.7568900215,Ethereum
ethereum,2025-09-18,403666.7568900215,Ethereum
ethereum,2025-09-18,403666.7568900215,Ethereum
ethereum,2025-09-19,404926.98327490315,Ethereum
ethereum,2025-09-19,404926.98327490315,Ethereum
ethereum,2025-09-19,404926.98327490315,Ethereum
ethereum,2025-09-19,404926.98327490315,Ethereum
ethereum,2025-09-19,404926.98327490315,Ethereum
ethereum,2025-09-20,393846.3358485685,Ethereum
ethereum,2025-09-20,393846.3358485685,Ethereum
ethereum,2025-09-20,393846.3358485685,Ethereum
ethereum,2025-09-20,393846.3358485685,Ethereum
ethereum,2025-09-20,393846.3358485685,Ethereum
ethereum,2025-09-21,394843.6203459821,Ethereum
ethereum,2025-09-21,394843.6203459821,Ethereum
ethereum,2025-09-21,394843.6203459821,Ethereum
ethereum,2025-09-21,394843.6203459821,Ethereum
ethereum,2025-09-21,394843.6203459821,Ethereum
ethereum,2025-09-22,392295.47524281475,Ethereum
ethereum,2025-09-22,392295.47524281475,Ethereum
ethereum,2025-09-22,392295.47524281475,Ethereum
ethereum,2025-09-22,392295.47524281475,Ethereum
ethereum,2025-09-22,392295.47524281475,Ethereum
ethereum,2025-09-23,370875.27142150694,Ethereum
ethereum,2025-09-23,370875.27142150694,Ethereum
ethereum,2025-09-23,370875.27142150694,Ethereum
ethereum,2025-09-23,370875.27142150694,Ethereum
ethereum,2025-09-23,370875.27142150694,Ethereum
ethereum,2025-09-24,369992.0919011612,Ethereum
ethereum,2025-09-24,369992.0919011612,Ethereum
ethereum,2025-09-24,369992.0919011612,Ethereum
ethereum,2025-09-24,369992.0919011612,Ethereum
ethereum,2025-09-24,369992.0919011612,Ethereum
ethereum,2025-09-25,368312.96560615575,Ethereum
ethereum,2025-09-25,368312.96560615575,Ethereum
ethereum,2025-09-25,368312.96560615575,Ethereum
ethereum,2025-09-25,368312.96560615575,Ethereum
ethereum,2025-09-25,368312.96560615575,Ethereum
ethereum,2025-09-26,342937.4440185811,Ethereum
ethereum,2025-09-26,342937.4440185811,Ethereum
ethereum,2025-09-26,342937.4440185811,Ethereum
ethereum,2025-09-26,342937.4440185811,Ethereum
ethereum,2025-09-26,342937.4440185811,Ethereum
ethereum,2025-09-27,357978.55612770614,Ethereum
ethereum,2025-09-27,357978.55612770614,Ethereum
ethereum,2025-09-27,357978.55612770614,Ethereum
ethereum,2025-09-27,357978.55612770614,Ethereum
ethereum,2025-09-27,357978.55612770614,Ethereum
ethereum,2025-09-28,356321.1005771281,Ethereum
ethereum,2025-09-28,356321.1005771281,Ethereum
ethereum,2025-09-28,356321.1005771281,Ethereum
ethereum,2025-09-28,356321.1005771281,Ethereum
ethereum,2025-09-28,356321.1005771281,Ethereum
ethereum,2025-09-29,367286.12298418215,Ethereum
ethereum,2025-09-29,367286.12298418215,Ethereum
ethereum,2025-09-29,367286.12298418215,Ethereum
ethereum,2025-09-29,367286.12298418215,Ethereum
ethereum,2025-09-29,367286.12298418215,Ethereum
ethereum,2025-09-30,373944.85329388455,Ethereum
ethereum,2025-09-30,373944.85329388455,Ethereum
ethereum,2025-09-30,373944.85329388455,Ethereum
ethereum,2025-09-30,373944.85329388455,Ethereum
ethereum,2025-09-30,373944.85329388455,Ethereum
ethereum,2025-10-01,368177.3713848715,Ethereum
ethereum,2025-10-01,368177.3713848715,Ethereum
ethereum,2025-10-01,368177.3713848715,Ethereum
ethereum,2025-10-01,368177.3713848715,Ethereum
ethereum,2025-10-01,368177.3713848715,Ethereum
ethereum,2025-10-02,385235.77973544877,Ethereum
ethereum,2025-10-02,385235.77973544877,Ethereum
ethereum,2025-10-02,385235.77973544877,Ethereum
ethereum,2025-10-02,385235.77973544877,Ethereum
ethereum,2025-10-02,385235.77973544877,Ethereum
ethereum,2025-10-03,397823.05193989933,Ethereum
ethereum,2025-10-03,397823.05193989933,Ethereum
ethereum,2025-10-03,397823.05193989933,Ethereum
ethereum,2025-10-03,397823.05193989933,Ethereum
ethereum,2025-10-03,397823.05193989933,Ethereum
ethereum,2025-10-04,400707.46142882656,Ethereum
ethereum,2025-10-04,400707.46142882656,Ethereum
ethereum,2025-10-04,400707.46142882656,Ethereum
ethereum,2025-10-04,400707.46142882656,Ethereum
ethereum,2025-10-04,400707.46142882656,Ethereum
ethereum,2025-10-05,398218.8935895547,Ethereum
ethereum,2025-10-05,398218.8935895547,Ethereum
ethereum,2025-10-05,398218.8935895547,Ethereum
ethereum,2025-10-05,398218.8935895547,Ethereum
ethereum,2025-10-05,398218.8935895547,Ethereum
ethereum,2025-10-06,400668.6421398132,Ethereum
ethereum,2025-10-06,400668.6421398132,Ethereum
ethereum,2025-10-06,400668.6421398132,Ethereum
ethereum,2025-10-06,400668.6421398132,Ethereum
ethereum,2025-10-06,400668.6421398132,Ethereum
ethereum,2025-10-07,416041.06085392536,Ethereum
ethereum,2025-10-07,416041.06085392536,Ethereum
ethereum,2025-10-07,416041.06085392536,Ethereum
ethereum,2025-10-07,416041.06085392536,Ethereum
ethereum,2025-10-07,416041.06085392536,Ethereum
ethereum,2025-10-08,395289.8026309068,Ethereum
ethereum,2025-10-08,395289.8026309068,Ethereum
ethereum,2025-10-08,395289.8026309068,Ethereum
ethereum,2025-10-08,395289.8026309068,Ethereum
ethereum,2025-10-08,395289.8026309068,Ethereum
ethereum,2025-10-09,401911.0484708849,Ethereum
ethereum,2025-10-09,401911.0484708849,Ethereum
ethereum,2025-10-09,401911.0484708849,Ethereum
ethereum,2025-10-09,401911.0484708849,Ethereum
ethereum,2025-10-09,401911.0484708849,Ethereum
ethereum,2025-10-10,388222.87205311254,Ethereum
ethereum,2025-10-10,388222.87205311254,Ethereum
ethereum,2025-10-10,388222.87205311254,Ethereum
ethereum,2025-10-10,388222.87205311254,Ethereum
ethereum,2025-10-10,388222.87205311254,Ethereum
ethereum,2025-10-11,340432.9353676543,Ethereum
ethereum,2025-10-11,340432.9353676543,Ethereum
ethereum,2025-10-11,340432.9353676543,Ethereum
ethereum,2025-10-11,340432.9353676543,Ethereum
ethereum,2025-10-11,340432.9353676543,Ethereum
ethereum,2025-10-12,332747.98798714374,Ethereum
ethereum,2025-10-12,332747.98798714374,Ethereum
ethereum,2025-10-12,332747.98798714374,Ethereum
ethereum,2025-10-12,332747.98798714374,Ethereum
ethereum,2025-10-12,332747.98798714374,Ethereum
ethereum,2025-10-13,369207.3362657844,Ethereum
ethereum,2025-10-13,369207.3362657844,Ethereum
ethereum,2025-10-13,369207.3362657844,Ethereum
ethereum,2025-10-13,369207.3362657844,Ethereum
ethereum,2025-10-13,369207.3362657844,Ethereum
ethereum,2025-10-14,376492.3574048653,Ethereum
ethereum,2025-10-14,376492.3574048653,Ethereum
ethereum,2025-10-14,376492.3574048653,Ethereum
ethereum,2025-10-14,376492.3574048653,Ethereum
ethereum,2025-10-14,376492.3574048653,Ethereum
ethereum,2025-10-15,366574.05838423775,Ethereum
ethereum,2025-10-15,366574.05838423775,Ethereum
ethereum,2025-10-15,366574.05838423775,Ethereum
ethereum,2025-10-15,366574.05838423775,Ethereum
ethereum,2025-10-15,366574.05838423775,Ethereum
ethereum,2025-10-16,349761.3884710538,Ethereum
ethereum,2025-10-16,349761.3884710538,Ethereum
ethereum,2025-10-16,349761.3884710538,Ethereum
ethereum,2025-10-16,349761.3884710538,Ethereum
ethereum,2025-10-16,349761.3884710538,Ethereum
ethereum,2025-10-17,342302.33220614656,Ethereum
ethereum,2025-10-17,342302.33220614656,Ethereum
ethereum,2025-10-17,342302.33220614656,Ethereum
ethereum,2025-10-17,342302.33220614656,Ethereum
ethereum,2025-10-17,342302.33220614656,Ethereum
ethereum,2025-10-18,337247.7588866496,Ethereum
ethereum,2025-10-18,337247.7588866496,Ethereum
ethereum,2025-10-18,337247.7588866496,Ethereum
ethereum,2025-10-18,337247.7588866496,Ethereum
ethereum,2025-10-18,337247.7588866496,Ethereum
ethereum,2025-10-19,342375.6803081046,Ethereum
ethereum,2025-10-19,342375.6803081046,Ethereum
ethereum,2025-10-19,342375.6803081046,Ethereum
ethereum,2025-10-19,342375.6803081046,Ethereum
ethereum,2025-10-19,342375.6803081046,Ethereum
ethereum,2025-10-20,350696.6804336402,Ethereum
ethereum,2025-10-20,350696.6804336402,Ethereum
ethereum,2025-10-20,350696.6804336402,Ethereum
ethereum,2025-10-20,350696.6804336402,Ethereum
ethereum,2025-10-20,350696.6804336402,Ethereum
ethereum,2025-10-21,349657.073530753,Ethereum
ethereum,2025-10-21,349657.073530753,Ethereum
ethereum,2025-10-21,349657.073530753,Ethereum
ethereum,2025-10-21,349657.073530753,Ethereum
ethereum,2025-10-21,349657.073530753,Ethereum
ethereum,2025-10-22,341303.9842640361,Ethereum
ethereum,2025-10-22,341303.9842640361,Ethereum
ethereum,2025-10-22,341303.9842640361,Ethereum
ethereum,2025-10-22,341303.9842640361,Ethereum
ethereum,2025-10-22,341303.9842640361,Ethereum
ethereum,2025-10-23,333571.21535914514,Ethereum
ethereum,2025-10-23,333571.21535914514,Ethereum
ethereum,2025-10-23,333571.21535914514,Ethereum
ethereum,2025-10-23,333571.21535914514,Ethereum
ethereum,2025-10-23,333571.21535914514,Ethereum
ethereum,2025-10-24,338462.9290819708,Ethereum
ethereum,2025-10-24,338462.9290819708,Ethereum
ethereum,2025-10-24,338462.9290819708,Ethereum
ethereum,2025-10-24,338462.9290819708,Ethereum
ethereum,2025-10-24,338462.9290819708,Ethereum
ethereum,2025-10-25,345416.6546043208,Ethereum
ethereum,2025-10-25,345416.6546043208,Ethereum
ethereum,2025-10-25,345416.6546043208,Ethereum
ethereum,2025-10-25,345416.6546043208,Ethereum
ethereum,2025-10-25,345416.6546043208,Ethereum
ethereum,2025-10-26,347083.5922685809,Ethereum
ethereum,2025-10-26,347083.5922685809,Ethereum
ethereum,2025-10-26,347083.5922685809,Ethereum
ethereum,2025-10-26,347083.5922685809,Ethereum
ethereum,2025-10-26,347083.5922685809,Ethereum
ethereum,2025-10-27,365539.5621120337,Ethereum
ethereum,2025-10-27,365539.5621120337,Ethereum
ethereum,2025-10-27,365539.5621120337,Ethereum
ethereum,2025-10-27,365539.5621120337,Ethereum
ethereum,2025-10-27,365539.5621120337,Ethereum
ethereum,2025-10-28,363758.94232227415,Ethereum
ethereum,2025-10-28,363758.94232227415,Ethereum
ethereum,2025-10-28,363758.94232227415,Ethereum
ethereum,2025-10-28,363758.94232227415,Ethereum
ethereum,2025-10-28,363758.94232227415,Ethereum
ethereum,2025-10-29,351342.5325721324,Ethereum
ethereum,2025-10-29,351342.5325721324,Ethereum
ethereum,2025-10-29,351342.5325721324,Ethereum
ethereum,2025-10-29,351342.5325721324,Ethereum
ethereum,2025-10-29,351342.5325721324,Ethereum
ethereum,2025-10-30,344315.5289450759,Ethereum
ethereum,2025-10-30,344315.5289450759,Ethereum
ethereum,2025-10-30,344315.5289450759,Ethereum
ethereum,2025-10-30,344315.5289450759,Ethereum
ethereum,2025-10-30,344315.5289450759,Ethereum
ethereum,2025-10-31,337015.4990615576,Ethereum
ethereum,2025-10-31,337015.4990615576,Ethereum
ethereum,2025-10-31,337015.4990615576,Ethereum
ethereum,2025-10-31,337015.4990615576,Ethereum
ethereum,2025-10-31,337015.4990615576,Ethereum
ethereum,2025-11-01,341801.10296794504,Ethereum
ethereum,2025-11-01,341801.10296794504,Ethereum
ethereum,2025-11-01,341801.10296794504,Ethereum
ethereum,2025-11-01,341801.10296794504,Ethereum
ethereum,2025-11-01,341801.10296794504,Ethereum
ethereum,2025-11-02,343730.3913686987,Ethereum
ethereum,2025-11-02,343730.3913686987,Ethereum
ethereum,2025-11-02,343730.3913686987,Ethereum
ethereum,2025-11-02,343730.3913686987,Ethereum
ethereum,2025-11-02,343730.3913686987,Ethereum
ethereum,2025-11-03,347169.85800323385,Ethereum
ethereum,2025-11-03,347169.85800323385,Ethereum
ethereum,2025-11-03,347169.85800323385,Ethereum
ethereum,2025-11-03,347169.85800323385,Ethereum
ethereum,2025-11-03,347169.85800323385,Ethereum
ethereum,2025-11-04,319468.25832003524,Ethereum
ethereum,2025-11-04,319468.25832003524,Ethereum
ethereum,2025-11-04,319468.25832003524,Ethereum
ethereum,2025-11-04,319468.25832003524,Ethereum
ethereum,2025-11-04,319468.25832003524,Ethereum
ethereum,2025-11-05,292527.2014230804,Ethereum
ethereum,2025-11-05,292527.2014230804,Ethereum
ethereum,2025-11-05,292527.2014230804,Ethereum
ethereum,2025-11-05,292527.2014230804,Ethereum
ethereum,2025-11-05,292527.2014230804,Ethereum
ethereum,2025-11-06,303546.1807953054,Ethereum
ethereum,2025-11-06,303546.1807953054,Ethereum
ethereum,2025-11-06,303546.1807953054,Ethereum
ethereum,2025-11-06,303546.1807953054,Ethereum
ethereum,2025-11-06,303546.1807953054,Ethereum
ethereum,2025-11-07,293412.52766766545,Ethereum
ethereum,2025-11-07,293412.52766766545,Ethereum
ethereum,2025-11-07,293412.52766766545,Ethereum
ethereum,2025-11-07,293412.52766766545,Ethereum
ethereum,2025-11-07,293412.52766766545,Ethereum
ethereum,2025-11-08,304507.99491275364,Ethereum
ethereum,2025-11-08,304507.99491275364,Ethereum
ethereum,2025-11-08,304507.99491275364,Ethereum
ethereum,2025-11-08,304507.99491275364,Ethereum
ethereum,2025-11-08,304507.99491275364,Ethereum
ethereum,2025-11-09,301591.6290594234,Ethereum
ethereum,2025-11-09,301591.6290594234,Ethereum
ethereum,2025-11-09,301591.6290594234,Ethereum
ethereum,2025-11-09,301591.6290594234,Ethereum
ethereum,2025-11-09,301591.6290594234,Ethereum
ethereum,2025-11-10,317071.7291616941,Ethereum
ethereum,2025-11-10,317071.7291616941,Ethereum
ethereum,2025-11-10,317071.7291616941,Ethereum
ethereum,2025-11-10,317071.7291616941,Ethereum
ethereum,2025-11-10,317071.7291616941,Ethereum
ethereum,2025-11-11,316207.1597353334,Ethereum
ethereum,2025-11-11,316207.1597353334,Ethereum
ethereum,2025-11-11,316207.1597353334,Ethereum
ethereum,2025-11-11,316207.1597353334,Ethereum
ethereum,2025-11-11,316207.1597353334,Ethereum
ethereum,2025-11-12,302271.19106009,Ethereum
ethereum,2025-11-12,302271.19106009,Ethereum
ethereum,2025-11-12,302271.19106009,Ethereum
ethereum,2025-11-12,302271.19106009,Ethereum
ethereum,2025-11-12,302271.19106009,Ethereum
ethereum,2025-11-13,302072.2252489844,Ethereum
ethereum,2025-11-13,302072.2252489844,Ethereum
ethereum,2025-11-13,302072.2252489844,Ethereum
ethereum,2025-11-13,302072.2252489844,Ethereum
ethereum,2025-11-13,302072.2252489844,Ethereum
ethereum,2025-11-14,287385.51825001417,Ethereum
ethereum,2025-11-14,287385.51825001417,Ethereum
ethereum,2025-11-14,287385.51825001417,Ethereum
ethereum,2025-11-14,287385.51825001417,Ethereum
ethereum,2025-11-14,287385.51825001417,Ethereum
ethereum,2025-11-15,275511.26516527805,Ethereum
ethereum,2025-11-15,275511.26516527805,Ethereum
ethereum,2025-11-15,275511.26516527805,Ethereum
ethereum,2025-11-15,275511.26516527805,Ethereum
ethereum,2025-11-15,275511.26516527805,Ethereum
ethereum,2025-11-16,281155.6844835739,Ethereum
ethereum,2025-11-16,281155.6844835739,Ethereum
ethereum,2025-11-16,281155.6844835739,Ethereum
ethereum,2025-11-16,281155.6844835739,Ethereum
ethereum,2025-11-16,281155.6844835739,Ethereum
ethereum,2025-11-17,275080.20597856207,Ethereum
ethereum,2025-11-17,275080.20597856207,Ethereum
ethereum,2025-11-17,275080.20597856207,Ethereum
ethereum,2025-11-17,275080.20597856207,Ethereum
ethereum,2025-11-17,275080.20597856207,Ethereum
ethereum,2025-11-18,267796.5731112152,Ethereum
ethereum,2025-11-18,267796.5731112152,Ethereum
ethereum,2025-11-18,267796.5731112152,Ethereum
ethereum,2025-11-18,267796.5731112152,Ethereum
ethereum,2025-11-18,267796.5731112152,Ethereum
ethereum,2025-11-19,276052.04898099863,Ethereum
ethereum,2025-11-19,276052.04898099863,Ethereum
ethereum,2025-11-19,276052.04898099863,Ethereum
ethereum,2025-11-19,276052.04898099863,Ethereum
ethereum,2025-11-19,276052.04898099863,Ethereum
ethereum,2025-11-20,267032.830083096,Ethereum
ethereum,2025-11-20,267032.830083096,Ethereum
ethereum,2025-11-20,267032.830083096,Ethereum
ethereum,2025-11-20,267032.830083096,Ethereum
ethereum,2025-11-20,267032.830083096,Ethereum
ethereum,2025-11-21,251183.08126814634,Ethereum
ethereum,2025-11-21,251183.08126814634,Ethereum
ethereum,2025-11-21,251183.08126814634,Ethereum
ethereum,2025-11-21,251183.08126814634,Ethereum
ethereum,2025-11-21,251183.08126814634,Ethereum
ethereum,2025-11-22,247777.39778764817,Ethereum
ethereum,2025-11-22,247777.39778764817,Ethereum
ethereum,2025-11-22,247777.39778764817,Ethereum
ethereum,2025-11-22,247777.39778764817,Ethereum
ethereum,2025-11-22,247777.39778764817,Ethereum
ethereum,2025-11-23,248183.09115512334,Ethereum
ethereum,2025-11-23,248183.09115512334,Ethereum
ethereum,2025-11-23,248183.09115512334,Ethereum
ethereum,2025-11-23,248183.09115512334,Ethereum
ethereum,2025-11-23,248183.09115512334,Ethereum
ethereum,2025-11-24,250950.12836319354,Ethereum
ethereum,2025-11-24,250950.12836319354,Ethereum
ethereum,2025-11-24,250950.12836319354,Ethereum
ethereum,2025-11-24,250950.12836319354,Ethereum
ethereum,2025-11-24,250950.12836319354,Ethereum
ethereum,2025-11-25,263283.40358322934,Ethereum
ethereum,2025-11-25,263283.40358322934,Ethereum
ethereum,2025-11-25,263283.40358322934,Ethereum
ethereum,2025-11-25,263283.40358322934,Ethereum
ethereum,2025-11-25,263283.40358322934,Ethereum
ethereum,2025-11-26,263444.9399900479,Ethereum
ethereum,2025-11-26,263444.9399900479,Ethereum
ethereum,2025-11-26,263444.9399900479,Ethereum
ethereum,2025-11-26,263444.9399900479,Ethereum
ethereum,2025-11-26,263444.9399900479,Ethereum
ethereum,2025-11-27,269938.1970950932,Ethereum
ethereum,2025-11-27,269938.1970950932,Ethereum
ethereum,2025-11-27,269938.1970950932,Ethereum
ethereum,2025-11-27,269938.1970950932,Ethereum
ethereum,2025-11-27,269938.1970950932,Ethereum
ethereum,2025-11-28,269490.2527975858,Ethereum
ethereum,2025-11-28,269490.2527975858,Ethereum
ethereum,2025-11-28,269490.2527975858,Ethereum
ethereum,2025-11-28,269490.2527975858,Ethereum
ethereum,2025-11-28,269490.2527975858,Ethereum
ethereum,2025-11-29,271004.1486761167,Ethereum
ethereum,2025-11-29,271004.1486761167,Ethereum
ethereum,2025-11-29,271004.1486761167,Ethereum
ethereum,2025-11-29,271004.1486761167,Ethereum
ethereum,2025-11-29,271004.1486761167,Ethereum
ethereum,2025-11-30,267260.2384447111,Ethereum
ethereum,2025-11-30,267260.2384447111,Ethereum
ethereum,2025-11-30,267260.2384447111,Ethereum
ethereum,2025-11-30,267260.2384447111,Ethereum
ethereum,2025-11-30,267260.2384447111,Ethereum
ethereum,2025-12-01,267424.4592587914,Ethereum
ethereum,2025-12-01,267424.4592587914,Ethereum
ethereum,2025-12-01,267424.4592587914,Ethereum
ethereum,2025-12-01,267424.4592587914,Ethereum
ethereum,2025-12-01,267424.4592587914,Ethereum
ethereum,2025-12-02,250829.94408877468,Ethereum
ethereum,2025-12-02,250829.94408877468,Ethereum
ethereum,2025-12-02,250829.94408877468,Ethereum
ethereum,2025-12-02,250829.94408877468,Ethereum
ethereum,2025-12-02,250829.94408877468,Ethereum
ethereum,2025-12-03,269370.30418167287,Ethereum
ethereum,2025-12-03,269370.30418167287,Ethereum
ethereum,2025-12-03,269370.30418167287,Ethereum
ethereum,2025-12-03,269370.30418167287,Ethereum
ethereum,2025-12-03,269370.30418167287,Ethereum
ethereum,2025-12-04,288132.42535713845,Ethereum
ethereum,2025-12-04,288132.42535713845,Ethereum
ethereum,2025-12-04,288132.42535713845,Ethereum
ethereum,2025-12-04,288132.42535713845,Ethereum
ethereum,2025-12-04,288132.42535713845,Ethereum
ethereum,2025-12-05,281520.95159888716,Ethereum
ethereum,2025-12-05,281520.95159888716,Ethereum
ethereum,2025-12-05,281520.95159888716,Ethereum
ethereum,2025-12-05,281520.95159888716,Ethereum
ethereum,2025-12-05,281520.95159888716,Ethereum
ethereum,2025-12-06,271893.52182715805,Ethereum
ethereum,2025-12-06,271893.52182715805,Ethereum
ethereum,2025-12-06,271893.52182715805,Ethereum
ethereum,2025-12-06,271893.52182715805,Ethereum
ethereum,2025-12-06,271893.52182715805,Ethereum
ethereum,2025-12-07,273416.13820120675,Ethereum
ethereum,2025-12-07,273416.13820120675,Ethereum
ethereum,2025-12-07,273416.13820120675,Ethereum
ethereum,2025-12-07,273416.13820120675,Ethereum
ethereum,2025-12-07,273416.13820120675,Ethereum
ethereum,2025-12-08,274616.2375638853,Ethereum
ethereum,2025-12-08,274616.2375638853,Ethereum
ethereum,2025-12-08,274616.2375638853,Ethereum
ethereum,2025-12-08,274616.2375638853,Ethereum
ethereum,2025-12-08,274616.2375638853,Ethereum
ethereum,2025-12-09,281685.69218486216,Ethereum
ethereum,2025-12-09,281685.69218486216,Ethereum
ethereum,2025-12-09,281685.69218486216,Ethereum
ethereum,2025-12-09,281685.69218486216,Ethereum
ethereum,2025-12-09,281685.69218486216,Ethereum
ethereum,2025-12-10,298746.9630305986,Ethereum
ethereum,2025-12-10,298746.9630305986,Ethereum
ethereum,2025-12-10,298746.9630305986,Ethereum
ethereum,2025-12-10,298746.9630305986,Ethereum
ethereum,2025-12-10,298746.9630305986,Ethereum
ethereum,2025-12-11,298675.7147486205,Ethereum
ethereum,2025-12-11,298675.7147486205,Ethereum
ethereum,2025-12-11,298675.7147486205,Ethereum
ethereum,2025-12-11,298675.7147486205,Ethereum
ethereum,2025-12-11,298675.7147486205,Ethereum
ethereum,2025-12-12,292065.55714175856,Ethereum
ethereum,2025-12-12,292065.55714175856,Ethereum
ethereum,2025-12-12,292065.55714175856,Ethereum
ethereum,2025-12-12,292065.55714175856,Ethereum
ethereum,2025-12-12,292065.55714175856,Ethereum
ethereum,2025-12-13,279306.9974351619,Ethereum
ethereum,2025-12-13,279306.9974351619,Ethereum
ethereum,2025-12-13,279306.9974351619,Ethereum
ethereum,2025-12-13,279306.9974351619,Ethereum
ethereum,2025-12-13,279306.9974351619,Ethereum
ethereum,2025-12-14,282191.1596649078,Ethereum
ethereum,2025-12-14,282191.1596649078,Ethereum
ethereum,2025-12-14,282191.1596649078,Ethereum
ethereum,2025-12-14,282191.1596649078,Ethereum
ethereum,2025-12-14,282191.1596649078,Ethereum
ethereum,2025-12-15,277686.2575249929,Ethereum
ethereum,2025-12-15,277686.2575249929,Ethereum
ethereum,2025-12-15,277686.2575249929,Ethereum
ethereum,2025-12-15,277686.2575249929,Ethereum
ethereum,2025-12-15,277686.2575249929,Ethereum
ethereum,2025-12-16,269107.8224748998,Ethereum
ethereum,2025-12-16,269107.8224748998,Ethereum
ethereum,2025-12-16,269107.8224748998,Ethereum
ethereum,2025-12-16,269107.8224748998,Ethereum
ethereum,2025-12-16,269107.8224748998,Ethereum
ethereum,2025-12-17,269596.8374095658,Ethereum
ethereum,2025-12-17,269596.8374095658,Ethereum
ethereum,2025-12-17,269596.8374095658,Ethereum
ethereum,2025-12-17,269596.8374095658,Ethereum
ethereum,2025-12-17,269596.8374095658,Ethereum
ethereum,2025-12-18,255672.94816147196,Ethereum
ethereum,2025-12-18,255672.94816147196,Ethereum
ethereum,2025-12-18,255672.94816147196,Ethereum
ethereum,2025-12-18,255672.94816147196,Ethereum
ethereum,2025-12-18,255672.94816147196,Ethereum
ethereum,2025-12-19,255132.82641488407,Ethereum
ethereum,2025-12-19,255132.82641488407,Ethereum
ethereum,2025-12-19,255132.82641488407,Ethereum
ethereum,2025-12-19,255132.82641488407,Ethereum
ethereum,2025-12-19,255132.82641488407,Ethereum
ethereum,2025-12-20,266653.5750632806,Ethereum
ethereum,2025-12-20,266653.5750632806,Ethereum
ethereum,2025-12-20,266653.5750632806,Ethereum
ethereum,2025-12-20,266653.5750632806,Ethereum
ethereum,2025-12-20,266653.5750632806,Ethereum
ethereum,2025-12-21,266686.3060581252,Ethereum
ethereum,2025-12-21,266686.3060581252,Ethereum
ethereum,2025-12-21,266686.3060581252,Ethereum
ethereum,2025-12-21,266686.3060581252,Ethereum
ethereum,2025-12-21,266686.3060581252,Ethereum
ethereum,2025-12-22,268857.45721078233,Ethereum
ethereum,2025-12-22,268857.45721078233,Ethereum
ethereum,2025-12-22,268857.45721078233,Ethereum
ethereum,2025-12-22,268857.45721078233,Ethereum
ethereum,2025-12-22,268857.45721078233,Ethereum
ethereum,2025-12-23,269330.66898642445,Ethereum
ethereum,2025-12-23,269330.66898642445,Ethereum
ethereum,2025-12-23,269330.66898642445,Ethereum
ethereum,2025-12-23,269330.66898642445,Ethereum
ethereum,2025-12-23,269330.66898642445,Ethereum
ethereum,2025-12-24,265308.33057719615,Ethereum
ethereum,2025-12-24,265308.33057719615,Ethereum
ethereum,2025-12-24,265308.33057719615,Ethereum
ethereum,2025-12-24,265308.33057719615,Ethereum
ethereum,2025-12-24,265308.33057719615,Ethereum
ethereum,2025-12-25,264638.4624631536,Ethereum
ethereum,2025-12-25,264638.4624631536,Ethereum
ethereum,2025-12-25,264638.4624631536,Ethereum
ethereum,2025-12-25,264638.4624631536,Ethereum
ethereum,2025-12-25,264638.4624631536,Ethereum
ethereum,2025-12-26,261698.83888170918,Ethereum
ethereum,2025-12-26,261698.83888170918,Ethereum
ethereum,2025-12-26,261698.83888170918,Ethereum
ethereum,2025-12-26,261698.83888170918,Ethereum
ethereum,2025-12-26,261698.83888170918,Ethereum
ethereum,2025-12-27,262776.73658441985,Ethereum
ethereum,2025-12-27,262776.73658441985,Ethereum
ethereum,2025-12-27,262776.73658441985,Ethereum
ethereum,2025-12-27,262776.73658441985,Ethereum
ethereum,2025-12-27,262776.73658441985,Ethereum
ethereum,2025-12-28,264850.5744899021,Ethereum
ethereum,2025-12-28,264850.5744899021,Ethereum
ethereum,2025-12-28,264850.5744899021,Ethereum
ethereum,2025-12-28,264850.5744899021,Ethereum
ethereum,2025-12-28,264850.5744899021,Ethereum
ethereum,2025-12-29,264760.5504658988,Ethereum
ethereum,2025-12-29,264760.5504658988,Ethereum
ethereum,2025-12-29,264760.5504658988,Ethereum
ethereum,2025-12-29,264760.5504658988,Ethereum
ethereum,2025-12-29,264760.5504658988,Ethereum
ethereum,2025-12-30,263786.42273046816,Ethereum
ethereum,2025-12-30,263786.42273046816,Ethereum
ethereum,2025-12-30,263786.42273046816,Ethereum
ethereum,2025-12-30,263786.42273046816,Ethereum
ethereum,2025-12-30,263786.42273046816,Ethereum
ethereum,2025-12-31,266620.8671552428,Ethereum
ethereum,2025-12-31,266620.8671552428,Ethereum
ethereum,2025-12-31,266620.8671552428,Ethereum
ethereum,2025-12-31,266620.8671552428,Ethereum
ethereum,2025-12-31,266620.8671552428,Ethereum
ethereum,2026-01-01,266951.6312463789,Ethereum
ethereum,2026-01-01,266951.6312463789,Ethereum
ethereum,2026-01-01,266951.6312463789,Ethereum
ethereum,2026-01-01,266951.6312463789,Ethereum
ethereum,2026-01-01,266951.6312463789,Ethereum
ethereum,2026-01-02,269940.3569195695,Ethereum
ethereum,2026-01-02,269940.3569195695,Ethereum
ethereum,2026-01-02,269940.3569195695,Ethereum
ethereum,2026-01-02,269940.3569195695,Ethereum
ethereum,2026-01-02,269940.3569195695,Ethereum
ethereum,2026-01-03,281016.1719855551,Ethereum
ethereum,2026-01-03,281016.1719855551,Ethereum
ethereum,2026-01-03,281016.1719855551,Ethereum
ethereum,2026-01-03,281016.1719855551,Ethereum
ethereum,2026-01-03,281016.1719855551,Ethereum
ethereum,2026-01-04,281388.8695194364,Ethereum
ethereum,2026-01-04,281388.8695194364,Ethereum
ethereum,2026-01-04,281388.8695194364,Ethereum
ethereum,2026-01-04,281388.8695194364,Ethereum
ethereum,2026-01-04,281388.8695194364,Ethereum
ethereum,2026-01-05,282560.6030133936,Ethereum
ethereum,2026-01-05,282560.6030133936,Ethereum
ethereum,2026-01-05,282560.6030133936,Ethereum
ethereum,2026-01-05,282560.6030133936,Ethereum
ethereum,2026-01-05,282560.6030133936,Ethereum
ethereum,2026-01-06,291299.3568651643,Ethereum
ethereum,2026-01-06,291299.3568651643,Ethereum
ethereum,2026-01-06,291299.3568651643,Ethereum
ethereum,2026-01-06,291299.3568651643,Ethereum
ethereum,2026-01-06,291299.3568651643,Ethereum
ethereum,2026-01-07,297045.36579862604,Ethereum
ethereum,2026-01-07,297045.36579862604,Ethereum
ethereum,2026-01-07,297045.36579862604,Ethereum
ethereum,2026-01-07,297045.36579862604,Ethereum
ethereum,2026-01-07,297045.36579862604,Ethereum
ethereum,2026-01-08,284403.12191626645,Ethereum
ethereum,2026-01-08,284403.12191626645,Ethereum
ethereum,2026-01-08,284403.12191626645,Ethereum
ethereum,2026-01-08,284403.12191626645,Ethereum
ethereum,2026-01-08,284403.12191626645,Ethereum
ethereum,2026-01-09,279086.945835317,Ethereum
ethereum,2026-01-09,279086.945835317,Ethereum
ethereum,2026-01-09,279086.945835317,Ethereum
ethereum,2026-01-09,279086.945835317,Ethereum
ethereum,2026-01-09,279086.945835317,Ethereum
ethereum,2026-01-10,278309.6101406161,Ethereum
ethereum,2026-01-10,278309.6101406161,Ethereum
ethereum,2026-01-10,278309.6101406161,Ethereum
ethereum,2026-01-10,278309.6101406161,Ethereum
ethereum,2026-01-10,278309.6101406161,Ethereum
ethereum,2026-01-11,278294.1933407241,Ethereum
ethereum,2026-01-11,278294.1933407241,Ethereum
ethereum,2026-01-11,278294.1933407241,Ethereum
ethereum,2026-01-11,278294.1933407241,Ethereum
ethereum,2026-01-11,278294.1933407241,Ethereum
ethereum,2026-01-12,281519.50124331604,Ethereum
ethereum,2026-01-12,281519.50124331604,Ethereum
ethereum,2026-01-12,281519.50124331604,Ethereum
ethereum,2026-01-12,281519.50124331604,Ethereum
ethereum,2026-01-12,281519.50124331604,Ethereum
ethereum,2026-01-13,278535.9889192714,Ethereum
ethereum,2026-01-13,278535.9889192714,Ethereum
ethereum,2026-01-13,278535.9889192714,Ethereum
ethereum,2026-01-13,278535.9889192714,Ethereum
ethereum,2026-01-13,278535.9889192714,Ethereum
ethereum,2026-01-14,299728.9177688779,Ethereum
ethereum,2026-01-14,299728.9177688779,Ethereum
ethereum,2026-01-14,299728.9177688779,Ethereum
ethereum,2026-01-14,299728.9177688779,Ethereum
ethereum,2026-01-14,299728.9177688779,Ethereum
ethereum,2026-01-15,302917.5844429012,Ethereum
ethereum,2026-01-15,302917.5844429012,Ethereum
ethereum,2026-01-15,302917.5844429012,Ethereum
ethereum,2026-01-15,302917.5844429012,Ethereum
ethereum,2026-01-15,302917.5844429012,Ethereum
ethereum,2026-01-16,299838.3615803796,Ethereum
ethereum,2026-01-16,299838.3615803796,Ethereum
ethereum,2026-01-16,299838.3615803796,Ethereum
ethereum,2026-01-16,299838.3615803796,Ethereum
ethereum,2026-01-16,299838.3615803796,Ethereum
ethereum,2026-01-17,299041.3190188698,Ethereum
ethereum,2026-01-17,299041.3190188698,Ethereum
ethereum,2026-01-17,299041.3190188698,Ethereum
ethereum,2026-01-17,299041.3190188698,Ethereum
ethereum,2026-01-17,299041.3190188698,Ethereum
ethereum,2026-01-18,300496.6677650833,Ethereum
ethereum,2026-01-18,300496.6677650833,Ethereum
ethereum,2026-01-18,300496.6677650833,Ethereum
ethereum,2026-01-18,300496.6677650833,Ethereum
ethereum,2026-01-18,300496.6677650833,Ethereum
ethereum,2026-01-19,297943.7602436932,Ethereum
ethereum,2026-01-19,297943.7602436932,Ethereum
ethereum,2026-01-19,297943.7602436932,Ethereum
ethereum,2026-01-19,297943.7602436932,Ethereum
ethereum,2026-01-19,297943.7602436932,Ethereum
ethereum,2026-01-20,289592.03165583033,Ethereum
ethereum,2026-01-20,289592.03165583033,Ethereum
ethereum,2026-01-20,289592.03165583033,Ethereum
ethereum,2026-01-20,289592.03165583033,Ethereum
ethereum,2026-01-20,289592.03165583033,Ethereum
ethereum,2026-01-21,267489.81096221146,Ethereum
ethereum,2026-01-21,267489.81096221146,Ethereum
ethereum,2026-01-21,267489.81096221146,Ethereum
ethereum,2026-01-21,267489.81096221146,Ethereum
ethereum,2026-01-21,267489.81096221146,Ethereum
ethereum,2026-01-22,272419.05713641306,Ethereum
ethereum,2026-01-22,272419.05713641306,Ethereum
ethereum,2026-01-22,272419.05713641306,Ethereum
ethereum,2026-01-22,272419.05713641306,Ethereum
ethereum,2026-01-22,272419.05713641306,Ethereum
ethereum,2026-01-23,269940.0485702116,Ethereum
ethereum,2026-01-23,269940.0485702116,Ethereum
ethereum,2026-01-23,269940.0485702116,Ethereum
ethereum,2026-01-23,269940.0485702116,Ethereum
ethereum,2026-01-23,269940.0485702116,Ethereum
ethereum,2026-01-24,270322.79786255566,Ethereum
ethereum,2026-01-24,270322.79786255566,Ethereum
ethereum,2026-01-24,270322.79786255566,Ethereum
ethereum,2026-01-24,270322.79786255566,Ethereum
ethereum,2026-01-24,270322.79786255566,Ethereum
ethereum,2026-01-25,270125.836049164,Ethereum
ethereum,2026-01-25,270125.836049164,Ethereum
ethereum,2026-01-25,270125.836049164,Ethereum
ethereum,2026-01-25,270125.836049164,Ethereum
ethereum,2026-01-25,270125.836049164,Ethereum
ethereum,2026-01-26,257898.21011062048,Ethereum
ethereum,2026-01-26,257898.21011062048,Ethereum
ethereum,2026-01-26,257898.21011062048,Ethereum
ethereum,2026-01-26,257898.21011062048,Ethereum
ethereum,2026-01-26,257898.21011062048,Ethereum
ethereum,2026-01-27,268521.1124032741,Ethereum
ethereum,2026-01-27,268521.1124032741,Ethereum
ethereum,2026-01-27,268521.1124032741,Ethereum
ethereum,2026-01-27,268521.1124032741,Ethereum
ethereum,2026-01-27,268521.1124032741,Ethereum
ethereum,2026-01-28,276537.237355733,Ethereum
ethereum,2026-01-28,276537.237355733,Ethereum
ethereum,2026-01-28,276537.237355733,Ethereum
ethereum,2026-01-28,276537.237355733,Ethereum
ethereum,2026-01-28,276537.237355733,Ethereum
ethereum,2026-01-29,276752.68161058764,Ethereum
ethereum,2026-01-29,276752.68161058764,Ethereum
ethereum,2026-01-29,276752.68161058764,Ethereum
ethereum,2026-01-29,276752.68161058764,Ethereum
ethereum,2026-01-29,276752.68161058764,Ethereum
ethereum,2026-01-30,258717.1664228855,Ethereum
ethereum,2026-01-30,258717.1664228855,Ethereum
ethereum,2026-01-30,258717.1664228855,Ethereum
ethereum,2026-01-30,258717.1664228855,Ethereum
ethereum,2026-01-30,258717.1664228855,Ethereum
ethereum,2026-01-31,247763.65614624374,Ethereum
ethereum,2026-01-31,247763.65614624374,Ethereum
ethereum,2026-01-31,247763.65614624374,Ethereum
ethereum,2026-01-31,247763.65614624374,Ethereum
ethereum,2026-01-31,247763.65614624374,Ethereum
ethereum,2026-02-01,224065.64499097393,Ethereum
ethereum,2026-02-01,224065.64499097393,Ethereum
ethereum,2026-02-01,224065.64499097393,Ethereum
ethereum,2026-02-01,224065.64499097393,Ethereum
ethereum,2026-02-01,224065.64499097393,Ethereum
ethereum,2026-02-02,208098.68569226892,Ethereum
ethereum,2026-02-02,208098.68569226892,Ethereum
ethereum,2026-02-02,208098.68569226892,Ethereum
ethereum,2026-02-02,208098.68569226892,Ethereum
ethereum,2026-02-02,208098.68569226892,Ethereum
ethereum,2026-02-03,212055.7416695305,Ethereum
ethereum,2026-02-03,212055.7416695305,Ethereum
ethereum,2026-02-03,212055.7416695305,Ethereum
ethereum,2026-02-03,212055.7416695305,Ethereum
ethereum,2026-02-03,212055.7416695305,Ethereum
ethereum,2026-02-04,201371.05394647823,Ethereum
ethereum,2026-02-04,201371.05394647823,Ethereum
ethereum,2026-02-04,201371.05394647823,Ethereum
ethereum,2026-02-04,201371.05394647823,Ethereum
ethereum,2026-02-04,201371.05394647823,Ethereum
ethereum,2026-02-05,194638.91147198106,Ethereum
ethereum,2026-02-05,194638.91147198106,Ethereum
ethereum,2026-02-05,194638.91147198106,Ethereum
ethereum,2026-02-05,194638.91147198106,Ethereum
ethereum,2026-02-05,194638.91147198106,Ethereum
ethereum,2026-02-06,164424.8093049238,Ethereum
ethereum,2026-02-06,164424.8093049238,Ethereum
ethereum,2026-02-06,164424.8093049238,Ethereum
ethereum,2026-02-06,164424.8093049238,Ethereum
ethereum,2026-02-06,164424.8093049238,Ethereum
ethereum,2026-02-07,186695.3649137571,Ethereum
ethereum,2026-02-07,186695.3649137571,Ethereum
ethereum,2026-02-07,186695.3649137571,Ethereum
ethereum,2026-02-07,186695.3649137571,Ethereum
ethereum,2026-02-07,186695.3649137571,Ethereum
ethereum,2026-02-08,189440.9269478321,Ethereum
ethereum,2026-02-08,189440.9269478321,Ethereum
ethereum,2026-02-08,189440.9269478321,Ethereum
ethereum,2026-02-08,189440.9269478321,Ethereum
ethereum,2026-02-08,189440.9269478321,Ethereum
ethereum,2026-02-09,189754.81871261535,Ethereum
ethereum,2026-02-09,189754.81871261535,Ethereum
ethereum,2026-02-09,189754.81871261535,Ethereum
ethereum,2026-02-09,189754.81871261535,Ethereum
ethereum,2026-02-09,189754.81871261535,Ethereum
ethereum,2026-02-10,191035.83888725925,Ethereum
ethereum,2026-02-10,191035.83888725925,Ethereum
ethereum,2026-02-10,191035.83888725925,Ethereum
ethereum,2026-02-10,191035.83888725925,Ethereum
ethereum,2026-02-10,191035.83888725925,Ethereum
ethereum,2026-02-11,182890.5822309681,Ethereum
ethereum,2026-02-11,182890.5822309681,Ethereum
ethereum,2026-02-11,182890.5822309681,Ethereum
ethereum,2026-02-11,182890.5822309681,Ethereum
ethereum,2026-02-11,182890.5822309681,Ethereum
ethereum,2026-02-12,175976.56404532818,Ethereum
ethereum,2026-02-12,175976.56404532818,Ethereum
ethereum,2026-02-12,175976.56404532818,Ethereum
ethereum,2026-02-12,175976.56404532818,Ethereum
ethereum,2026-02-12,175976.56404532818,Ethereum
ethereum,2026-02-13,176214.23834483154,Ethereum
ethereum,2026-02-13,176214.23834483154,Ethereum
ethereum,2026-02-13,176214.23834483154,Ethereum
ethereum,2026-02-13,176214.23834483154,Ethereum
ethereum,2026-02-13,176214.23834483154,Ethereum
ethereum,2026-02-14,185411.2111430372,Ethereum
ethereum,2026-02-14,185411.2111430372,Ethereum
ethereum,2026-02-14,185411.2111430372,Ethereum
ethereum,2026-02-14,185411.2111430372,Ethereum
ethereum,2026-02-14,185411.2111430372,Ethereum
ethereum,2026-02-15,188855.60230133013,Ethereum
ethereum,2026-02-15,188855.60230133013,Ethereum
ethereum,2026-02-15,188855.60230133013,Ethereum
ethereum,2026-02-15,188855.60230133013,Ethereum
ethereum,2026-02-15,188855.60230133013,Ethereum
ethereum,2026-02-16,177856.25063894037,Ethereum
ethereum,2026-02-16,177856.25063894037,Ethereum
ethereum,2026-02-16,177856.25063894037,Ethereum
ethereum,2026-02-16,177856.25063894037,Ethereum
ethereum,2026-02-16,177856.25063894037,Ethereum
ethereum,2026-02-17,181624.1547003928,Ethereum
ethereum,2026-02-17,181624.1547003928,Ethereum
ethereum,2026-02-17,181624.1547003928,Ethereum
ethereum,2026-02-17,181624.1547003928,Ethereum
ethereum,2026-02-17,181624.1547003928,Ethereum
ethereum,2026-02-18,180528.32834312637,Ethereum
ethereum,2026-02-18,180528.32834312637,Ethereum
ethereum,2026-02-18,180528.32834312637,Ethereum
ethereum,2026-02-18,180528.32834312637,Ethereum
ethereum,2026-02-18,180528.32834312637,Ethereum
ethereum,2026-02-19,177478.4599141033,Ethereum
ethereum,2026-02-19,177478.4599141033,Ethereum
ethereum,2026-02-19,177478.4599141033,Ethereum
ethereum,2026-02-19,177478.4599141033,Ethereum
ethereum,2026-02-19,177478.4599141033,Ethereum
ethereum,2026-02-20,177249.2474816647,Ethereum
ethereum,2026-02-20,177249.2474816647,Ethereum
ethereum,2026-02-20,177249.2474816647,Ethereum
ethereum,2026-02-20,177249.2474816647,Ethereum
ethereum,2026-02-20,177249.2474816647,Ethereum
ethereum,2026-02-21,178533.39457288812,Ethereum
ethereum,2026-02-21,178533.39457288812,Ethereum
ethereum,2026-02-21,178533.39457288812,Ethereum
ethereum,2026-02-21,178533.39457288812,Ethereum
ethereum,2026-02-21,178533.39457288812,Ethereum
ethereum,2026-02-22,179064.34776215904,Ethereum
ethereum,2026-02-22,179064.34776215904,Ethereum
ethereum,2026-02-22,179064.34776215904,Ethereum
ethereum,2026-02-22,179064.34776215904,Ethereum
ethereum,2026-02-22,179064.34776215904,Ethereum
ethereum,2026-02-23,177305.13210485573,Ethereum
ethereum,2026-02-23,177305.13210485573,Ethereum
ethereum,2026-02-23,177305.13210485573,Ethereum
ethereum,2026-02-23,177305.13210485573,Ethereum
ethereum,2026-02-23,177305.13210485573,Ethereum
ethereum,2026-02-24,168724.9961412896,Ethereum
ethereum,2026-02-24,168724.9961412896,Ethereum
ethereum,2026-02-24,168724.9961412896,Ethereum
ethereum,2026-02-24,168724.9961412896,Ethereum
ethereum,2026-02-24,168724.9961412896,Ethereum
ethereum,2026-02-25,168454.26945512652,Ethereum
ethereum,2026-02-25,168454.26945512652,Ethereum
ethereum,2026-02-25,168454.26945512652,Ethereum
ethereum,2026-02-25,168454.26945512652,Ethereum
ethereum,2026-02-25,168454.26945512652,Ethereum
ethereum,2026-02-26,186740.27349943476,Ethereum
ethereum,2026-02-26,186740.27349943476,Ethereum
ethereum,2026-02-26,186740.27349943476,Ethereum
ethereum,2026-02-26,186740.27349943476,Ethereum
ethereum,2026-02-26,186740.27349943476,Ethereum
ethereum,2026-02-27,184470.53087042045,Ethereum
ethereum,2026-02-27,184470.53087042045,Ethereum
ethereum,2026-02-27,184470.53087042045,Ethereum
ethereum,2026-02-27,184470.53087042045,Ethereum
ethereum,2026-02-27,184470.53087042045,Ethereum
ethereum,2026-02-28,175906.3206947476,Ethereum
ethereum,2026-02-28,175906.3206947476,Ethereum
ethereum,2026-02-28,175906.3206947476,Ethereum
ethereum,2026-02-28,175906.3206947476,Ethereum
ethereum,2026-02-28,175906.3206947476,Ethereum
ethereum,2026-03-01,178968.6577342996,Ethereum
ethereum,2026-03-01,178968.6577342996,Ethereum
ethereum,2026-03-01,178968.6577342996,Ethereum
ethereum,2026-03-01,178968.6577342996,Ethereum
ethereum,2026-03-01,178968.6577342996,Ethereum
ethereum,2026-03-02,176523.67517814328,Ethereum
ethereum,2026-03-02,176523.67517814328,Ethereum
ethereum,2026-03-02,176523.67517814328,Ethereum
ethereum,2026-03-02,176523.67517814328,Ethereum
ethereum,2026-03-02,176523.67517814328,Ethereum
ethereum,2026-03-03,185826.30723370606,Ethereum
ethereum,2026-03-03,185826.30723370606,Ethereum
ethereum,2026-03-03,185826.30723370606,Ethereum
ethereum,2026-03-03,185826.30723370606,Ethereum
ethereum,2026-03-03,185826.30723370606,Ethereum
ethereum,2026-03-04,182403.7063918738,Ethereum
ethereum,2026-03-04,182403.7063918738,Ethereum
ethereum,2026-03-04,182403.7063918738,Ethereum
ethereum,2026-03-04,182403.7063918738,Ethereum
ethereum,2026-03-04,182403.7063918738,Ethereum
ethereum,2026-03-05,195838.5762971537,Ethereum
ethereum,2026-03-05,195838.5762971537,Ethereum
ethereum,2026-03-05,195838.5762971537,Ethereum
ethereum,2026-03-05,195838.5762971537,Ethereum
ethereum,2026-03-05,195838.5762971537,Ethereum
ethereum,2026-03-06,190414.48477250861,Ethereum
ethereum,2026-03-06,190414.48477250861,Ethereum
ethereum,2026-03-06,190414.48477250861,Ethereum
ethereum,2026-03-06,190414.48477250861,Ethereum
ethereum,2026-03-06,190414.48477250861,Ethereum
ethereum,2026-03-07,182113.64679332406,Ethereum
ethereum,2026-03-07,182113.64679332406,Ethereum
ethereum,2026-03-07,182113.64679332406,Ethereum
ethereum,2026-03-07,182113.64679332406,Ethereum
ethereum,2026-03-07,182113.64679332406,Ethereum
ethereum,2026-03-08,181094.53416839553,Ethereum
ethereum,2026-03-08,181094.53416839553,Ethereum
ethereum,2026-03-08,181094.53416839553,Ethereum
ethereum,2026-03-08,181094.53416839553,Ethereum
ethereum,2026-03-08,181094.53416839553,Ethereum
ethereum,2026-03-09,178231.25313766958,Ethereum
ethereum,2026-03-09,178231.25313766958,Ethereum
ethereum,2026-03-09,178231.25313766958,Ethereum
ethereum,2026-03-09,178231.25313766958,Ethereum
ethereum,2026-03-09,178231.25313766958,Ethereum
ethereum,2026-03-10,183916.21187136925,Ethereum
ethereum,2026-03-10,183916.21187136925,Ethereum
ethereum,2026-03-10,183916.21187136925,Ethereum
ethereum,2026-03-10,183916.21187136925,Ethereum
ethereum,2026-03-10,183916.21187136925,Ethereum
ethereum,2026-03-11,187187.4516331626,Ethereum
ethereum,2026-03-11,187187.4516331626,Ethereum
ethereum,2026-03-11,187187.4516331626,Ethereum
ethereum,2026-03-11,187187.4516331626,Ethereum
ethereum,2026-03-11,187187.4516331626,Ethereum
ethereum,2026-03-12,189229.2165179718,Ethereum
ethereum,2026-03-12,189229.2165179718,Ethereum
ethereum,2026-03-12,189229.2165179718,Ethereum
ethereum,2026-03-12,189229.2165179718,Ethereum
ethereum,2026-03-12,189229.2165179718,Ethereum
ethereum,2026-03-13,191849.4049405151,Ethereum
ethereum,2026-03-13,191849.4049405151,Ethereum
ethereum,2026-03-13,191849.4049405151,Ethereum
ethereum,2026-03-13,191849.4049405151,Ethereum
ethereum,2026-03-13,191849.4049405151,Ethereum
ethereum,2026-03-14,193822.53813563587,Ethereum
ethereum,2026-03-14,193822.53813563587,Ethereum
ethereum,2026-03-14,193822.53813563587,Ethereum
ethereum,2026-03-14,193822.53813563587,Ethereum
ethereum,2026-03-14,193822.53813563587,Ethereum
ethereum,2026-03-15,194109.35694618177,Ethereum
ethereum,2026-03-15,194109.35694618177,Ethereum
ethereum,2026-03-15,194109.35694618177,Ethereum
ethereum,2026-03-15,194109.35694618177,Ethereum
ethereum,2026-03-15,194109.35694618177,Ethereum
ethereum,2026-03-16,201326.8605615016,Ethereum
ethereum,2026-03-16,201326.8605615016,Ethereum
ethereum,2026-03-16,201326.8605615016,Ethereum
ethereum,2026-03-16,201326.8605615016,Ethereum
ethereum,2026-03-16,201326.8605615016,Ethereum
ethereum,2026-03-17,216935.79260143827,Ethereum
ethereum,2026-03-17,216935.79260143827,Ethereum
ethereum,2026-03-17,216935.79260143827,Ethereum
ethereum,2026-03-17,216935.79260143827,Ethereum
ethereum,2026-03-17,216935.79260143827,Ethereum
ethereum,2026-03-18,214165.15893144385,Ethereum
ethereum,2026-03-18,214165.15893144385,Ethereum
ethereum,2026-03-18,214165.15893144385,Ethereum
ethereum,2026-03-18,214165.15893144385,Ethereum
ethereum,2026-03-18,214165.15893144385,Ethereum
ethereum,2026-03-19,205303.8038714824,Ethereum
ethereum,2026-03-19,205303.8038714824,Ethereum
ethereum,2026-03-19,205303.8038714824,Ethereum
ethereum,2026-03-19,205303.8038714824,Ethereum
ethereum,2026-03-19,205303.8038714824,Ethereum
ethereum,2026-03-20,198966.16556431886,Ethereum
ethereum,2026-03-20,198966.16556431886,Ethereum
ethereum,2026-03-20,198966.16556431886,Ethereum
ethereum,2026-03-20,198966.16556431886,Ethereum
ethereum,2026-03-20,198966.16556431886,Ethereum
ethereum,2026-03-21,201919.60235025213,Ethereum
ethereum,2026-03-21,201919.60235025213,Ethereum
ethereum,2026-03-21,201919.60235025213,Ethereum
ethereum,2026-03-21,201919.60235025213,Ethereum
ethereum,2026-03-21,201919.60235025213,Ethereum
ethereum,2026-03-22,195358.5494385478,Ethereum
ethereum,2026-03-22,195358.5494385478,Ethereum
ethereum,2026-03-22,195358.5494385478,Ethereum
ethereum,2026-03-22,195358.5494385478,Ethereum
ethereum,2026-03-22,195358.5494385478,Ethereum
ethereum,2026-03-23,192599.90071599535,Ethereum
ethereum,2026-03-23,192599.90071599535,Ethereum
ethereum,2026-03-23,192599.90071599535,Ethereum
ethereum,2026-03-23,192599.90071599535,Ethereum
ethereum,2026-03-23,192599.90071599535,Ethereum
ethereum,2026-03-24,200734.57390458471,Ethereum
ethereum,2026-03-24,200734.57390458471,Ethereum
ethereum,2026-03-24,200734.57390458471,Ethereum
ethereum,2026-03-24,200734.57390458471,Ethereum
ethereum,2026-03-24,200734.57390458471,Ethereum
ethereum,2026-03-25,203248.10990075232,Ethereum
ethereum,2026-03-25,203248.10990075232,Ethereum
ethereum,2026-03-25,203248.10990075232,Ethereum
ethereum,2026-03-25,203248.10990075232,Ethereum
ethereum,2026-03-25,203248.10990075232,Ethereum
ethereum,2026-03-26,204093.18722240234,Ethereum
ethereum,2026-03-26,204093.18722240234,Ethereum
ethereum,2026-03-26,204093.18722240234,Ethereum
ethereum,2026-03-26,204093.18722240234,Ethereum
ethereum,2026-03-26,204093.18722240234,Ethereum
ethereum,2026-03-27,194215.1445198042,Ethereum
ethereum,2026-03-27,194215.1445198042,Ethereum
ethereum,2026-03-27,194215.1445198042,Ethereum
ethereum,2026-03-27,194215.1445198042,Ethereum
ethereum,2026-03-27,194215.1445198042,Ethereum
ethereum,2026-03-28,188960.00950780787,Ethereum
ethereum,2026-03-28,188960.00950780787,Ethereum
ethereum,2026-03-28,188960.00950780787,Ethereum
ethereum,2026-03-28,188960.00950780787,Ethereum
ethereum,2026-03-28,188960.00950780787,Ethereum
ethereum,2026-03-29,188879.4937558675,Ethereum
ethereum,2026-03-29,188879.4937558675,Ethereum
ethereum,2026-03-29,188879.4937558675,Ethereum
ethereum,2026-03-29,188879.4937558675,Ethereum
ethereum,2026-03-29,188879.4937558675,Ethereum
ethereum,2026-03-30,187970.26886850147,Ethereum
ethereum,2026-03-30,187970.26886850147,Ethereum
ethereum,2026-03-30,187970.26886850147,Ethereum
ethereum,2026-03-30,187970.26886850147,Ethereum
ethereum,2026-03-30,187970.26886850147,Ethereum
ethereum,2026-03-31,190952.5539750653,Ethereum
ethereum,2026-03-31,190952.5539750653,Ethereum
ethereum,2026-03-31,190952.5539750653,Ethereum
ethereum,2026-03-31,190952.5539750653,Ethereum
ethereum,2026-03-31,190952.5539750653,Ethereum
ethereum,2026-04-01,196773.65090822996,Ethereum
ethereum,2026-04-01,196773.65090822996,Ethereum
ethereum,2026-04-01,196773.65090822996,Ethereum
ethereum,2026-04-01,196773.65090822996,Ethereum
ethereum,2026-04-01,196773.65090822996,Ethereum
ethereum,2026-04-02,198168.419125506,Ethereum
ethereum,2026-04-02,198168.419125506,Ethereum
ethereum,2026-04-02,198168.419125506,Ethereum
ethereum,2026-04-02,198168.419125506,Ethereum
ethereum,2026-04-02,198168.419125506,Ethereum
ethereum,2026-04-03,191237.00984683796,Ethereum
ethereum,2026-04-03,191237.00984683796,Ethereum
ethereum,2026-04-03,191237.00984683796,Ethereum
ethereum,2026-04-03,191237.00984683796,Ethereum
ethereum,2026-04-03,191237.00984683796,Ethereum
ethereum,2026-04-04,190500.24725314407,Ethereum
ethereum,2026-04-04,190500.24725314407,Ethereum
ethereum,2026-04-04,190500.24725314407,Ethereum
ethereum,2026-04-04,190500.24725314407,Ethereum
ethereum,2026-04-04,190500.24725314407,Ethereum
ethereum,2026-04-05,192000.04588379155,Ethereum
ethereum,2026-04-05,192000.04588379155,Ethereum
ethereum,2026-04-05,192000.04588379155,Ethereum
ethereum,2026-04-05,192000.04588379155,Ethereum
ethereum,2026-04-05,192000.04588379155,Ethereum
ethereum,2026-04-06,196092.16885837808,Ethereum
ethereum,2026-04-06,196092.16885837808,Ethereum
ethereum,2026-04-06,196092.16885837808,Ethereum
ethereum,2026-04-06,196092.16885837808,Ethereum
ethereum,2026-04-06,196092.16885837808,Ethereum
ethereum,2026-04-07,195951.30882983957,Ethereum
ethereum,2026-04-07,195951.30882983957,Ethereum
ethereum,2026-04-07,195951.30882983957,Ethereum
ethereum,2026-04-07,195951.30882983957,Ethereum
ethereum,2026-04-07,195951.30882983957,Ethereum
ethereum,2026-04-08,208176.04167712756,Ethereum
ethereum,2026-04-08,208176.04167712756,Ethereum
ethereum,2026-04-08,208176.04167712756,Ethereum
ethereum,2026-04-08,208176.04167712756,Ethereum
ethereum,2026-04-08,208176.04167712756,Ethereum
ethereum,2026-04-09,202144.70913738868,Ethereum
ethereum,2026-04-09,202144.70913738868,Ethereum
ethereum,2026-04-09,202144.70913738868,Ethereum
ethereum,2026-04-09,202144.70913738868,Ethereum
ethereum,2026-04-09,202144.70913738868,Ethereum
ethereum,2026-04-10,202414.59656178358,Ethereum
ethereum,2026-04-10,202414.59656178358,Ethereum
ethereum,2026-04-10,202414.59656178358,Ethereum
ethereum,2026-04-10,202414.59656178358,Ethereum
ethereum,2026-04-10,202414.59656178358,Ethereum
ethereum,2026-04-11,209027.3392670983,Ethereum
ethereum,2026-04-11,209027.3392670983,Ethereum
ethereum,2026-04-11,209027.3392670983,Ethereum
ethereum,2026-04-11,209027.3392670983,Ethereum
ethereum,2026-04-11,209027.3392670983,Ethereum
ethereum,2026-04-12,212789.26863678455,Ethereum
ethereum,2026-04-12,212789.26863678455,Ethereum
ethereum,2026-04-12,212789.26863678455,Ethereum
ethereum,2026-04-12,212789.26863678455,Ethereum
ethereum,2026-04-12,212789.26863678455,Ethereum
ethereum,2026-04-13,207142.66003070216,Ethereum
ethereum,2026-04-13,207142.66003070216,Ethereum
ethereum,2026-04-13,207142.66003070216,Ethereum
ethereum,2026-04-13,207142.66003070216,Ethereum
ethereum,2026-04-13,207142.66003070216,Ethereum
ethereum,2026-04-14,225160.61977852663,Ethereum
ethereum,2026-04-14,225160.61977852663,Ethereum
ethereum,2026-04-14,225160.61977852663,Ethereum
ethereum,2026-04-14,225160.61977852663,Ethereum
ethereum,2026-04-14,225160.61977852663,Ethereum
ethereum,2026-04-15,216444.0966506261,Ethereum
ethereum,2026-04-15,216444.0966506261,Ethereum
ethereum,2026-04-15,216444.0966506261,Ethereum
ethereum,2026-04-15,216444.0966506261,Ethereum
ethereum,2026-04-15,216444.0966506261,Ethereum
ethereum,2026-04-16,220363.90092512764,Ethereum
ethereum,2026-04-16,220363.90092512764,Ethereum
ethereum,2026-04-16,220363.90092512764,Ethereum
ethereum,2026-04-16,220363.90092512764,Ethereum
ethereum,2026-04-16,220363.90092512764,Ethereum
ethereum,2026-04-17,218542.6162370739,Ethereum
ethereum,2026-04-17,218542.6162370739,Ethereum
ethereum,2026-04-17,218542.6162370739,Ethereum
ethereum,2026-04-17,218542.6162370739,Ethereum
ethereum,2026-04-17,218542.6162370739,Ethereum
ethereum,2026-04-18,224191.18021452706,Ethereum
ethereum,2026-04-18,224191.18021452706,Ethereum
ethereum,2026-04-18,224191.18021452706,Ethereum
ethereum,2026-04-18,224191.18021452706,Ethereum
ethereum,2026-04-18,224191.18021452706,Ethereum
ethereum,2026-04-19,217702.43848731273,Ethereum
ethereum,2026-04-19,217702.43848731273,Ethereum
ethereum,2026-04-19,217702.43848731273,Ethereum
ethereum,2026-04-19,217702.43848731273,Ethereum
ethereum,2026-04-19,217702.43848731273,Ethereum
ethereum,2026-04-20,209729.87382388298,Ethereum
ethereum,2026-04-20,209729.87382388298,Ethereum
ethereum,2026-04-20,209729.87382388298,Ethereum
ethereum,2026-04-20,209729.87382388298,Ethereum
ethereum,2026-04-20,209729.87382388298,Ethereum
ethereum,2026-04-21,215583.9382889891,Ethereum
ethereum,2026-04-21,215583.9382889891,Ethereum
ethereum,2026-04-21,215583.9382889891,Ethereum
ethereum,2026-04-21,215583.9382889891,Ethereum
ethereum,2026-04-21,215583.9382889891,Ethereum
ethereum,2026-04-22,217908.74029414722,Ethereum
ethereum,2026-04-22,217908.74029414722,Ethereum
ethereum,2026-04-22,217908.74029414722,Ethereum
ethereum,2026-04-22,217908.74029414722,Ethereum
ethereum,2026-04-22,217908.74029414722,Ethereum
ethereum,2026-04-23,223052.03703739005,Ethereum
ethereum,2026-04-23,223052.03703739005,Ethereum
ethereum,2026-04-23,223052.03703739005,Ethereum
ethereum,2026-04-23,223052.03703739005,Ethereum
ethereum,2026-04-23,223052.03703739005,Ethereum
ethereum,2026-04-24,219361.5025076131,Ethereum
ethereum,2026-04-24,219361.5025076131,Ethereum
ethereum,2026-04-24,219361.5025076131,Ethereum
ethereum,2026-04-24,219361.5025076131,Ethereum
ethereum,2026-04-24,219361.5025076131,Ethereum
ethereum,2026-04-25,217810.06654775635,Ethereum
ethereum,2026-04-25,217810.06654775635,Ethereum
ethereum,2026-04-25,217810.06654775635,Ethereum
ethereum,2026-04-25,217810.06654775635,Ethereum
ethereum,2026-04-25,217810.06654775635,Ethereum
ethereum,2026-04-26,218154.5858669989,Ethereum
ethereum,2026-04-26,218154.5858669989,Ethereum
ethereum,2026-04-26,218154.5858669989,Ethereum
ethereum,2026-04-26,218154.5858669989,Ethereum
ethereum,2026-04-26,218154.5858669989,Ethereum
ethereum,2026-04-27,223349.56012918853,Ethereum
ethereum,2026-04-27,223349.56012918853,Ethereum
ethereum,2026-04-27,223349.56012918853,Ethereum
ethereum,2026-04-27,223349.56012918853,Ethereum
ethereum,2026-04-27,223349.56012918853,Ethereum
ethereum,2026-04-28,216773.48412413293,Ethereum
ethereum,2026-04-28,216773.48412413293,Ethereum
ethereum,2026-04-28,216773.48412413293,Ethereum
ethereum,2026-04-28,216773.48412413293,Ethereum
ethereum,2026-04-28,216773.48412413293,Ethereum
ethereum,2026-04-29,216553.72585673918,Ethereum
ethereum,2026-04-29,216553.72585673918,Ethereum
ethereum,2026-04-29,216553.72585673918,Ethereum
ethereum,2026-04-29,216553.72585673918,Ethereum
ethereum,2026-04-29,216553.72585673918,Ethereum
ethereum,2026-04-30,213891.1914786866,Ethereum
ethereum,2026-04-30,213891.1914786866,Ethereum
ethereum,2026-04-30,213891.1914786866,Ethereum
ethereum,2026-04-30,213891.1914786866,Ethereum
ethereum,2026-04-30,213891.1914786866,Ethereum
ethereum,2026-05-01,213775.20801451607,Ethereum
ethereum,2026-05-01,213775.20801451607,Ethereum
ethereum,2026-05-01,213775.20801451607,Ethereum
ethereum,2026-05-01,213775.20801451607,Ethereum
ethereum,2026-05-01,213775.20801451607,Ethereum
ethereum,2026-05-02,217744.42364856272,Ethereum
ethereum,2026-05-02,217744.42364856272,Ethereum
ethereum,2026-05-02,217744.42364856272,Ethereum
ethereum,2026-05-02,217744.42364856272,Ethereum
ethereum,2026-05-02,217744.42364856272,Ethereum
ethereum,2026-05-03,219844.00541708147,Ethereum
ethereum,2026-05-03,219844.00541708147,Ethereum
ethereum,2026-05-03,219844.00541708147,Ethereum
ethereum,2026-05-03,219844.00541708147,Ethereum
ethereum,2026-05-03,219844.00541708147,Ethereum
ethereum,2026-05-04,220584.65644175006,Ethereum
ethereum,2026-05-04,220584.65644175006,Ethereum
ethereum,2026-05-04,220584.65644175006,Ethereum
ethereum,2026-05-04,220584.65644175006,Ethereum
ethereum,2026-05-04,220584.65644175006,Ethereum
ethereum,2026-05-05,223478.04574367165,Ethereum
ethereum,2026-05-05,223478.04574367165,Ethereum
ethereum,2026-05-05,223478.04574367165,Ethereum
ethereum,2026-05-05,223478.04574367165,Ethereum
ethereum,2026-05-05,223478.04574367165,Ethereum
ethereum,2026-05-06,224588.24323228054,Ethereum
ethereum,2026-05-06,224588.24323228054,Ethereum
ethereum,2026-05-06,224588.24323228054,Ethereum
ethereum,2026-05-06,224588.24323228054,Ethereum
ethereum,2026-05-06,224588.24323228054,Ethereum
ethereum,2026-05-07,222230.76757719123,Ethereum
ethereum,2026-05-07,222230.76757719123,Ethereum
ethereum,2026-05-07,222230.76757719123,Ethereum
ethereum,2026-05-07,222230.76757719123,Ethereum
ethereum,2026-05-07,222230.76757719123,Ethereum
ethereum,2026-05-08,215968.26071343615,Ethereum
ethereum,2026-05-08,215968.26071343615,Ethereum
ethereum,2026-05-08,215968.26071343615,Ethereum
ethereum,2026-05-08,215968.26071343615,Ethereum
ethereum,2026-05-08,215968.26071343615,Ethereum
ethereum,2026-05-09,217823.68325943328,Ethereum
ethereum,2026-05-09,217823.68325943328,Ethereum
ethereum,2026-05-09,217823.68325943328,Ethereum
ethereum,2026-05-09,217823.68325943328,Ethereum
ethereum,2026-05-09,217823.68325943328,Ethereum
ethereum,2026-05-10,219676.88930568274,Ethereum
ethereum,2026-05-10,219676.88930568274,Ethereum
ethereum,2026-05-10,219676.88930568274,Ethereum
ethereum,2026-05-10,219676.88930568274,Ethereum
ethereum,2026-05-10,219676.88930568274,Ethereum
ethereum,2026-05-11,223678.787602731,Ethereum
ethereum,2026-05-11,223678.787602731,Ethereum
ethereum,2026-05-11,223678.787602731,Ethereum
ethereum,2026-05-11,223678.787602731,Ethereum
ethereum,2026-05-11,223678.787602731,Ethereum
ethereum,2026-05-12,223178.60546508426,Ethereum
ethereum,2026-05-12,223178.60546508426,Ethereum
ethereum,2026-05-12,223178.60546508426,Ethereum
ethereum,2026-05-12,223178.60546508426,Ethereum
ethereum,2026-05-12,223178.60546508426,Ethereum
ethereum,2026-05-13,217548.032355043,Ethereum
ethereum,2026-05-13,217548.032355043,Ethereum
ethereum,2026-05-13,217548.032355043,Ethereum
ethereum,2026-05-13,217548.032355043,Ethereum
ethereum,2026-05-13,217548.032355043,Ethereum
ethereum,2026-05-14,216045.0623399608,Ethereum
ethereum,2026-05-14,216045.0623399608,Ethereum
ethereum,2026-05-14,216045.0623399608,Ethereum
ethereum,2026-05-14,216045.0623399608,Ethereum
ethereum,2026-05-14,216045.0623399608,Ethereum
ethereum,2026-05-15,218362.2577899985,Ethereum
ethereum,2026-05-15,218362.2577899985,Ethereum
ethereum,2026-05-15,218362.2577899985,Ethereum
ethereum,2026-05-15,218362.2577899985,Ethereum
ethereum,2026-05-15,218362.2577899985,Ethereum
ethereum,2026-05-16,213471.20427804557,Ethereum
ethereum,2026-05-16,213471.20427804557,Ethereum
ethereum,2026-05-16,213471.20427804557,Ethereum
ethereum,2026-05-16,213471.20427804557,Ethereum
ethereum,2026-05-16,213471.20427804557,Ethereum
ethereum,2026-05-17,209327.02352450276,Ethereum
ethereum,2026-05-17,209327.02352450276,Ethereum
ethereum,2026-05-17,209327.02352450276,Ethereum
ethereum,2026-05-17,209327.02352450276,Ethereum
ethereum,2026-05-17,209327.02352450276,Ethereum
ethereum,2026-05-18,204225.28201707866,Ethereum
ethereum,2026-05-18,204225.28201707866,Ethereum
ethereum,2026-05-18,204225.28201707866,Ethereum
ethereum,2026-05-18,204225.28201707866,Ethereum
ethereum,2026-05-18,204225.28201707866,Ethereum
ethereum,2026-05-19,204910.72818587456,Ethereum
ethereum,2026-05-19,204910.72818587456,Ethereum
ethereum,2026-05-19,204910.72818587456,Ethereum
ethereum,2026-05-19,204910.72818587456,Ethereum
ethereum,2026-05-19,204910.72818587456,Ethereum
ethereum,2026-05-20,203923.1368849217,Ethereum
ethereum,2026-05-20,203923.1368849217,Ethereum
ethereum,2026-05-20,203923.1368849217,Ethereum
ethereum,2026-05-20,203923.1368849217,Ethereum
ethereum,2026-05-20,203923.1368849217,Ethereum
ethereum,2026-05-21,205344.48039623885,Ethereum
ethereum,2026-05-21,205344.48039623885,Ethereum
ethereum,2026-05-21,205344.48039623885,Ethereum
ethereum,2026-05-21,205344.48039623885,Ethereum
ethereum,2026-05-21,205344.48039623885,Ethereum
ethereum,2026-05-22,205013.8783464013,Ethereum
ethereum,2026-05-22,205013.8783464013,Ethereum
ethereum,2026-05-22,205013.8783464013,Ethereum
ethereum,2026-05-22,205013.8783464013,Ethereum
ethereum,2026-05-22,205013.8783464013,Ethereum
ethereum,2026-05-23,197601.7554314198,Ethereum
ethereum,2026-05-23,197601.7554314198,Ethereum
ethereum,2026-05-23,197601.7554314198,Ethereum
ethereum,2026-05-23,197601.7554314198,Ethereum
ethereum,2026-05-23,197601.7554314198,Ethereum
ethereum,2026-05-24,202474.27891615097,Ethereum
ethereum,2026-05-24,202474.27891615097,Ethereum
ethereum,2026-05-24,202474.27891615097,Ethereum
ethereum,2026-05-24,202474.27891615097,Ethereum
ethereum,2026-05-24,202474.27891615097,Ethereum
ethereum,2026-05-25,200833.3043641476,Ethereum
ethereum,2026-05-25,200833.3043641476,Ethereum
ethereum,2026-05-25,200833.3043641476,Ethereum
ethereum,2026-05-25,200833.3043641476,Ethereum
ethereum,2026-05-25,200833.3043641476,Ethereum
ethereum,2026-05-26,201098.97530181444,Ethereum
ethereum,2026-05-26,201098.97530181444,Ethereum
ethereum,2026-05-26,201098.97530181444,Ethereum
ethereum,2026-05-26,201098.97530181444,Ethereum
ethereum,2026-05-26,201098.97530181444,Ethereum
ethereum,2026-05-27,198928.96827033538,Ethereum
ethereum,2026-05-27,198928.96827033538,Ethereum
ethereum,2026-05-27,198928.96827033538,Ethereum
ethereum,2026-05-27,198928.96827033538,Ethereum
ethereum,2026-05-27,198928.96827033538,Ethereum
ethereum,2026-05-28,194444.76203923384,Ethereum
ethereum,2026-05-28,194444.76203923384,Ethereum
ethereum,2026-05-28,194444.76203923384,Ethereum
ethereum,2026-05-28,194444.76203923384,Ethereum
ethereum,2026-05-28,194444.76203923384,Ethereum
ethereum,2026-05-29,192397.25310019453,Ethereum
ethereum,2026-05-29,192397.25310019453,Ethereum
ethereum,2026-05-29,192397.25310019453,Ethereum
ethereum,2026-05-29,192397.25310019453,Ethereum
ethereum,2026-05-29,192397.25310019453,Ethereum
ethereum,2026-05-30,191195.16218819868,Ethereum
ethereum,2026-05-30,191195.16218819868,Ethereum
ethereum,2026-05-30,191195.16218819868,Ethereum
ethereum,2026-05-30,191195.16218819868,Ethereum
ethereum,2026-05-30,191195.16218819868,Ethereum
ethereum,2026-05-31,191952.02233064343,Ethereum
ethereum,2026-05-31,191952.02233064343,Ethereum
ethereum,2026-05-31,191952.02233064343,Ethereum
ethereum,2026-05-31,191952.02233064343,Ethereum
ethereum,2026-05-31,191952.02233064343,Ethereum
ethereum,2026-06-01,190407.1765461077,Ethereum
ethereum,2026-06-01,190407.1765461077,Ethereum
ethereum,2026-06-01,190407.1765461077,Ethereum
ethereum,2026-06-01,190407.1765461077,Ethereum
ethereum,2026-06-01,190407.1765461077,Ethereum
ethereum,2026-06-01,187686.9805926346,Ethereum
ethereum,2026-06-01,187686.9805926346,Ethereum
ethereum,2026-06-01,187686.9805926346,Ethereum
ethereum,2026-06-01,187686.9805926346,Ethereum
ethereum,2026-06-01,187686.9805926346,Ethereum
tether,2025-06-02,85.5563529489217,Tether
tether,2025-06-02,85.5563529489217,Tether
tether,2025-06-02,85.5563529489217,Tether
tether,2025-06-02,85.5563529489217,Tether
tether,2025-06-02,85.5563529489217,Tether
tether,2025-06-03,85.39681423567808,Tether
tether,2025-06-03,85.39681423567808,Tether
tether,2025-06-03,85.39681423567808,Tether
tether,2025-06-03,85.39681423567808,Tether
tether,2025-06-03,85.39681423567808,Tether
tether,2025-06-04,85.7564471650407,Tether
tether,2025-06-04,85.7564471650407,Tether
tether,2025-06-04,85.7564471650407,Tether
tether,2025-06-04,85.7564471650407,Tether
tether,2025-06-04,85.7564471650407,Tether
tether,2025-06-05,85.93913530548173,Tether
tether,2025-06-05,85.93913530548173,Tether
tether,2025-06-05,85.93913530548173,Tether
tether,2025-06-05,85.93913530548173,Tether
tether,2025-06-05,85.93913530548173,Tether
tether,2025-06-06,85.90869091197705,Tether
tether,2025-06-06,85.90869091197705,Tether
tether,2025-06-06,85.90869091197705,Tether
tether,2025-06-06,85.90869091197705,Tether
tether,2025-06-06,85.90869091197705,Tether
tether,2025-06-07,85.84476147301244,Tether
tether,2025-06-07,85.84476147301244,Tether
tether,2025-06-07,85.84476147301244,Tether
tether,2025-06-07,85.84476147301244,Tether
tether,2025-06-07,85.84476147301244,Tether
tether,2025-06-08,85.82584934522494,Tether
tether,2025-06-08,85.82584934522494,Tether
tether,2025-06-08,85.82584934522494,Tether
tether,2025-06-08,85.82584934522494,Tether
tether,2025-06-08,85.82584934522494,Tether
tether,2025-06-09,85.81535004059877,Tether
tether,2025-06-09,85.81535004059877,Tether
tether,2025-06-09,85.81535004059877,Tether
tether,2025-06-09,85.81535004059877,Tether
tether,2025-06-09,85.81535004059877,Tether
tether,2025-06-10,85.78084450272435,Tether
tether,2025-06-10,85.78084450272435,Tether
tether,2025-06-10,85.78084450272435,Tether
tether,2025-06-10,85.78084450272435,Tether
tether,2025-06-10,85.78084450272435,Tether
tether,2025-06-11,85.65857775303438,Tether
tether,2025-06-11,85.65857775303438,Tether
tether,2025-06-11,85.65857775303438,Tether
tether,2025-06-11,85.65857775303438,Tether
tether,2025-06-11,85.65857775303438,Tether
tether,2025-06-12,85.4820574765995,Tether
tether,2025-06-12,85.4820574765995,Tether
tether,2025-06-12,85.4820574765995,Tether
tether,2025-06-12,85.4820574765995,Tether
tether,2025-06-12,85.4820574765995,Tether
tether,2025-06-13,85.71186331793116,Tether
tether,2025-06-13,85.71186331793116,Tether
tether,2025-06-13,85.71186331793116,Tether
tether,2025-06-13,85.71186331793116,Tether
tether,2025-06-13,85.71186331793116,Tether
tether,2025-06-14,86.14792041627604,Tether
tether,2025-06-14,86.14792041627604,Tether
tether,2025-06-14,86.14792041627604,Tether
tether,2025-06-14,86.14792041627604,Tether
tether,2025-06-14,86.14792041627604,Tether
tether,2025-06-15,86.14647537272096,Tether
tether,2025-06-15,86.14647537272096,Tether
tether,2025-06-15,86.14647537272096,Tether
tether,2025-06-15,86.14647537272096,Tether
tether,2025-06-15,86.14647537272096,Tether
tether,2025-06-16,86.12327231151762,Tether
tether,2025-06-16,86.12327231151762,Tether
tether,2025-06-16,86.12327231151762,Tether
tether,2025-06-16,86.12327231151762,Tether
tether,2025-06-16,86.12327231151762,Tether
tether,2025-06-17,86.13602992064845,Tether
tether,2025-06-17,86.13602992064845,Tether
tether,2025-06-17,86.13602992064845,Tether
tether,2025-06-17,86.13602992064845,Tether
tether,2025-06-17,86.13602992064845,Tether
tether,2025-06-18,86.35699142609901,Tether
tether,2025-06-18,86.35699142609901,Tether
tether,2025-06-18,86.35699142609901,Tether
tether,2025-06-18,86.35699142609901,Tether
tether,2025-06-18,86.35699142609901,Tether
tether,2025-06-19,86.62723601577105,Tether
tether,2025-06-19,86.62723601577105,Tether
tether,2025-06-19,86.62723601577105,Tether
tether,2025-06-19,86.62723601577105,Tether
tether,2025-06-19,86.62723601577105,Tether
tether,2025-06-20,86.74229506504231,Tether
tether,2025-06-20,86.74229506504231,Tether
tether,2025-06-20,86.74229506504231,Tether
tether,2025-06-20,86.74229506504231,Tether
tether,2025-06-20,86.74229506504231,Tether
tether,2025-06-21,86.60305512132527,Tether
tether,2025-06-21,86.60305512132527,Tether
tether,2025-06-21,86.60305512132527,Tether
tether,2025-06-21,86.60305512132527,Tether
tether,2025-06-21,86.60305512132527,Tether
tether,2025-06-22,86.6169466622025,Tether
tether,2025-06-22,86.6169466622025,Tether
tether,2025-06-22,86.6169466622025,Tether
tether,2025-06-22,86.6169466622025,Tether
tether,2025-06-22,86.6169466622025,Tether
tether,2025-06-23,86.59580048336504,Tether
tether,2025-06-23,86.59580048336504,Tether
tether,2025-06-23,86.59580048336504,Tether
tether,2025-06-23,86.59580048336504,Tether
tether,2025-06-23,86.59580048336504,Tether
tether,2025-06-24,86.40380690891152,Tether
tether,2025-06-24,86.40380690891152,Tether
tether,2025-06-24,86.40380690891152,Tether
tether,2025-06-24,86.40380690891152,Tether
tether,2025-06-24,86.40380690891152,Tether
tether,2025-06-25,86.00974451148616,Tether
tether,2025-06-25,86.00974451148616,Tether
tether,2025-06-25,86.00974451148616,Tether
tether,2025-06-25,86.00974451148616,Tether
tether,2025-06-25,86.00974451148616,Tether
tether,2025-06-26,86.04675823077042,Tether
tether,2025-06-26,86.04675823077042,Tether
tether,2025-06-26,86.04675823077042,Tether
tether,2025-06-26,86.04675823077042,Tether
tether,2025-06-26,86.04675823077042,Tether
tether,2025-06-27,85.70312960692094,Tether
tether,2025-06-27,85.70312960692094,Tether
tether,2025-06-27,85.70312960692094,Tether
tether,2025-06-27,85.70312960692094,Tether
tether,2025-06-27,85.70312960692094,Tether
tether,2025-06-28,85.53787082600891,Tether
tether,2025-06-28,85.53787082600891,Tether
tether,2025-06-28,85.53787082600891,Tether
tether,2025-06-28,85.53787082600891,Tether
tether,2025-06-28,85.53787082600891,Tether
tether,2025-06-29,85.5325791073527,Tether
tether,2025-06-29,85.5325791073527,Tether
tether,2025-06-29,85.5325791073527,Tether
tether,2025-06-29,85.5325791073527,Tether
tether,2025-06-29,85.5325791073527,Tether
tether,2025-06-30,85.46600406267324,Tether
tether,2025-06-30,85.46600406267324,Tether
tether,2025-06-30,85.46600406267324,Tether
tether,2025-06-30,85.46600406267324,Tether
tether,2025-06-30,85.46600406267324,Tether
tether,2025-07-01,85.72185130518295,Tether
tether,2025-07-01,85.72185130518295,Tether
tether,2025-07-01,85.72185130518295,Tether
tether,2025-07-01,85.72185130518295,Tether
tether,2025-07-01,85.72185130518295,Tether
tether,2025-07-02,85.73789654348656,Tether
tether,2025-07-02,85.73789654348656,Tether
tether,2025-07-02,85.73789654348656,Tether
tether,2025-07-02,85.73789654348656,Tether
tether,2025-07-02,85.73789654348656,Tether
tether,2025-07-03,85.72260504432407,Tether
tether,2025-07-03,85.72260504432407,Tether
tether,2025-07-03,85.72260504432407,Tether
tether,2025-07-03,85.72260504432407,Tether
tether,2025-07-03,85.72260504432407,Tether
tether,2025-07-04,85.42620080018943,Tether
tether,2025-07-04,85.42620080018943,Tether
tether,2025-07-04,85.42620080018943,Tether
tether,2025-07-04,85.42620080018943,Tether
tether,2025-07-04,85.42620080018943,Tether
tether,2025-07-05,85.63834651243872,Tether
tether,2025-07-05,85.63834651243872,Tether
tether,2025-07-05,85.63834651243872,Tether
tether,2025-07-05,85.63834651243872,Tether
tether,2025-07-05,85.63834651243872,Tether
tether,2025-07-06,85.81550473224671,Tether
tether,2025-07-06,85.81550473224671,Tether
tether,2025-07-06,85.81550473224671,Tether
tether,2025-07-06,85.81550473224671,Tether
tether,2025-07-06,85.81550473224671,Tether
tether,2025-07-07,85.50080347794888,Tether
tether,2025-07-07,85.50080347794888,Tether
tether,2025-07-07,85.50080347794888,Tether
tether,2025-07-07,85.50080347794888,Tether
tether,2025-07-07,85.50080347794888,Tether
tether,2025-07-08,85.8931511462235,Tether
tether,2025-07-08,85.8931511462235,Tether
tether,2025-07-08,85.8931511462235,Tether
tether,2025-07-08,85.8931511462235,Tether
tether,2025-07-08,85.8931511462235,Tether
tether,2025-07-09,85.71745265403365,Tether
tether,2025-07-09,85.71745265403365,Tether
tether,2025-07-09,85.71745265403365,Tether
tether,2025-07-09,85.71745265403365,Tether
tether,2025-07-09,85.71745265403365,Tether
tether,2025-07-10,85.72963895170048,Tether
tether,2025-07-10,85.72963895170048,Tether
tether,2025-07-10,85.72963895170048,Tether
tether,2025-07-10,85.72963895170048,Tether
tether,2025-07-10,85.72963895170048,Tether
tether,2025-07-11,85.7367951539024,Tether
tether,2025-07-11,85.7367951539024,Tether
tether,2025-07-11,85.7367951539024,Tether
tether,2025-07-11,85.7367951539024,Tether
tether,2025-07-11,85.7367951539024,Tether
tether,2025-07-12,85.85227877587944,Tether
tether,2025-07-12,85.85227877587944,Tether
tether,2025-07-12,85.85227877587944,Tether
tether,2025-07-12,85.85227877587944,Tether
tether,2025-07-12,85.85227877587944,Tether
tether,2025-07-13,85.85061649402768,Tether
tether,2025-07-13,85.85061649402768,Tether
tether,2025-07-13,85.85061649402768,Tether
tether,2025-07-13,85.85061649402768,Tether
tether,2025-07-13,85.85061649402768,Tether
tether,2025-07-14,85.84713404704165,Tether
tether,2025-07-14,85.84713404704165,Tether
tether,2025-07-14,85.84713404704165,Tether
tether,2025-07-14,85.84713404704165,Tether
tether,2025-07-14,85.84713404704165,Tether
tether,2025-07-15,85.9788836587437,Tether
tether,2025-07-15,85.9788836587437,Tether
tether,2025-07-15,85.9788836587437,Tether
tether,2025-07-15,85.9788836587437,Tether
tether,2025-07-15,85.9788836587437,Tether
tether,2025-07-16,85.99614027111835,Tether
tether,2025-07-16,85.99614027111835,Tether
tether,2025-07-16,85.99614027111835,Tether
tether,2025-07-16,85.99614027111835,Tether
tether,2025-07-16,85.99614027111835,Tether
tether,2025-07-17,85.92092361254213,Tether
tether,2025-07-17,85.92092361254213,Tether
tether,2025-07-17,85.92092361254213,Tether
tether,2025-07-17,85.92092361254213,Tether
tether,2025-07-17,85.92092361254213,Tether
tether,2025-07-18,86.09793480404404,Tether
tether,2025-07-18,86.09793480404404,Tether
tether,2025-07-18,86.09793480404404,Tether
tether,2025-07-18,86.09793480404404,Tether
tether,2025-07-18,86.09793480404404,Tether
tether,2025-07-19,86.18837553232646,Tether
tether,2025-07-19,86.18837553232646,Tether
tether,2025-07-19,86.18837553232646,Tether
tether,2025-07-19,86.18837553232646,Tether
tether,2025-07-19,86.18837553232646,Tether
tether,2025-07-20,86.18240819304249,Tether
tether,2025-07-20,86.18240819304249,Tether
tether,2025-07-20,86.18240819304249,Tether
tether,2025-07-20,86.18240819304249,Tether
tether,2025-07-20,86.18240819304249,Tether
tether,2025-07-21,86.18316667030595,Tether
tether,2025-07-21,86.18316667030595,Tether
tether,2025-07-21,86.18316667030595,Tether
tether,2025-07-21,86.18316667030595,Tether
tether,2025-07-21,86.18316667030595,Tether
tether,2025-07-22,86.30931582921966,Tether
tether,2025-07-22,86.30931582921966,Tether
tether,2025-07-22,86.30931582921966,Tether
tether,2025-07-22,86.30931582921966,Tether
tether,2025-07-22,86.30931582921966,Tether
tether,2025-07-23,86.374857116835,Tether
tether,2025-07-23,86.374857116835,Tether
tether,2025-07-23,86.374857116835,Tether
tether,2025-07-23,86.374857116835,Tether
tether,2025-07-23,86.374857116835,Tether
tether,2025-07-24,86.43062185519801,Tether
tether,2025-07-24,86.43062185519801,Tether
tether,2025-07-24,86.43062185519801,Tether
tether,2025-07-24,86.43062185519801,Tether
tether,2025-07-24,86.43062185519801,Tether
tether,2025-07-25,86.46549430247569,Tether
tether,2025-07-25,86.46549430247569,Tether
tether,2025-07-25,86.46549430247569,Tether
tether,2025-07-25,86.46549430247569,Tether
tether,2025-07-25,86.46549430247569,Tether
tether,2025-07-26,86.5079067153148,Tether
tether,2025-07-26,86.5079067153148,Tether
tether,2025-07-26,86.5079067153148,Tether
tether,2025-07-26,86.5079067153148,Tether
tether,2025-07-26,86.5079067153148,Tether
tether,2025-07-27,86.52243726818574,Tether
tether,2025-07-27,86.52243726818574,Tether
tether,2025-07-27,86.52243726818574,Tether
tether,2025-07-27,86.52243726818574,Tether
tether,2025-07-27,86.52243726818574,Tether
tether,2025-07-28,86.52789458004021,Tether
tether,2025-07-28,86.52789458004021,Tether
tether,2025-07-28,86.52789458004021,Tether
tether,2025-07-28,86.52789458004021,Tether
tether,2025-07-28,86.52789458004021,Tether
tether,2025-07-29,86.77257651023056,Tether
tether,2025-07-29,86.77257651023056,Tether
tether,2025-07-29,86.77257651023056,Tether
tether,2025-07-29,86.77257651023056,Tether
tether,2025-07-29,86.77257651023056,Tether
tether,2025-07-30,87.0447381138731,Tether
tether,2025-07-30,87.0447381138731,Tether
tether,2025-07-30,87.0447381138731,Tether
tether,2025-07-30,87.0447381138731,Tether
tether,2025-07-30,87.0447381138731,Tether
tether,2025-07-31,87.66199308684169,Tether
tether,2025-07-31,87.66199308684169,Tether
tether,2025-07-31,87.66199308684169,Tether
tether,2025-07-31,87.66199308684169,Tether
tether,2025-07-31,87.66199308684169,Tether
tether,2025-08-01,87.47687374098898,Tether
tether,2025-08-01,87.47687374098898,Tether
tether,2025-08-01,87.47687374098898,Tether
tether,2025-08-01,87.47687374098898,Tether
tether,2025-08-01,87.47687374098898,Tether
tether,2025-08-02,87.12827066746021,Tether
tether,2025-08-02,87.12827066746021,Tether
tether,2025-08-02,87.12827066746021,Tether
tether,2025-08-02,87.12827066746021,Tether
tether,2025-08-02,87.12827066746021,Tether
tether,2025-08-03,87.14631032765092,Tether
tether,2025-08-03,87.14631032765092,Tether
tether,2025-08-03,87.14631032765092,Tether
tether,2025-08-03,87.14631032765092,Tether
tether,2025-08-03,87.14631032765092,Tether
tether,2025-08-04,87.24786620155615,Tether
tether,2025-08-04,87.24786620155615,Tether
tether,2025-08-04,87.24786620155615,Tether
tether,2025-08-04,87.24786620155615,Tether
tether,2025-08-04,87.24786620155615,Tether
tether,2025-08-05,87.88635216255223,Tether
tether,2025-08-05,87.88635216255223,Tether
tether,2025-08-05,87.88635216255223,Tether
tether,2025-08-05,87.88635216255223,Tether
tether,2025-08-05,87.88635216255223,Tether
tether,2025-08-06,87.71607532269402,Tether
tether,2025-08-06,87.71607532269402,Tether
tether,2025-08-06,87.71607532269402,Tether
tether,2025-08-06,87.71607532269402,Tether
tether,2025-08-06,87.71607532269402,Tether
tether,2025-08-07,87.77852723054042,Tether
tether,2025-08-07,87.77852723054042,Tether
tether,2025-08-07,87.77852723054042,Tether
tether,2025-08-07,87.77852723054042,Tether
tether,2025-08-07,87.77852723054042,Tether
tether,2025-08-08,87.4444950197738,Tether
tether,2025-08-08,87.4444950197738,Tether
tether,2025-08-08,87.4444950197738,Tether
tether,2025-08-08,87.4444950197738,Tether
tether,2025-08-08,87.4444950197738,Tether
tether,2025-08-09,87.7304688799895,Tether
tether,2025-08-09,87.7304688799895,Tether
tether,2025-08-09,87.7304688799895,Tether
tether,2025-08-09,87.7304688799895,Tether
tether,2025-08-09,87.7304688799895,Tether
tether,2025-08-10,87.73905734147515,Tether
tether,2025-08-10,87.73905734147515,Tether
tether,2025-08-10,87.73905734147515,Tether
tether,2025-08-10,87.73905734147515,Tether
tether,2025-08-10,87.73905734147515,Tether
tether,2025-08-11,87.49382998052141,Tether
tether,2025-08-11,87.49382998052141,Tether
tether,2025-08-11,87.49382998052141,Tether
tether,2025-08-11,87.49382998052141,Tether
tether,2025-08-11,87.49382998052141,Tether
tether,2025-08-12,87.66325855501688,Tether
tether,2025-08-12,87.66325855501688,Tether
tether,2025-08-12,87.66325855501688,Tether
tether,2025-08-12,87.66325855501688,Tether
tether,2025-08-12,87.66325855501688,Tether
tether,2025-08-13,87.57426395817158,Tether
tether,2025-08-13,87.57426395817158,Tether
tether,2025-08-13,87.57426395817158,Tether
tether,2025-08-13,87.57426395817158,Tether
tether,2025-08-13,87.57426395817158,Tether
tether,2025-08-14,87.47159503365995,Tether
tether,2025-08-14,87.47159503365995,Tether
tether,2025-08-14,87.47159503365995,Tether
tether,2025-08-14,87.47159503365995,Tether
tether,2025-08-14,87.47159503365995,Tether
tether,2025-08-15,87.7507816372641,Tether
tether,2025-08-15,87.7507816372641,Tether
tether,2025-08-15,87.7507816372641,Tether
tether,2025-08-15,87.7507816372641,Tether
tether,2025-08-15,87.7507816372641,Tether
tether,2025-08-16,87.57103102116423,Tether
tether,2025-08-16,87.57103102116423,Tether
tether,2025-08-16,87.57103102116423,Tether
tether,2025-08-16,87.57103102116423,Tether
tether,2025-08-16,87.57103102116423,Tether
tether,2025-08-17,87.56566303963238,Tether
tether,2025-08-17,87.56566303963238,Tether
tether,2025-08-17,87.56566303963238,Tether
tether,2025-08-17,87.56566303963238,Tether
tether,2025-08-17,87.56566303963238,Tether
tether,2025-08-18,87.56915502746656,Tether
tether,2025-08-18,87.56915502746656,Tether
tether,2025-08-18,87.56915502746656,Tether
tether,2025-08-18,87.56915502746656,Tether
tether,2025-08-18,87.56915502746656,Tether
tether,2025-08-19,87.3340088432775,Tether
tether,2025-08-19,87.3340088432775,Tether
tether,2025-08-19,87.3340088432775,Tether
tether,2025-08-19,87.3340088432775,Tether
tether,2025-08-19,87.3340088432775,Tether
tether,2025-08-20,87.06237707950677,Tether
tether,2025-08-20,87.06237707950677,Tether
tether,2025-08-20,87.06237707950677,Tether
tether,2025-08-20,87.06237707950677,Tether
tether,2025-08-20,87.06237707950677,Tether
tether,2025-08-21,87.02531092350665,Tether
tether,2025-08-21,87.02531092350665,Tether
tether,2025-08-21,87.02531092350665,Tether
tether,2025-08-21,87.02531092350665,Tether
tether,2025-08-21,87.02531092350665,Tether
tether,2025-08-22,87.27411100595894,Tether
tether,2025-08-22,87.27411100595894,Tether
tether,2025-08-22,87.27411100595894,Tether
tether,2025-08-22,87.27411100595894,Tether
tether,2025-08-22,87.27411100595894,Tether
tether,2025-08-23,87.30311165905988,Tether
tether,2025-08-23,87.30311165905988,Tether
tether,2025-08-23,87.30311165905988,Tether
tether,2025-08-23,87.30311165905988,Tether
tether,2025-08-23,87.30311165905988,Tether
tether,2025-08-24,87.29882406170462,Tether
tether,2025-08-24,87.29882406170462,Tether
tether,2025-08-24,87.29882406170462,Tether
tether,2025-08-24,87.29882406170462,Tether
tether,2025-08-24,87.29882406170462,Tether
tether,2025-08-25,87.3250208029963,Tether
tether,2025-08-25,87.3250208029963,Tether
tether,2025-08-25,87.3250208029963,Tether
tether,2025-08-25,87.3250208029963,Tether
tether,2025-08-25,87.3250208029963,Tether
tether,2025-08-26,87.62524577288721,Tether
tether,2025-08-26,87.62524577288721,Tether
tether,2025-08-26,87.62524577288721,Tether
tether,2025-08-26,87.62524577288721,Tether
tether,2025-08-26,87.62524577288721,Tether
tether,2025-08-27,87.6555295525574,Tether
tether,2025-08-27,87.6555295525574,Tether
tether,2025-08-27,87.6555295525574,Tether
tether,2025-08-27,87.6555295525574,Tether
tether,2025-08-27,87.6555295525574,Tether
tether,2025-08-28,87.668600994889,Tether
tether,2025-08-28,87.668600994889,Tether
tether,2025-08-28,87.668600994889,Tether
tether,2025-08-28,87.668600994889,Tether
tether,2025-08-28,87.668600994889,Tether
tether,2025-08-29,87.60195342039783,Tether
tether,2025-08-29,87.60195342039783,Tether
tether,2025-08-29,87.60195342039783,Tether
tether,2025-08-29,87.60195342039783,Tether
tether,2025-08-29,87.60195342039783,Tether
tether,2025-08-30,88.18667861075136,Tether
tether,2025-08-30,88.18667861075136,Tether
tether,2025-08-30,88.18667861075136,Tether
tether,2025-08-30,88.18667861075136,Tether
tether,2025-08-30,88.18667861075136,Tether
tether,2025-08-31,88.19307898655691,Tether
tether,2025-08-31,88.19307898655691,Tether
tether,2025-08-31,88.19307898655691,Tether
tether,2025-08-31,88.19307898655691,Tether
tether,2025-08-31,88.19307898655691,Tether
tether,2025-09-01,88.18864003171554,Tether
tether,2025-09-01,88.18864003171554,Tether
tether,2025-09-01,88.18864003171554,Tether
tether,2025-09-01,88.18864003171554,Tether
tether,2025-09-01,88.18864003171554,Tether
tether,2025-09-02,88.00873910734951,Tether
tether,2025-09-02,88.00873910734951,Tether
tether,2025-09-02,88.00873910734951,Tether
tether,2025-09-02,88.00873910734951,Tether
tether,2025-09-02,88.00873910734951,Tether
tether,2025-09-03,88.00002982554487,Tether
tether,2025-09-03,88.00002982554487,Tether
tether,2025-09-03,88.00002982554487,Tether
tether,2025-09-03,88.00002982554487,Tether
tether,2025-09-03,88.00002982554487,Tether
tether,2025-09-04,88.10692319228819,Tether
tether,2025-09-04,88.10692319228819,Tether
tether,2025-09-04,88.10692319228819,Tether
tether,2025-09-04,88.10692319228819,Tether
tether,2025-09-04,88.10692319228819,Tether
tether,2025-09-05,88.20504329957987,Tether
tether,2025-09-05,88.20504329957987,Tether
tether,2025-09-05,88.20504329957987,Tether
tether,2025-09-05,88.20504329957987,Tether
tether,2025-09-05,88.20504329957987,Tether
tether,2025-09-06,88.20372141914076,Tether
tether,2025-09-06,88.20372141914076,Tether
tether,2025-09-06,88.20372141914076,Tether
tether,2025-09-06,88.20372141914076,Tether
tether,2025-09-06,88.20372141914076,Tether
tether,2025-09-07,88.21983030547217,Tether
tether,2025-09-07,88.21983030547217,Tether
tether,2025-09-07,88.21983030547217,Tether
tether,2025-09-07,88.21983030547217,Tether
tether,2025-09-07,88.21983030547217,Tether
tether,2025-09-08,88.18847972275259,Tether
tether,2025-09-08,88.18847972275259,Tether
tether,2025-09-08,88.18847972275259,Tether
tether,2025-09-08,88.18847972275259,Tether
tether,2025-09-08,88.18847972275259,Tether
tether,2025-09-09,87.98584666444708,Tether
tether,2025-09-09,87.98584666444708,Tether
tether,2025-09-09,87.98584666444708,Tether
tether,2025-09-09,87.98584666444708,Tether
tether,2025-09-09,87.98584666444708,Tether
tether,2025-09-10,88.22328147418891,Tether
tether,2025-09-10,88.22328147418891,Tether
tether,2025-09-10,88.22328147418891,Tether
tether,2025-09-10,88.22328147418891,Tether
tether,2025-09-10,88.22328147418891,Tether
tether,2025-09-11,88.0799119922726,Tether
tether,2025-09-11,88.0799119922726,Tether
tether,2025-09-11,88.0799119922726,Tether
tether,2025-09-11,88.0799119922726,Tether
tether,2025-09-11,88.0799119922726,Tether
tether,2025-09-12,88.30068969250112,Tether
tether,2025-09-12,88.30068969250112,Tether
tether,2025-09-12,88.30068969250112,Tether
tether,2025-09-12,88.30068969250112,Tether
tether,2025-09-12,88.30068969250112,Tether
tether,2025-09-13,88.33560397637382,Tether
tether,2025-09-13,88.33560397637382,Tether
tether,2025-09-13,88.33560397637382,Tether
tether,2025-09-13,88.33560397637382,Tether
tether,2025-09-13,88.33560397637382,Tether
tether,2025-09-14,88.32785330203377,Tether
tether,2025-09-14,88.32785330203377,Tether
tether,2025-09-14,88.32785330203377,Tether
tether,2025-09-14,88.32785330203377,Tether
tether,2025-09-14,88.32785330203377,Tether
tether,2025-09-15,88.3351205913677,Tether
tether,2025-09-15,88.3351205913677,Tether
tether,2025-09-15,88.3351205913677,Tether
tether,2025-09-15,88.3351205913677,Tether
tether,2025-09-15,88.3351205913677,Tether
tether,2025-09-16,88.15077362664188,Tether
tether,2025-09-16,88.15077362664188,Tether
tether,2025-09-16,88.15077362664188,Tether
tether,2025-09-16,88.15077362664188,Tether
tether,2025-09-16,88.15077362664188,Tether
tether,2025-09-17,87.91150541711174,Tether
tether,2025-09-17,87.91150541711174,Tether
tether,2025-09-17,87.91150541711174,Tether
tether,2025-09-17,87.91150541711174,Tether
tether,2025-09-17,87.91150541711174,Tether
tether,2025-09-18,87.93977895055079,Tether
tether,2025-09-18,87.93977895055079,Tether
tether,2025-09-18,87.93977895055079,Tether
tether,2025-09-18,87.93977895055079,Tether
tether,2025-09-18,87.93977895055079,Tether
tether,2025-09-19,88.23765391962607,Tether
tether,2025-09-19,88.23765391962607,Tether
tether,2025-09-19,88.23765391962607,Tether
tether,2025-09-19,88.23765391962607,Tether
tether,2025-09-19,88.23765391962607,Tether
tether,2025-09-20,88.13802082148666,Tether
tether,2025-09-20,88.13802082148666,Tether
tether,2025-09-20,88.13802082148666,Tether
tether,2025-09-20,88.13802082148666,Tether
tether,2025-09-20,88.13802082148666,Tether
tether,2025-09-21,88.139164151048,Tether
tether,2025-09-21,88.139164151048,Tether
tether,2025-09-21,88.139164151048,Tether
tether,2025-09-21,88.139164151048,Tether
tether,2025-09-21,88.139164151048,Tether
tether,2025-09-22,88.1346583356557,Tether
tether,2025-09-22,88.1346583356557,Tether
tether,2025-09-22,88.1346583356557,Tether
tether,2025-09-22,88.1346583356557,Tether
tether,2025-09-22,88.1346583356557,Tether
tether,2025-09-23,88.37661271837068,Tether
tether,2025-09-23,88.37661271837068,Tether
tether,2025-09-23,88.37661271837068,Tether
tether,2025-09-23,88.37661271837068,Tether
tether,2025-09-23,88.37661271837068,Tether
tether,2025-09-24,88.82656484403672,Tether
tether,2025-09-24,88.82656484403672,Tether
tether,2025-09-24,88.82656484403672,Tether
tether,2025-09-24,88.82656484403672,Tether
tether,2025-09-24,88.82656484403672,Tether
tether,2025-09-25,88.80868751998199,Tether
tether,2025-09-25,88.80868751998199,Tether
tether,2025-09-25,88.80868751998199,Tether
tether,2025-09-25,88.80868751998199,Tether
tether,2025-09-25,88.80868751998199,Tether
tether,2025-09-26,88.81435164667624,Tether
tether,2025-09-26,88.81435164667624,Tether
tether,2025-09-26,88.81435164667624,Tether
tether,2025-09-26,88.81435164667624,Tether
tether,2025-09-26,88.81435164667624,Tether
tether,2025-09-27,88.72140292397307,Tether
tether,2025-09-27,88.72140292397307,Tether
tether,2025-09-27,88.72140292397307,Tether
tether,2025-09-27,88.72140292397307,Tether
tether,2025-09-27,88.72140292397307,Tether
tether,2025-09-28,88.71734688895152,Tether
tether,2025-09-28,88.71734688895152,Tether
tether,2025-09-28,88.71734688895152,Tether
tether,2025-09-28,88.71734688895152,Tether
tether,2025-09-28,88.71734688895152,Tether
tether,2025-09-29,88.70541085832512,Tether
tether,2025-09-29,88.70541085832512,Tether
tether,2025-09-29,88.70541085832512,Tether
tether,2025-09-29,88.70541085832512,Tether
tether,2025-09-29,88.70541085832512,Tether
tether,2025-09-30,88.7491896902959,Tether
tether,2025-09-30,88.7491896902959,Tether
tether,2025-09-30,88.7491896902959,Tether
tether,2025-09-30,88.7491896902959,Tether
tether,2025-09-30,88.7491896902959,Tether
tether,2025-10-01,88.8426089698473,Tether
tether,2025-10-01,88.8426089698473,Tether
tether,2025-10-01,88.8426089698473,Tether
tether,2025-10-01,88.8426089698473,Tether
tether,2025-10-01,88.8426089698473,Tether
tether,2025-10-02,88.72426143807172,Tether
tether,2025-10-02,88.72426143807172,Tether
tether,2025-10-02,88.72426143807172,Tether
tether,2025-10-02,88.72426143807172,Tether
tether,2025-10-02,88.72426143807172,Tether
tether,2025-10-03,88.76512104961576,Tether
tether,2025-10-03,88.76512104961576,Tether
tether,2025-10-03,88.76512104961576,Tether
tether,2025-10-03,88.76512104961576,Tether
tether,2025-10-03,88.76512104961576,Tether
tether,2025-10-04,88.78362210279245,Tether
tether,2025-10-04,88.78362210279245,Tether
tether,2025-10-04,88.78362210279245,Tether
tether,2025-10-04,88.78362210279245,Tether
tether,2025-10-04,88.78362210279245,Tether
tether,2025-10-05,88.76623479806274,Tether
tether,2025-10-05,88.76623479806274,Tether
tether,2025-10-05,88.76623479806274,Tether
tether,2025-10-05,88.76623479806274,Tether
tether,2025-10-05,88.76623479806274,Tether
tether,2025-10-06,88.75366387498042,Tether
tether,2025-10-06,88.75366387498042,Tether
tether,2025-10-06,88.75366387498042,Tether
tether,2025-10-06,88.75366387498042,Tether
tether,2025-10-06,88.75366387498042,Tether
tether,2025-10-07,88.75288542329216,Tether
tether,2025-10-07,88.75288542329216,Tether
tether,2025-10-07,88.75288542329216,Tether
tether,2025-10-07,88.75288542329216,Tether
tether,2025-10-07,88.75288542329216,Tether
tether,2025-10-08,88.77735469974357,Tether
tether,2025-10-08,88.77735469974357,Tether
tether,2025-10-08,88.77735469974357,Tether
tether,2025-10-08,88.77735469974357,Tether
tether,2025-10-08,88.77735469974357,Tether
tether,2025-10-09,88.78940863615091,Tether
tether,2025-10-09,88.78940863615091,Tether
tether,2025-10-09,88.78940863615091,Tether
tether,2025-10-09,88.78940863615091,Tether
tether,2025-10-09,88.78940863615091,Tether
tether,2025-10-10,88.91298299022279,Tether
tether,2025-10-10,88.91298299022279,Tether
tether,2025-10-10,88.91298299022279,Tether
tether,2025-10-10,88.91298299022279,Tether
tether,2025-10-10,88.91298299022279,Tether
tether,2025-10-11,88.90605760034835,Tether
tether,2025-10-11,88.90605760034835,Tether
tether,2025-10-11,88.90605760034835,Tether
tether,2025-10-11,88.90605760034835,Tether
tether,2025-10-11,88.90605760034835,Tether
tether,2025-10-12,88.89251175516847,Tether
tether,2025-10-12,88.89251175516847,Tether
tether,2025-10-12,88.89251175516847,Tether
tether,2025-10-12,88.89251175516847,Tether
tether,2025-10-12,88.89251175516847,Tether
tether,2025-10-13,88.86461911659299,Tether
tether,2025-10-13,88.86461911659299,Tether
tether,2025-10-13,88.86461911659299,Tether
tether,2025-10-13,88.86461911659299,Tether
tether,2025-10-13,88.86461911659299,Tether
tether,2025-10-14,88.75798894617424,Tether
tether,2025-10-14,88.75798894617424,Tether
tether,2025-10-14,88.75798894617424,Tether
tether,2025-10-14,88.75798894617424,Tether
tether,2025-10-14,88.75798894617424,Tether
tether,2025-10-15,88.84161342512054,Tether
tether,2025-10-15,88.84161342512054,Tether
tether,2025-10-15,88.84161342512054,Tether
tether,2025-10-15,88.84161342512054,Tether
tether,2025-10-15,88.84161342512054,Tether
tether,2025-10-16,87.87595476797446,Tether
tether,2025-10-16,87.87595476797446,Tether
tether,2025-10-16,87.87595476797446,Tether
tether,2025-10-16,87.87595476797446,Tether
tether,2025-10-16,87.87595476797446,Tether
tether,2025-10-17,88.03026630514042,Tether
tether,2025-10-17,88.03026630514042,Tether
tether,2025-10-17,88.03026630514042,Tether
tether,2025-10-17,88.03026630514042,Tether
tether,2025-10-17,88.03026630514042,Tether
tether,2025-10-18,88.09120710681987,Tether
tether,2025-10-18,88.09120710681987,Tether
tether,2025-10-18,88.09120710681987,Tether
tether,2025-10-18,88.09120710681987,Tether
tether,2025-10-18,88.09120710681987,Tether
tether,2025-10-19,88.07983302001,Tether
tether,2025-10-19,88.07983302001,Tether
tether,2025-10-19,88.07983302001,Tether
tether,2025-10-19,88.07983302001,Tether
tether,2025-10-19,88.07983302001,Tether
tether,2025-10-20,88.05341963633443,Tether
tether,2025-10-20,88.05341963633443,Tether
tether,2025-10-20,88.05341963633443,Tether
tether,2025-10-20,88.05341963633443,Tether
tether,2025-10-20,88.05341963633443,Tether
tether,2025-10-21,87.9260315917352,Tether
tether,2025-10-21,87.9260315917352,Tether
tether,2025-10-21,87.9260315917352,Tether
tether,2025-10-21,87.9260315917352,Tether
tether,2025-10-21,87.9260315917352,Tether
tether,2025-10-22,88.06928167631557,Tether
tether,2025-10-22,88.06928167631557,Tether
tether,2025-10-22,88.06928167631557,Tether
tether,2025-10-22,88.06928167631557,Tether
tether,2025-10-22,88.06928167631557,Tether
tether,2025-10-23,87.77158858695039,Tether
tether,2025-10-23,87.77158858695039,Tether
tether,2025-10-23,87.77158858695039,Tether
tether,2025-10-23,87.77158858695039,Tether
tether,2025-10-23,87.77158858695039,Tether
tether,2025-10-24,87.81763959771669,Tether
tether,2025-10-24,87.81763959771669,Tether
tether,2025-10-24,87.81763959771669,Tether
tether,2025-10-24,87.81763959771669,Tether
tether,2025-10-24,87.81763959771669,Tether
tether,2025-10-25,87.8550746128549,Tether
tether,2025-10-25,87.8550746128549,Tether
tether,2025-10-25,87.8550746128549,Tether
tether,2025-10-25,87.8550746128549,Tether
tether,2025-10-25,87.8550746128549,Tether
tether,2025-10-26,87.85314930031927,Tether
tether,2025-10-26,87.85314930031927,Tether
tether,2025-10-26,87.85314930031927,Tether
tether,2025-10-26,87.85314930031927,Tether
tether,2025-10-26,87.85314930031927,Tether
tether,2025-10-27,87.85195702568677,Tether
tether,2025-10-27,87.85195702568677,Tether
tether,2025-10-27,87.85195702568677,Tether
tether,2025-10-27,87.85195702568677,Tether
tether,2025-10-27,87.85195702568677,Tether
tether,2025-10-28,88.23580845345,Tether
tether,2025-10-28,88.23580845345,Tether
tether,2025-10-28,88.23580845345,Tether
tether,2025-10-28,88.23580845345,Tether
tether,2025-10-28,88.23580845345,Tether
tether,2025-10-29,88.25448192741274,Tether
tether,2025-10-29,88.25448192741274,Tether
tether,2025-10-29,88.25448192741274,Tether
tether,2025-10-29,88.25448192741274,Tether
tether,2025-10-29,88.25448192741274,Tether
tether,2025-10-30,88.37203661224855,Tether
tether,2025-10-30,88.37203661224855,Tether
tether,2025-10-30,88.37203661224855,Tether
tether,2025-10-30,88.37203661224855,Tether
tether,2025-10-30,88.37203661224855,Tether
tether,2025-10-31,88.64761241704615,Tether
tether,2025-10-31,88.64761241704615,Tether
tether,2025-10-31,88.64761241704615,Tether
tether,2025-10-31,88.64761241704615,Tether
tether,2025-10-31,88.64761241704615,Tether
tether,2025-11-01,88.82065097034915,Tether
tether,2025-11-01,88.82065097034915,Tether
tether,2025-11-01,88.82065097034915,Tether
tether,2025-11-01,88.82065097034915,Tether
tether,2025-11-01,88.82065097034915,Tether
tether,2025-11-02,88.75800024218165,Tether
tether,2025-11-02,88.75800024218165,Tether
tether,2025-11-02,88.75800024218165,Tether
tether,2025-11-02,88.75800024218165,Tether
tether,2025-11-02,88.75800024218165,Tether
tether,2025-11-03,88.79262580633974,Tether
tether,2025-11-03,88.79262580633974,Tether
tether,2025-11-03,88.79262580633974,Tether
tether,2025-11-03,88.79262580633974,Tether
tether,2025-11-03,88.79262580633974,Tether
tether,2025-11-04,88.71741213008899,Tether
tether,2025-11-04,88.71741213008899,Tether
tether,2025-11-04,88.71741213008899,Tether
tether,2025-11-04,88.71741213008899,Tether
tether,2025-11-04,88.71741213008899,Tether
tether,2025-11-05,88.73379965537089,Tether
tether,2025-11-05,88.73379965537089,Tether
tether,2025-11-05,88.73379965537089,Tether
tether,2025-11-05,88.73379965537089,Tether
tether,2025-11-05,88.73379965537089,Tether
tether,2025-11-06,88.5625678020861,Tether
tether,2025-11-06,88.5625678020861,Tether
tether,2025-11-06,88.5625678020861,Tether
tether,2025-11-06,88.5625678020861,Tether
tether,2025-11-06,88.5625678020861,Tether
tether,2025-11-07,88.63797690855044,Tether
tether,2025-11-07,88.63797690855044,Tether
tether,2025-11-07,88.63797690855044,Tether
tether,2025-11-07,88.63797690855044,Tether
tether,2025-11-07,88.63797690855044,Tether
tether,2025-11-08,88.6391072849014,Tether
tether,2025-11-08,88.6391072849014,Tether
tether,2025-11-08,88.6391072849014,Tether
tether,2025-11-08,88.6391072849014,Tether
tether,2025-11-08,88.6391072849014,Tether
tether,2025-11-09,88.64810924782387,Tether
tether,2025-11-09,88.64810924782387,Tether
tether,2025-11-09,88.64810924782387,Tether
tether,2025-11-09,88.64810924782387,Tether
tether,2025-11-09,88.64810924782387,Tether
tether,2025-11-10,88.63797258022694,Tether
tether,2025-11-10,88.63797258022694,Tether
tether,2025-11-10,88.63797258022694,Tether
tether,2025-11-10,88.63797258022694,Tether
tether,2025-11-10,88.63797258022694,Tether
tether,2025-11-11,88.6721395259377,Tether
tether,2025-11-11,88.6721395259377,Tether
tether,2025-11-11,88.6721395259377,Tether
tether,2025-11-11,88.6721395259377,Tether
tether,2025-11-11,88.6721395259377,Tether
tether,2025-11-12,88.40908429110375,Tether
tether,2025-11-12,88.40908429110375,Tether
tether,2025-11-12,88.40908429110375,Tether
tether,2025-11-12,88.40908429110375,Tether
tether,2025-11-12,88.40908429110375,Tether
tether,2025-11-13,88.57768259711408,Tether
tether,2025-11-13,88.57768259711408,Tether
tether,2025-11-13,88.57768259711408,Tether
tether,2025-11-13,88.57768259711408,Tether
tether,2025-11-13,88.57768259711408,Tether
tether,2025-11-14,88.75966779895626,Tether
tether,2025-11-14,88.75966779895626,Tether
tether,2025-11-14,88.75966779895626,Tether
tether,2025-11-14,88.75966779895626,Tether
tether,2025-11-14,88.75966779895626,Tether
tether,2025-11-15,88.65745562119984,Tether
tether,2025-11-15,88.65745562119984,Tether
tether,2025-11-15,88.65745562119984,Tether
tether,2025-11-15,88.65745562119984,Tether
tether,2025-11-15,88.65745562119984,Tether
tether,2025-11-16,88.65619087029994,Tether
tether,2025-11-16,88.65619087029994,Tether
tether,2025-11-16,88.65619087029994,Tether
tether,2025-11-16,88.65619087029994,Tether
tether,2025-11-16,88.65619087029994,Tether
tether,2025-11-17,88.62689987537672,Tether
tether,2025-11-17,88.62689987537672,Tether
tether,2025-11-17,88.62689987537672,Tether
tether,2025-11-17,88.62689987537672,Tether
tether,2025-11-17,88.62689987537672,Tether
tether,2025-11-18,88.54166896625892,Tether
tether,2025-11-18,88.54166896625892,Tether
tether,2025-11-18,88.54166896625892,Tether
tether,2025-11-18,88.54166896625892,Tether
tether,2025-11-18,88.54166896625892,Tether
tether,2025-11-19,88.51590926900492,Tether
tether,2025-11-19,88.51590926900492,Tether
tether,2025-11-19,88.51590926900492,Tether
tether,2025-11-19,88.51590926900492,Tether
tether,2025-11-19,88.51590926900492,Tether
tether,2025-11-20,88.4108653142146,Tether
tether,2025-11-20,88.4108653142146,Tether
tether,2025-11-20,88.4108653142146,Tether
tether,2025-11-20,88.4108653142146,Tether
tether,2025-11-20,88.4108653142146,Tether
tether,2025-11-21,88.59563784626259,Tether
tether,2025-11-21,88.59563784626259,Tether
tether,2025-11-21,88.59563784626259,Tether
tether,2025-11-21,88.59563784626259,Tether
tether,2025-11-21,88.59563784626259,Tether
tether,2025-11-22,89.58183385437731,Tether
tether,2025-11-22,89.58183385437731,Tether
tether,2025-11-22,89.58183385437731,Tether
tether,2025-11-22,89.58183385437731,Tether
tether,2025-11-22,89.58183385437731,Tether
tether,2025-11-23,89.60575823562925,Tether
tether,2025-11-23,89.60575823562925,Tether
tether,2025-11-23,89.60575823562925,Tether
tether,2025-11-23,89.60575823562925,Tether
tether,2025-11-23,89.60575823562925,Tether
tether,2025-11-24,89.61286862659206,Tether
tether,2025-11-24,89.61286862659206,Tether
tether,2025-11-24,89.61286862659206,Tether
tether,2025-11-24,89.61286862659206,Tether
tether,2025-11-24,89.61286862659206,Tether
tether,2025-11-25,89.13868923900014,Tether
tether,2025-11-25,89.13868923900014,Tether
tether,2025-11-25,89.13868923900014,Tether
tether,2025-11-25,89.13868923900014,Tether
tether,2025-11-25,89.13868923900014,Tether
tether,2025-11-26,89.1257096830021,Tether
tether,2025-11-26,89.1257096830021,Tether
tether,2025-11-26,89.1257096830021,Tether
tether,2025-11-26,89.1257096830021,Tether
tether,2025-11-26,89.1257096830021,Tether
tether,2025-11-27,89.15845599673318,Tether
tether,2025-11-27,89.15845599673318,Tether
tether,2025-11-27,89.15845599673318,Tether
tether,2025-11-27,89.15845599673318,Tether
tether,2025-11-27,89.15845599673318,Tether
tether,2025-11-28,89.36495482281371,Tether
tether,2025-11-28,89.36495482281371,Tether
tether,2025-11-28,89.36495482281371,Tether
tether,2025-11-28,89.36495482281371,Tether
tether,2025-11-28,89.36495482281371,Tether
tether,2025-11-29,89.36856427843449,Tether
tether,2025-11-29,89.36856427843449,Tether
tether,2025-11-29,89.36856427843449,Tether
tether,2025-11-29,89.36856427843449,Tether
tether,2025-11-29,89.36856427843449,Tether
tether,2025-11-30,89.37830938750452,Tether
tether,2025-11-30,89.37830938750452,Tether
tether,2025-11-30,89.37830938750452,Tether
tether,2025-11-30,89.37830938750452,Tether
tether,2025-11-30,89.37830938750452,Tether
tether,2025-12-01,89.37112064045994,Tether
tether,2025-12-01,89.37112064045994,Tether
tether,2025-12-01,89.37112064045994,Tether
tether,2025-12-01,89.37112064045994,Tether
tether,2025-12-01,89.37112064045994,Tether
tether,2025-12-02,89.61795485812628,Tether
tether,2025-12-02,89.61795485812628,Tether
tether,2025-12-02,89.61795485812628,Tether
tether,2025-12-02,89.61795485812628,Tether
tether,2025-12-02,89.61795485812628,Tether
tether,2025-12-03,89.94838626297397,Tether
tether,2025-12-03,89.94838626297397,Tether
tether,2025-12-03,89.94838626297397,Tether
tether,2025-12-03,89.94838626297397,Tether
tether,2025-12-03,89.94838626297397,Tether
tether,2025-12-04,90.19657892405961,Tether
tether,2025-12-04,90.19657892405961,Tether
tether,2025-12-04,90.19657892405961,Tether
tether,2025-12-04,90.19657892405961,Tether
tether,2025-12-04,90.19657892405961,Tether
tether,2025-12-05,89.85301183611787,Tether
tether,2025-12-05,89.85301183611787,Tether
tether,2025-12-05,89.85301183611787,Tether
tether,2025-12-05,89.85301183611787,Tether
tether,2025-12-05,89.85301183611787,Tether
tether,2025-12-06,89.97342634793257,Tether
tether,2025-12-06,89.97342634793257,Tether
tether,2025-12-06,89.97342634793257,Tether
tether,2025-12-06,89.97342634793257,Tether
tether,2025-12-06,89.97342634793257,Tether
tether,2025-12-07,89.98474906827668,Tether
tether,2025-12-07,89.98474906827668,Tether
tether,2025-12-07,89.98474906827668,Tether
tether,2025-12-07,89.98474906827668,Tether
tether,2025-12-07,89.98474906827668,Tether
tether,2025-12-08,89.97259854785385,Tether
tether,2025-12-08,89.97259854785385,Tether
tether,2025-12-08,89.97259854785385,Tether
tether,2025-12-08,89.97259854785385,Tether
tether,2025-12-08,89.97259854785385,Tether
tether,2025-12-09,90.14013168471735,Tether
tether,2025-12-09,90.14013168471735,Tether
tether,2025-12-09,90.14013168471735,Tether
tether,2025-12-09,90.14013168471735,Tether
tether,2025-12-09,90.14013168471735,Tether
tether,2025-12-10,89.92478216651145,Tether
tether,2025-12-10,89.92478216651145,Tether
tether,2025-12-10,89.92478216651145,Tether
tether,2025-12-10,89.92478216651145,Tether
tether,2025-12-10,89.92478216651145,Tether
tether,2025-12-11,89.81184332576044,Tether
tether,2025-12-11,89.81184332576044,Tether
tether,2025-12-11,89.81184332576044,Tether
tether,2025-12-11,89.81184332576044,Tether
tether,2025-12-11,89.81184332576044,Tether
tether,2025-12-12,90.2697965268675,Tether
tether,2025-12-12,90.2697965268675,Tether
tether,2025-12-12,90.2697965268675,Tether
tether,2025-12-12,90.2697965268675,Tether
tether,2025-12-12,90.2697965268675,Tether
tether,2025-12-13,90.54461267113906,Tether
tether,2025-12-13,90.54461267113906,Tether
tether,2025-12-13,90.54461267113906,Tether
tether,2025-12-13,90.54461267113906,Tether
tether,2025-12-13,90.54461267113906,Tether
tether,2025-12-14,90.59905295741481,Tether
tether,2025-12-14,90.59905295741481,Tether
tether,2025-12-14,90.59905295741481,Tether
tether,2025-12-14,90.59905295741481,Tether
tether,2025-12-14,90.59905295741481,Tether
tether,2025-12-15,90.60135439015166,Tether
tether,2025-12-15,90.60135439015166,Tether
tether,2025-12-15,90.60135439015166,Tether
tether,2025-12-15,90.60135439015166,Tether
tether,2025-12-15,90.60135439015166,Tether
tether,2025-12-16,90.78498450129678,Tether
tether,2025-12-16,90.78498450129678,Tether
tether,2025-12-16,90.78498450129678,Tether
tether,2025-12-16,90.78498450129678,Tether
tether,2025-12-16,90.78498450129678,Tether
tether,2025-12-17,90.93947274605033,Tether
tether,2025-12-17,90.93947274605033,Tether
tether,2025-12-17,90.93947274605033,Tether
tether,2025-12-17,90.93947274605033,Tether
tether,2025-12-17,90.93947274605033,Tether
tether,2025-12-18,90.39586093549374,Tether
tether,2025-12-18,90.39586093549374,Tether
tether,2025-12-18,90.39586093549374,Tether
tether,2025-12-18,90.39586093549374,Tether
tether,2025-12-18,90.39586093549374,Tether
tether,2025-12-19,90.22639439481647,Tether
tether,2025-12-19,90.22639439481647,Tether
tether,2025-12-19,90.22639439481647,Tether
tether,2025-12-19,90.22639439481647,Tether
tether,2025-12-19,90.22639439481647,Tether
tether,2025-12-20,89.53005618629385,Tether
tether,2025-12-20,89.53005618629385,Tether
tether,2025-12-20,89.53005618629385,Tether
tether,2025-12-20,89.53005618629385,Tether
tether,2025-12-20,89.53005618629385,Tether
tether,2025-12-21,89.55329537913303,Tether
tether,2025-12-21,89.55329537913303,Tether
tether,2025-12-21,89.55329537913303,Tether
tether,2025-12-21,89.55329537913303,Tether
tether,2025-12-21,89.55329537913303,Tether
tether,2025-12-22,89.55235938559296,Tether
tether,2025-12-22,89.55235938559296,Tether
tether,2025-12-22,89.55235938559296,Tether
tether,2025-12-22,89.55235938559296,Tether
tether,2025-12-22,89.55235938559296,Tether
tether,2025-12-23,89.56321616946981,Tether
tether,2025-12-23,89.56321616946981,Tether
tether,2025-12-23,89.56321616946981,Tether
tether,2025-12-23,89.56321616946981,Tether
tether,2025-12-23,89.56321616946981,Tether
tether,2025-12-24,89.42824078050577,Tether
tether,2025-12-24,89.42824078050577,Tether
tether,2025-12-24,89.42824078050577,Tether
tether,2025-12-24,89.42824078050577,Tether
tether,2025-12-24,89.42824078050577,Tether
tether,2025-12-25,89.78689321529701,Tether
tether,2025-12-25,89.78689321529701,Tether
tether,2025-12-25,89.78689321529701,Tether
tether,2025-12-25,89.78689321529701,Tether
tether,2025-12-25,89.78689321529701,Tether
tether,2025-12-26,90.06553404658248,Tether
tether,2025-12-26,90.06553404658248,Tether
tether,2025-12-26,90.06553404658248,Tether
tether,2025-12-26,90.06553404658248,Tether
tether,2025-12-26,90.06553404658248,Tether
tether,2025-12-27,89.72933722342869,Tether
tether,2025-12-27,89.72933722342869,Tether
tether,2025-12-27,89.72933722342869,Tether
tether,2025-12-27,89.72933722342869,Tether
tether,2025-12-27,89.72933722342869,Tether
tether,2025-12-28,89.76687299943417,Tether
tether,2025-12-28,89.76687299943417,Tether
tether,2025-12-28,89.76687299943417,Tether
tether,2025-12-28,89.76687299943417,Tether
tether,2025-12-28,89.76687299943417,Tether
tether,2025-12-29,89.75957578168293,Tether
tether,2025-12-29,89.75957578168293,Tether
tether,2025-12-29,89.75957578168293,Tether
tether,2025-12-29,89.75957578168293,Tether
tether,2025-12-29,89.75957578168293,Tether
tether,2025-12-30,89.80272658845097,Tether
tether,2025-12-30,89.80272658845097,Tether
tether,2025-12-30,89.80272658845097,Tether
tether,2025-12-30,89.80272658845097,Tether
tether,2025-12-30,89.80272658845097,Tether
tether,2025-12-31,89.68155241771825,Tether
tether,2025-12-31,89.68155241771825,Tether
tether,2025-12-31,89.68155241771825,Tether
tether,2025-12-31,89.68155241771825,Tether
tether,2025-12-31,89.68155241771825,Tether
tether,2026-01-01,89.86010638630553,Tether
tether,2026-01-01,89.86010638630553,Tether
tether,2026-01-01,89.86010638630553,Tether
tether,2026-01-01,89.86010638630553,Tether
tether,2026-01-01,89.86010638630553,Tether
tether,2026-01-02,89.86570510038233,Tether
tether,2026-01-02,89.86570510038233,Tether
tether,2026-01-02,89.86570510038233,Tether
tether,2026-01-02,89.86570510038233,Tether
tether,2026-01-02,89.86570510038233,Tether
tether,2026-01-03,89.97829419376352,Tether
tether,2026-01-03,89.97829419376352,Tether
tether,2026-01-03,89.97829419376352,Tether
tether,2026-01-03,89.97829419376352,Tether
tether,2026-01-03,89.97829419376352,Tether
tether,2026-01-04,89.98313618928253,Tether
tether,2026-01-04,89.98313618928253,Tether
tether,2026-01-04,89.98313618928253,Tether
tether,2026-01-04,89.98313618928253,Tether
tether,2026-01-04,89.98313618928253,Tether
tether,2026-01-05,89.9794305246393,Tether
tether,2026-01-05,89.9794305246393,Tether
tether,2026-01-05,89.9794305246393,Tether
tether,2026-01-05,89.9794305246393,Tether
tether,2026-01-05,89.9794305246393,Tether
tether,2026-01-06,90.22984949955419,Tether
tether,2026-01-06,90.22984949955419,Tether
tether,2026-01-06,90.22984949955419,Tether
tether,2026-01-06,90.22984949955419,Tether
tether,2026-01-06,90.22984949955419,Tether
tether,2026-01-07,90.11703926114808,Tether
tether,2026-01-07,90.11703926114808,Tether
tether,2026-01-07,90.11703926114808,Tether
tether,2026-01-07,90.11703926114808,Tether
tether,2026-01-07,90.11703926114808,Tether
tether,2026-01-08,89.7856606556656,Tether
tether,2026-01-08,89.7856606556656,Tether
tether,2026-01-08,89.7856606556656,Tether
tether,2026-01-08,89.7856606556656,Tether
tether,2026-01-08,89.7856606556656,Tether
tether,2026-01-09,89.82985588533627,Tether
tether,2026-01-09,89.82985588533627,Tether
tether,2026-01-09,89.82985588533627,Tether
tether,2026-01-09,89.82985588533627,Tether
tether,2026-01-09,89.82985588533627,Tether
tether,2026-01-10,90.15349935308005,Tether
tether,2026-01-10,90.15349935308005,Tether
tether,2026-01-10,90.15349935308005,Tether
tether,2026-01-10,90.15349935308005,Tether
tether,2026-01-10,90.15349935308005,Tether
tether,2026-01-11,90.15550929326064,Tether
tether,2026-01-11,90.15550929326064,Tether
tether,2026-01-11,90.15550929326064,Tether
tether,2026-01-11,90.15550929326064,Tether
tether,2026-01-11,90.15550929326064,Tether
tether,2026-01-12,90.12924081121562,Tether
tether,2026-01-12,90.12924081121562,Tether
tether,2026-01-12,90.12924081121562,Tether
tether,2026-01-12,90.12924081121562,Tether
tether,2026-01-12,90.12924081121562,Tether
tether,2026-01-13,90.03425860537745,Tether
tether,2026-01-13,90.03425860537745,Tether
tether,2026-01-13,90.03425860537745,Tether
tether,2026-01-13,90.03425860537745,Tether
tether,2026-01-13,90.03425860537745,Tether
tether,2026-01-14,90.24459865393862,Tether
tether,2026-01-14,90.24459865393862,Tether
tether,2026-01-14,90.24459865393862,Tether
tether,2026-01-14,90.24459865393862,Tether
tether,2026-01-14,90.24459865393862,Tether
tether,2026-01-15,90.24498201655751,Tether
tether,2026-01-15,90.24498201655751,Tether
tether,2026-01-15,90.24498201655751,Tether
tether,2026-01-15,90.24498201655751,Tether
tether,2026-01-15,90.24498201655751,Tether
tether,2026-01-16,90.33675913039339,Tether
tether,2026-01-16,90.33675913039339,Tether
tether,2026-01-16,90.33675913039339,Tether
tether,2026-01-16,90.33675913039339,Tether
tether,2026-01-16,90.33675913039339,Tether
tether,2026-01-17,90.69074291688807,Tether
tether,2026-01-17,90.69074291688807,Tether
tether,2026-01-17,90.69074291688807,Tether
tether,2026-01-17,90.69074291688807,Tether
tether,2026-01-17,90.69074291688807,Tether
tether,2026-01-18,90.83776783825128,Tether
tether,2026-01-18,90.83776783825128,Tether
tether,2026-01-18,90.83776783825128,Tether
tether,2026-01-18,90.83776783825128,Tether
tether,2026-01-18,90.83776783825128,Tether
tether,2026-01-19,90.68339984388055,Tether
tether,2026-01-19,90.68339984388055,Tether
tether,2026-01-19,90.68339984388055,Tether
tether,2026-01-19,90.68339984388055,Tether
tether,2026-01-19,90.68339984388055,Tether
tether,2026-01-20,90.84651949988248,Tether
tether,2026-01-20,90.84651949988248,Tether
tether,2026-01-20,90.84651949988248,Tether
tether,2026-01-20,90.84651949988248,Tether
tether,2026-01-20,90.84651949988248,Tether
tether,2026-01-21,91.01366646915989,Tether
tether,2026-01-21,91.01366646915989,Tether
tether,2026-01-21,91.01366646915989,Tether
tether,2026-01-21,91.01366646915989,Tether
tether,2026-01-21,91.01366646915989,Tether
tether,2026-01-22,91.45755919235742,Tether
tether,2026-01-22,91.45755919235742,Tether
tether,2026-01-22,91.45755919235742,Tether
tether,2026-01-22,91.45755919235742,Tether
tether,2026-01-22,91.45755919235742,Tether
tether,2026-01-23,91.47153938859708,Tether
tether,2026-01-23,91.47153938859708,Tether
tether,2026-01-23,91.47153938859708,Tether
tether,2026-01-23,91.47153938859708,Tether
tether,2026-01-23,91.47153938859708,Tether
tether,2026-01-24,91.49463866061221,Tether
tether,2026-01-24,91.49463866061221,Tether
tether,2026-01-24,91.49463866061221,Tether
tether,2026-01-24,91.49463866061221,Tether
tether,2026-01-24,91.49463866061221,Tether
tether,2026-01-25,91.46082307004623,Tether
tether,2026-01-25,91.46082307004623,Tether
tether,2026-01-25,91.46082307004623,Tether
tether,2026-01-25,91.46082307004623,Tether
tether,2026-01-25,91.46082307004623,Tether
tether,2026-01-26,91.5501111949003,Tether
tether,2026-01-26,91.5501111949003,Tether
tether,2026-01-26,91.5501111949003,Tether
tether,2026-01-26,91.5501111949003,Tether
tether,2026-01-26,91.5501111949003,Tether
tether,2026-01-27,91.61728715188963,Tether
tether,2026-01-27,91.61728715188963,Tether
tether,2026-01-27,91.61728715188963,Tether
tether,2026-01-27,91.61728715188963,Tether
tether,2026-01-27,91.61728715188963,Tether
tether,2026-01-28,91.4157096633518,Tether
tether,2026-01-28,91.4157096633518,Tether
tether,2026-01-28,91.4157096633518,Tether
tether,2026-01-28,91.4157096633518,Tether
tether,2026-01-28,91.4157096633518,Tether
tether,2026-01-29,91.90782656395334,Tether
tether,2026-01-29,91.90782656395334,Tether
tether,2026-01-29,91.90782656395334,Tether
tether,2026-01-29,91.90782656395334,Tether
tether,2026-01-29,91.90782656395334,Tether
tether,2026-01-30,91.643309265233,Tether
tether,2026-01-30,91.643309265233,Tether
tether,2026-01-30,91.643309265233,Tether
tether,2026-01-30,91.643309265233,Tether
tether,2026-01-30,91.643309265233,Tether
tether,2026-01-31,91.54713924898934,Tether
tether,2026-01-31,91.54713924898934,Tether
tether,2026-01-31,91.54713924898934,Tether
tether,2026-01-31,91.54713924898934,Tether
tether,2026-01-31,91.54713924898934,Tether
tether,2026-02-01,91.58626145922887,Tether
tether,2026-02-01,91.58626145922887,Tether
tether,2026-02-01,91.58626145922887,Tether
tether,2026-02-01,91.58626145922887,Tether
tether,2026-02-01,91.58626145922887,Tether
tether,2026-02-02,91.60327421251533,Tether
tether,2026-02-02,91.60327421251533,Tether
tether,2026-02-02,91.60327421251533,Tether
tether,2026-02-02,91.60327421251533,Tether
tether,2026-02-02,91.60327421251533,Tether
tether,2026-02-03,90.37535097601004,Tether
tether,2026-02-03,90.37535097601004,Tether
tether,2026-02-03,90.37535097601004,Tether
tether,2026-02-03,90.37535097601004,Tether
tether,2026-02-03,90.37535097601004,Tether
tether,2026-02-04,90.30711451597838,Tether
tether,2026-02-04,90.30711451597838,Tether
tether,2026-02-04,90.30711451597838,Tether
tether,2026-02-04,90.30711451597838,Tether
tether,2026-02-04,90.30711451597838,Tether
tether,2026-02-05,90.25754714478542,Tether
tether,2026-02-05,90.25754714478542,Tether
tether,2026-02-05,90.25754714478542,Tether
tether,2026-02-05,90.25754714478542,Tether
tether,2026-02-05,90.25754714478542,Tether
tether,2026-02-06,90.15474465431593,Tether
tether,2026-02-06,90.15474465431593,Tether
tether,2026-02-06,90.15474465431593,Tether
tether,2026-02-06,90.15474465431593,Tether
tether,2026-02-06,90.15474465431593,Tether
tether,2026-02-07,90.54112624507336,Tether
tether,2026-02-07,90.54112624507336,Tether
tether,2026-02-07,90.54112624507336,Tether
tether,2026-02-07,90.54112624507336,Tether
tether,2026-02-07,90.54112624507336,Tether
tether,2026-02-08,90.54490136224952,Tether
tether,2026-02-08,90.54490136224952,Tether
tether,2026-02-08,90.54490136224952,Tether
tether,2026-02-08,90.54490136224952,Tether
tether,2026-02-08,90.54490136224952,Tether
tether,2026-02-09,90.5241178608326,Tether
tether,2026-02-09,90.5241178608326,Tether
tether,2026-02-09,90.5241178608326,Tether
tether,2026-02-09,90.5241178608326,Tether
tether,2026-02-09,90.5241178608326,Tether
tether,2026-02-10,90.73829171749978,Tether
tether,2026-02-10,90.73829171749978,Tether
tether,2026-02-10,90.73829171749978,Tether
tether,2026-02-10,90.73829171749978,Tether
tether,2026-02-10,90.73829171749978,Tether
tether,2026-02-11,90.54271672929444,Tether
tether,2026-02-11,90.54271672929444,Tether
tether,2026-02-11,90.54271672929444,Tether
tether,2026-02-11,90.54271672929444,Tether
tether,2026-02-11,90.54271672929444,Tether
tether,2026-02-12,90.68273769379299,Tether
tether,2026-02-12,90.68273769379299,Tether
tether,2026-02-12,90.68273769379299,Tether
tether,2026-02-12,90.68273769379299,Tether
tether,2026-02-12,90.68273769379299,Tether
tether,2026-02-13,90.50516146580522,Tether
tether,2026-02-13,90.50516146580522,Tether
tether,2026-02-13,90.50516146580522,Tether
tether,2026-02-13,90.50516146580522,Tether
tether,2026-02-13,90.50516146580522,Tether
tether,2026-02-14,90.51813798097378,Tether
tether,2026-02-14,90.51813798097378,Tether
tether,2026-02-14,90.51813798097378,Tether
tether,2026-02-14,90.51813798097378,Tether
tether,2026-02-14,90.51813798097378,Tether
tether,2026-02-15,90.52534256474571,Tether
tether,2026-02-15,90.52534256474571,Tether
tether,2026-02-15,90.52534256474571,Tether
tether,2026-02-15,90.52534256474571,Tether
tether,2026-02-15,90.52534256474571,Tether
tether,2026-02-16,90.5230794828881,Tether
tether,2026-02-16,90.5230794828881,Tether
tether,2026-02-16,90.5230794828881,Tether
tether,2026-02-16,90.5230794828881,Tether
tether,2026-02-16,90.5230794828881,Tether
tether,2026-02-17,90.74965034353232,Tether
tether,2026-02-17,90.74965034353232,Tether
tether,2026-02-17,90.74965034353232,Tether
tether,2026-02-17,90.74965034353232,Tether
tether,2026-02-17,90.74965034353232,Tether
tether,2026-02-18,90.59527820056785,Tether
tether,2026-02-18,90.59527820056785,Tether
tether,2026-02-18,90.59527820056785,Tether
tether,2026-02-18,90.59527820056785,Tether
tether,2026-02-18,90.59527820056785,Tether
tether,2026-02-19,90.76251613145746,Tether
tether,2026-02-19,90.76251613145746,Tether
tether,2026-02-19,90.76251613145746,Tether
tether,2026-02-19,90.76251613145746,Tether
tether,2026-02-19,90.76251613145746,Tether
tether,2026-02-20,91.01080876764598,Tether
tether,2026-02-20,91.01080876764598,Tether
tether,2026-02-20,91.01080876764598,Tether
tether,2026-02-20,91.01080876764598,Tether
tether,2026-02-20,91.01080876764598,Tether
tether,2026-02-21,90.69153509343441,Tether
tether,2026-02-21,90.69153509343441,Tether
tether,2026-02-21,90.69153509343441,Tether
tether,2026-02-21,90.69153509343441,Tether
tether,2026-02-21,90.69153509343441,Tether
tether,2026-02-22,90.70613610314805,Tether
tether,2026-02-22,90.70613610314805,Tether
tether,2026-02-22,90.70613610314805,Tether
tether,2026-02-22,90.70613610314805,Tether
tether,2026-02-22,90.70613610314805,Tether
tether,2026-02-23,90.69542998936724,Tether
tether,2026-02-23,90.69542998936724,Tether
tether,2026-02-23,90.69542998936724,Tether
tether,2026-02-23,90.69542998936724,Tether
tether,2026-02-23,90.69542998936724,Tether
tether,2026-02-24,90.9952842406707,Tether
tether,2026-02-24,90.9952842406707,Tether
tether,2026-02-24,90.9952842406707,Tether
tether,2026-02-24,90.9952842406707,Tether
tether,2026-02-24,90.9952842406707,Tether
tether,2026-02-25,90.92355865051395,Tether
tether,2026-02-25,90.92355865051395,Tether
tether,2026-02-25,90.92355865051395,Tether
tether,2026-02-25,90.92355865051395,Tether
tether,2026-02-25,90.92355865051395,Tether
tether,2026-02-26,90.96825217790293,Tether
tether,2026-02-26,90.96825217790293,Tether
tether,2026-02-26,90.96825217790293,Tether
tether,2026-02-26,90.96825217790293,Tether
tether,2026-02-26,90.96825217790293,Tether
tether,2026-02-27,90.99723052968035,Tether
tether,2026-02-27,90.99723052968035,Tether
tether,2026-02-27,90.99723052968035,Tether
tether,2026-02-27,90.99723052968035,Tether
tether,2026-02-27,90.99723052968035,Tether
tether,2026-02-28,91.0843108367302,Tether
tether,2026-02-28,91.0843108367302,Tether
tether,2026-02-28,91.0843108367302,Tether
tether,2026-02-28,91.0843108367302,Tether
tether,2026-02-28,91.0843108367302,Tether
tether,2026-03-01,91.10881263967744,Tether
tether,2026-03-01,91.10881263967744,Tether
tether,2026-03-01,91.10881263967744,Tether
tether,2026-03-01,91.10881263967744,Tether
tether,2026-03-01,91.10881263967744,Tether
tether,2026-03-02,91.07060745984339,Tether
tether,2026-03-02,91.07060745984339,Tether
tether,2026-03-02,91.07060745984339,Tether
tether,2026-03-02,91.07060745984339,Tether
tether,2026-03-02,91.07060745984339,Tether
tether,2026-03-03,91.56692866442098,Tether
tether,2026-03-03,91.56692866442098,Tether
tether,2026-03-03,91.56692866442098,Tether
tether,2026-03-03,91.56692866442098,Tether
tether,2026-03-03,91.56692866442098,Tether
tether,2026-03-04,92.01194290116615,Tether
tether,2026-03-04,92.01194290116615,Tether
tether,2026-03-04,92.01194290116615,Tether
tether,2026-03-04,92.01194290116615,Tether
tether,2026-03-04,92.01194290116615,Tether
tether,2026-03-05,92.1350403232686,Tether
tether,2026-03-05,92.1350403232686,Tether
tether,2026-03-05,92.1350403232686,Tether
tether,2026-03-05,92.1350403232686,Tether
tether,2026-03-05,92.1350403232686,Tether
tether,2026-03-06,91.79147793686462,Tether
tether,2026-03-06,91.79147793686462,Tether
tether,2026-03-06,91.79147793686462,Tether
tether,2026-03-06,91.79147793686462,Tether
tether,2026-03-06,91.79147793686462,Tether
tether,2026-03-07,91.93674106068768,Tether
tether,2026-03-07,91.93674106068768,Tether
tether,2026-03-07,91.93674106068768,Tether
tether,2026-03-07,91.93674106068768,Tether
tether,2026-03-07,91.93674106068768,Tether
tether,2026-03-08,91.93855555140772,Tether
tether,2026-03-08,91.93855555140772,Tether
tether,2026-03-08,91.93855555140772,Tether
tether,2026-03-08,91.93855555140772,Tether
tether,2026-03-08,91.93855555140772,Tether
tether,2026-03-09,91.93866647186371,Tether
tether,2026-03-09,91.93866647186371,Tether
tether,2026-03-09,91.93866647186371,Tether
tether,2026-03-09,91.93866647186371,Tether
tether,2026-03-09,91.93866647186371,Tether
tether,2026-03-10,92.31427010585811,Tether
tether,2026-03-10,92.31427010585811,Tether
tether,2026-03-10,92.31427010585811,Tether
tether,2026-03-10,92.31427010585811,Tether
tether,2026-03-10,92.31427010585811,Tether
tether,2026-03-11,91.97611168078465,Tether
tether,2026-03-11,91.97611168078465,Tether
tether,2026-03-11,91.97611168078465,Tether
tether,2026-03-11,91.97611168078465,Tether
tether,2026-03-11,91.97611168078465,Tether
tether,2026-03-12,92.23382365807878,Tether
tether,2026-03-12,92.23382365807878,Tether
tether,2026-03-12,92.23382365807878,Tether
tether,2026-03-12,92.23382365807878,Tether
tether,2026-03-12,92.23382365807878,Tether
tether,2026-03-13,92.3857474199756,Tether
tether,2026-03-13,92.3857474199756,Tether
tether,2026-03-13,92.3857474199756,Tether
tether,2026-03-13,92.3857474199756,Tether
tether,2026-03-13,92.3857474199756,Tether
tether,2026-03-14,92.61318480892491,Tether
tether,2026-03-14,92.61318480892491,Tether
tether,2026-03-14,92.61318480892491,Tether
tether,2026-03-14,92.61318480892491,Tether
tether,2026-03-14,92.61318480892491,Tether
tether,2026-03-15,92.59795890805074,Tether
tether,2026-03-15,92.59795890805074,Tether
tether,2026-03-15,92.59795890805074,Tether
tether,2026-03-15,92.59795890805074,Tether
tether,2026-03-15,92.59795890805074,Tether
tether,2026-03-16,92.57168270053387,Tether
tether,2026-03-16,92.57168270053387,Tether
tether,2026-03-16,92.57168270053387,Tether
tether,2026-03-16,92.57168270053387,Tether
tether,2026-03-16,92.57168270053387,Tether
tether,2026-03-17,92.26887526783783,Tether
tether,2026-03-17,92.26887526783783,Tether
tether,2026-03-17,92.26887526783783,Tether
tether,2026-03-17,92.26887526783783,Tether
tether,2026-03-17,92.26887526783783,Tether
tether,2026-03-18,92.40370046156275,Tether
tether,2026-03-18,92.40370046156275,Tether
tether,2026-03-18,92.40370046156275,Tether
tether,2026-03-18,92.40370046156275,Tether
tether,2026-03-18,92.40370046156275,Tether
tether,2026-03-19,93.17602439378001,Tether
tether,2026-03-19,93.17602439378001,Tether
tether,2026-03-19,93.17602439378001,Tether
tether,2026-03-19,93.17602439378001,Tether
tether,2026-03-19,93.17602439378001,Tether
tether,2026-03-20,93.09759985912832,Tether
tether,2026-03-20,93.09759985912832,Tether
tether,2026-03-20,93.09759985912832,Tether
tether,2026-03-20,93.09759985912832,Tether
tether,2026-03-20,93.09759985912832,Tether
tether,2026-03-21,94.03899612829248,Tether
tether,2026-03-21,94.03899612829248,Tether
tether,2026-03-21,94.03899612829248,Tether
tether,2026-03-21,94.03899612829248,Tether
tether,2026-03-21,94.03899612829248,Tether
tether,2026-03-22,93.99180533550643,Tether
tether,2026-03-22,93.99180533550643,Tether
tether,2026-03-22,93.99180533550643,Tether
tether,2026-03-22,93.99180533550643,Tether
tether,2026-03-22,93.99180533550643,Tether
tether,2026-03-23,93.78474344342993,Tether
tether,2026-03-23,93.78474344342993,Tether
tether,2026-03-23,93.78474344342993,Tether
tether,2026-03-23,93.78474344342993,Tether
tether,2026-03-23,93.78474344342993,Tether
tether,2026-03-24,93.27452909445621,Tether
tether,2026-03-24,93.27452909445621,Tether
tether,2026-03-24,93.27452909445621,Tether
tether,2026-03-24,93.27452909445621,Tether
tether,2026-03-24,93.27452909445621,Tether
tether,2026-03-25,94.2420726393622,Tether
tether,2026-03-25,94.2420726393622,Tether
tether,2026-03-25,94.2420726393622,Tether
tether,2026-03-25,94.2420726393622,Tether
tether,2026-03-25,94.2420726393622,Tether
tether,2026-03-26,94.09149542203686,Tether
tether,2026-03-26,94.09149542203686,Tether
tether,2026-03-26,94.09149542203686,Tether
tether,2026-03-26,94.09149542203686,Tether
tether,2026-03-26,94.09149542203686,Tether
tether,2026-03-27,94.25106677881163,Tether
tether,2026-03-27,94.25106677881163,Tether
tether,2026-03-27,94.25106677881163,Tether
tether,2026-03-27,94.25106677881163,Tether
tether,2026-03-27,94.25106677881163,Tether
tether,2026-03-28,94.7986508310499,Tether
tether,2026-03-28,94.7986508310499,Tether
tether,2026-03-28,94.7986508310499,Tether
tether,2026-03-28,94.7986508310499,Tether
tether,2026-03-28,94.7986508310499,Tether
tether,2026-03-29,94.71333681092737,Tether
tether,2026-03-29,94.71333681092737,Tether
tether,2026-03-29,94.71333681092737,Tether
tether,2026-03-29,94.71333681092737,Tether
tether,2026-03-29,94.71333681092737,Tether
tether,2026-03-30,94.7100266864342,Tether
tether,2026-03-30,94.7100266864342,Tether
tether,2026-03-30,94.7100266864342,Tether
tether,2026-03-30,94.7100266864342,Tether
tether,2026-03-30,94.7100266864342,Tether
tether,2026-03-31,94.2778751883983,Tether
tether,2026-03-31,94.2778751883983,Tether
tether,2026-03-31,94.2778751883983,Tether
tether,2026-03-31,94.2778751883983,Tether
tether,2026-03-31,94.2778751883983,Tether
tether,2026-04-01,93.40082451580024,Tether
tether,2026-04-01,93.40082451580024,Tether
tether,2026-04-01,93.40082451580024,Tether
tether,2026-04-01,93.40082451580024,Tether
tether,2026-04-01,93.40082451580024,Tether
tether,2026-04-02,92.63089215232151,Tether
tether,2026-04-02,92.63089215232151,Tether
tether,2026-04-02,92.63089215232151,Tether
tether,2026-04-02,92.63089215232151,Tether
tether,2026-04-02,92.63089215232151,Tether
tether,2026-04-03,92.97098702014438,Tether
tether,2026-04-03,92.97098702014438,Tether
tether,2026-04-03,92.97098702014438,Tether
tether,2026-04-03,92.97098702014438,Tether
tether,2026-04-03,92.97098702014438,Tether
tether,2026-04-04,92.75351104211302,Tether
tether,2026-04-04,92.75351104211302,Tether
tether,2026-04-04,92.75351104211302,Tether
tether,2026-04-04,92.75351104211302,Tether
tether,2026-04-04,92.75351104211302,Tether
tether,2026-04-05,92.97368090066105,Tether
tether,2026-04-05,92.97368090066105,Tether
tether,2026-04-05,92.97368090066105,Tether
tether,2026-04-05,92.97368090066105,Tether
tether,2026-04-05,92.97368090066105,Tether
tether,2026-04-06,92.94543829190941,Tether
tether,2026-04-06,92.94543829190941,Tether
tether,2026-04-06,92.94543829190941,Tether
tether,2026-04-06,92.94543829190941,Tether
tether,2026-04-06,92.94543829190941,Tether
tether,2026-04-07,92.95899255212063,Tether
tether,2026-04-07,92.95899255212063,Tether
tether,2026-04-07,92.95899255212063,Tether
tether,2026-04-07,92.95899255212063,Tether
tether,2026-04-07,92.95899255212063,Tether
tether,2026-04-08,92.84465039924295,Tether
tether,2026-04-08,92.84465039924295,Tether
tether,2026-04-08,92.84465039924295,Tether
tether,2026-04-08,92.84465039924295,Tether
tether,2026-04-08,92.84465039924295,Tether
tether,2026-04-09,92.28397869788728,Tether
tether,2026-04-09,92.28397869788728,Tether
tether,2026-04-09,92.28397869788728,Tether
tether,2026-04-09,92.28397869788728,Tether
tether,2026-04-09,92.28397869788728,Tether
tether,2026-04-10,92.46750324062224,Tether
tether,2026-04-10,92.46750324062224,Tether
tether,2026-04-10,92.46750324062224,Tether
tether,2026-04-10,92.46750324062224,Tether
tether,2026-04-10,92.46750324062224,Tether
tether,2026-04-11,93.13154641287021,Tether
tether,2026-04-11,93.13154641287021,Tether
tether,2026-04-11,93.13154641287021,Tether
tether,2026-04-11,93.13154641287021,Tether
tether,2026-04-11,93.13154641287021,Tether
tether,2026-04-12,93.1319451835515,Tether
tether,2026-04-12,93.1319451835515,Tether
tether,2026-04-12,93.1319451835515,Tether
tether,2026-04-12,93.1319451835515,Tether
tether,2026-04-12,93.1319451835515,Tether
tether,2026-04-13,94.50504345578655,Tether
tether,2026-04-13,94.50504345578655,Tether
tether,2026-04-13,94.50504345578655,Tether
tether,2026-04-13,94.50504345578655,Tether
tether,2026-04-13,94.50504345578655,Tether
tether,2026-04-14,94.95544869782815,Tether
tether,2026-04-14,94.95544869782815,Tether
tether,2026-04-14,94.95544869782815,Tether
tether,2026-04-14,94.95544869782815,Tether
tether,2026-04-14,94.95544869782815,Tether
tether,2026-04-15,93.19883807207925,Tether
tether,2026-04-15,93.19883807207925,Tether
tether,2026-04-15,93.19883807207925,Tether
tether,2026-04-15,93.19883807207925,Tether
tether,2026-04-15,93.19883807207925,Tether
tether,2026-04-16,93.40184267183395,Tether
tether,2026-04-16,93.40184267183395,Tether
tether,2026-04-16,93.40184267183395,Tether
tether,2026-04-16,93.40184267183395,Tether
tether,2026-04-16,93.40184267183395,Tether
tether,2026-04-17,93.061966397283,Tether
tether,2026-04-17,93.061966397283,Tether
tether,2026-04-17,93.061966397283,Tether
tether,2026-04-17,93.061966397283,Tether
tether,2026-04-17,93.061966397283,Tether
tether,2026-04-18,92.62671788924118,Tether
tether,2026-04-18,92.62671788924118,Tether
tether,2026-04-18,92.62671788924118,Tether
tether,2026-04-18,92.62671788924118,Tether
tether,2026-04-18,92.62671788924118,Tether
tether,2026-04-19,92.62257444132158,Tether
tether,2026-04-19,92.62257444132158,Tether
tether,2026-04-19,92.62257444132158,Tether
tether,2026-04-19,92.62257444132158,Tether
tether,2026-04-19,92.62257444132158,Tether
tether,2026-04-20,92.6279903063258,Tether
tether,2026-04-20,92.6279903063258,Tether
tether,2026-04-20,92.6279903063258,Tether
tether,2026-04-20,92.6279903063258,Tether
tether,2026-04-20,92.6279903063258,Tether
tether,2026-04-21,93.14745223500783,Tether
tether,2026-04-21,93.14745223500783,Tether
tether,2026-04-21,93.14745223500783,Tether
tether,2026-04-21,93.14745223500783,Tether
tether,2026-04-21,93.14745223500783,Tether
tether,2026-04-22,93.64193504585802,Tether
tether,2026-04-22,93.64193504585802,Tether
tether,2026-04-22,93.64193504585802,Tether
tether,2026-04-22,93.64193504585802,Tether
tether,2026-04-22,93.64193504585802,Tether
tether,2026-04-23,93.81946014248018,Tether
tether,2026-04-23,93.81946014248018,Tether
tether,2026-04-23,93.81946014248018,Tether
tether,2026-04-23,93.81946014248018,Tether
tether,2026-04-23,93.81946014248018,Tether
tether,2026-04-24,94.13360949504937,Tether
tether,2026-04-24,94.13360949504937,Tether
tether,2026-04-24,94.13360949504937,Tether
tether,2026-04-24,94.13360949504937,Tether
tether,2026-04-24,94.13360949504937,Tether
tether,2026-04-25,94.08390296020438,Tether
tether,2026-04-25,94.08390296020438,Tether
tether,2026-04-25,94.08390296020438,Tether
tether,2026-04-25,94.08390296020438,Tether
tether,2026-04-25,94.08390296020438,Tether
tether,2026-04-26,94.0859908590388,Tether
tether,2026-04-26,94.0859908590388,Tether
tether,2026-04-26,94.0859908590388,Tether
tether,2026-04-26,94.0859908590388,Tether
tether,2026-04-26,94.0859908590388,Tether
tether,2026-04-27,94.26435866594068,Tether
tether,2026-04-27,94.26435866594068,Tether
tether,2026-04-27,94.26435866594068,Tether
tether,2026-04-27,94.26435866594068,Tether
tether,2026-04-27,94.26435866594068,Tether
tether,2026-04-28,94.25157959560823,Tether
tether,2026-04-28,94.25157959560823,Tether
tether,2026-04-28,94.25157959560823,Tether
tether,2026-04-28,94.25157959560823,Tether
tether,2026-04-28,94.25157959560823,Tether
tether,2026-04-29,94.62726867634119,Tether
tether,2026-04-29,94.62726867634119,Tether
tether,2026-04-29,94.62726867634119,Tether
tether,2026-04-29,94.62726867634119,Tether
tether,2026-04-29,94.62726867634119,Tether
tether,2026-04-30,94.87785200390216,Tether
tether,2026-04-30,94.87785200390216,Tether
tether,2026-04-30,94.87785200390216,Tether
tether,2026-04-30,94.87785200390216,Tether
tether,2026-04-30,94.87785200390216,Tether
tether,2026-05-01,94.70846449848001,Tether
tether,2026-05-01,94.70846449848001,Tether
tether,2026-05-01,94.70846449848001,Tether
tether,2026-05-01,94.70846449848001,Tether
tether,2026-05-01,94.70846449848001,Tether
tether,2026-05-02,94.8711331475398,Tether
tether,2026-05-02,94.8711331475398,Tether
tether,2026-05-02,94.8711331475398,Tether
tether,2026-05-02,94.8711331475398,Tether
tether,2026-05-02,94.8711331475398,Tether
tether,2026-05-03,94.89945347005639,Tether
tether,2026-05-03,94.89945347005639,Tether
tether,2026-05-03,94.89945347005639,Tether
tether,2026-05-03,94.89945347005639,Tether
tether,2026-05-03,94.89945347005639,Tether
tether,2026-05-04,94.8917851695458,Tether
tether,2026-05-04,94.8917851695458,Tether
tether,2026-05-04,94.8917851695458,Tether
tether,2026-05-04,94.8917851695458,Tether
tether,2026-05-04,94.8917851695458,Tether
tether,2026-05-05,95.24118198945749,Tether
tether,2026-05-05,95.24118198945749,Tether
tether,2026-05-05,95.24118198945749,Tether
tether,2026-05-05,95.24118198945749,Tether
tether,2026-05-05,95.24118198945749,Tether
tether,2026-05-06,95.10541757636773,Tether
tether,2026-05-06,95.10541757636773,Tether
tether,2026-05-06,95.10541757636773,Tether
tether,2026-05-06,95.10541757636773,Tether
tether,2026-05-06,95.10541757636773,Tether
tether,2026-05-07,94.53397915743437,Tether
tether,2026-05-07,94.53397915743437,Tether
tether,2026-05-07,94.53397915743437,Tether
tether,2026-05-07,94.53397915743437,Tether
tether,2026-05-07,94.53397915743437,Tether
tether,2026-05-08,94.25207266570669,Tether
tether,2026-05-08,94.25207266570669,Tether
tether,2026-05-08,94.25207266570669,Tether
tether,2026-05-08,94.25207266570669,Tether
tether,2026-05-08,94.25207266570669,Tether
tether,2026-05-09,94.41764891930137,Tether
tether,2026-05-09,94.41764891930137,Tether
tether,2026-05-09,94.41764891930137,Tether
tether,2026-05-09,94.41764891930137,Tether
tether,2026-05-09,94.41764891930137,Tether
tether,2026-05-10,94.40690689838186,Tether
tether,2026-05-10,94.40690689838186,Tether
tether,2026-05-10,94.40690689838186,Tether
tether,2026-05-10,94.40690689838186,Tether
tether,2026-05-10,94.40690689838186,Tether
tether,2026-05-11,94.41155894615403,Tether
tether,2026-05-11,94.41155894615403,Tether
tether,2026-05-11,94.41155894615403,Tether
tether,2026-05-11,94.41155894615403,Tether
tether,2026-05-11,94.41155894615403,Tether
tether,2026-05-12,95.36341645803249,Tether
tether,2026-05-12,95.36341645803249,Tether
tether,2026-05-12,95.36341645803249,Tether
tether,2026-05-12,95.36341645803249,Tether
tether,2026-05-12,95.36341645803249,Tether
tether,2026-05-13,95.61376526167236,Tether
tether,2026-05-13,95.61376526167236,Tether
tether,2026-05-13,95.61376526167236,Tether
tether,2026-05-13,95.61376526167236,Tether
tether,2026-05-13,95.61376526167236,Tether
tether,2026-05-14,95.65307570370081,Tether
tether,2026-05-14,95.65307570370081,Tether
tether,2026-05-14,95.65307570370081,Tether
tether,2026-05-14,95.65307570370081,Tether
tether,2026-05-14,95.65307570370081,Tether
tether,2026-05-15,95.6840193377221,Tether
tether,2026-05-15,95.6840193377221,Tether
tether,2026-05-15,95.6840193377221,Tether
tether,2026-05-15,95.6840193377221,Tether
tether,2026-05-15,95.6840193377221,Tether
tether,2026-05-16,95.94918815591298,Tether
tether,2026-05-16,95.94918815591298,Tether
tether,2026-05-16,95.94918815591298,Tether
tether,2026-05-16,95.94918815591298,Tether
tether,2026-05-16,95.94918815591298,Tether
tether,2026-05-17,95.9819522271874,Tether
tether,2026-05-17,95.9819522271874,Tether
tether,2026-05-17,95.9819522271874,Tether
tether,2026-05-17,95.9819522271874,Tether
tether,2026-05-17,95.9819522271874,Tether
tether,2026-05-18,95.91245692647317,Tether
tether,2026-05-18,95.91245692647317,Tether
tether,2026-05-18,95.91245692647317,Tether
tether,2026-05-18,95.91245692647317,Tether
tether,2026-05-18,95.91245692647317,Tether
tether,2026-05-19,96.20091003304816,Tether
tether,2026-05-19,96.20091003304816,Tether
tether,2026-05-19,96.20091003304816,Tether
tether,2026-05-19,96.20091003304816,Tether
tether,2026-05-19,96.20091003304816,Tether
tether,2026-05-20,96.47444911629424,Tether
tether,2026-05-20,96.47444911629424,Tether
tether,2026-05-20,96.47444911629424,Tether
tether,2026-05-20,96.47444911629424,Tether
tether,2026-05-20,96.47444911629424,Tether
tether,2026-05-21,96.43055964923398,Tether
tether,2026-05-21,96.43055964923398,Tether
tether,2026-05-21,96.43055964923398,Tether
tether,2026-05-21,96.43055964923398,Tether
tether,2026-05-21,96.43055964923398,Tether
tether,2026-05-22,96.08260169254757,Tether
tether,2026-05-22,96.08260169254757,Tether
tether,2026-05-22,96.08260169254757,Tether
tether,2026-05-22,96.08260169254757,Tether
tether,2026-05-22,96.08260169254757,Tether
tether,2026-05-23,95.60498665674767,Tether
tether,2026-05-23,95.60498665674767,Tether
tether,2026-05-23,95.60498665674767,Tether
tether,2026-05-23,95.60498665674767,Tether
tether,2026-05-23,95.60498665674767,Tether
tether,2026-05-24,95.57829829385082,Tether
tether,2026-05-24,95.57829829385082,Tether
tether,2026-05-24,95.57829829385082,Tether
tether,2026-05-24,95.57829829385082,Tether
tether,2026-05-24,95.57829829385082,Tether
tether,2026-05-25,95.60328299841848,Tether
tether,2026-05-25,95.60328299841848,Tether
tether,2026-05-25,95.60328299841848,Tether
tether,2026-05-25,95.60328299841848,Tether
tether,2026-05-25,95.60328299841848,Tether
tether,2026-05-26,95.16414632872262,Tether
tether,2026-05-26,95.16414632872262,Tether
tether,2026-05-26,95.16414632872262,Tether
tether,2026-05-26,95.16414632872262,Tether
tether,2026-05-26,95.16414632872262,Tether
tether,2026-05-27,95.92847992940565,Tether
tether,2026-05-27,95.92847992940565,Tether
tether,2026-05-27,95.92847992940565,Tether
tether,2026-05-27,95.92847992940565,Tether
tether,2026-05-27,95.92847992940565,Tether
tether,2026-05-28,95.99958053688873,Tether
tether,2026-05-28,95.99958053688873,Tether
tether,2026-05-28,95.99958053688873,Tether
tether,2026-05-28,95.99958053688873,Tether
tether,2026-05-28,95.99958053688873,Tether
tether,2026-05-29,95.70729698145198,Tether
tether,2026-05-29,95.70729698145198,Tether
tether,2026-05-29,95.70729698145198,Tether
tether,2026-05-29,95.70729698145198,Tether
tether,2026-05-29,95.70729698145198,Tether
tether,2026-05-30,94.90014489861531,Tether
tether,2026-05-30,94.90014489861531,Tether
tether,2026-05-30,94.90014489861531,Tether
tether,2026-05-30,94.90014489861531,Tether
tether,2026-05-30,94.90014489861531,Tether
tether,2026-05-31,94.92941553347354,Tether
tether,2026-05-31,94.92941553347354,Tether
tether,2026-05-31,94.92941553347354,Tether
tether,2026-05-31,94.92941553347354,Tether
tether,2026-05-31,94.92941553347354,Tether
tether,2026-06-01,94.87407632593278,Tether
tether,2026-06-01,94.87407632593278,Tether
tether,2026-06-01,94.87407632593278,Tether
tether,2026-06-01,94.87407632593278,Tether
tether,2026-06-01,94.87407632593278,Tether
tether,2026-06-01,94.82590721786202,Tether
tether,2026-06-01,94.82590721786202,Tether
tether,2026-06-01,94.82590721786202,Tether
tether,2026-06-01,94.82590721786202,Tether
tether,2026-06-01,94.82590721786202,Tether
binancecoin,2025-06-02,56561.26278074425,BNB
binancecoin,2025-06-02,56561.26278074425,BNB
binancecoin,2025-06-02,56561.26278074425,BNB
binancecoin,2025-06-02,56561.26278074425,BNB
binancecoin,2025-06-02,56561.26278074425,BNB
binancecoin,2025-06-03,56857.185175512226,BNB
binancecoin,2025-06-03,56857.185175512226,BNB
binancecoin,2025-06-03,56857.185175512226,BNB
binancecoin,2025-06-03,56857.185175512226,BNB
binancecoin,2025-06-03,56857.185175512226,BNB
binancecoin,2025-06-04,56668.5375686563,BNB
binancecoin,2025-06-04,56668.5375686563,BNB
binancecoin,2025-06-04,56668.5375686563,BNB
binancecoin,2025-06-04,56668.5375686563,BNB
binancecoin,2025-06-04,56668.5375686563,BNB
binancecoin,2025-06-05,57014.14576589656,BNB
binancecoin,2025-06-05,57014.14576589656,BNB
binancecoin,2025-06-05,57014.14576589656,BNB
binancecoin,2025-06-05,57014.14576589656,BNB
binancecoin,2025-06-05,57014.14576589656,BNB
binancecoin,2025-06-06,54459.200966884746,BNB
binancecoin,2025-06-06,54459.200966884746,BNB
binancecoin,2025-06-06,54459.200966884746,BNB
binancecoin,2025-06-06,54459.200966884746,BNB
binancecoin,2025-06-06,54459.200966884746,BNB
binancecoin,2025-06-07,55227.1778005028,BNB
binancecoin,2025-06-07,55227.1778005028,BNB
binancecoin,2025-06-07,55227.1778005028,BNB
binancecoin,2025-06-07,55227.1778005028,BNB
binancecoin,2025-06-07,55227.1778005028,BNB
binancecoin,2025-06-08,55830.884211087396,BNB
binancecoin,2025-06-08,55830.884211087396,BNB
binancecoin,2025-06-08,55830.884211087396,BNB
binancecoin,2025-06-08,55830.884211087396,BNB
binancecoin,2025-06-08,55830.884211087396,BNB
binancecoin,2025-06-09,55955.71995169383,BNB
binancecoin,2025-06-09,55955.71995169383,BNB
binancecoin,2025-06-09,55955.71995169383,BNB
binancecoin,2025-06-09,55955.71995169383,BNB
binancecoin,2025-06-09,55955.71995169383,BNB
binancecoin,2025-06-10,57142.597886972006,BNB
binancecoin,2025-06-10,57142.597886972006,BNB
binancecoin,2025-06-10,57142.597886972006,BNB
binancecoin,2025-06-10,57142.597886972006,BNB
binancecoin,2025-06-10,57142.597886972006,BNB
binancecoin,2025-06-11,57685.27860539386,BNB
binancecoin,2025-06-11,57685.27860539386,BNB
binancecoin,2025-06-11,57685.27860539386,BNB
binancecoin,2025-06-11,57685.27860539386,BNB
binancecoin,2025-06-11,57685.27860539386,BNB
binancecoin,2025-06-12,57071.67590485165,BNB
binancecoin,2025-06-12,57071.67590485165,BNB
binancecoin,2025-06-12,57071.67590485165,BNB
binancecoin,2025-06-12,57071.67590485165,BNB
binancecoin,2025-06-12,57071.67590485165,BNB
binancecoin,2025-06-13,56252.92748787505,BNB
binancecoin,2025-06-13,56252.92748787505,BNB
binancecoin,2025-06-13,56252.92748787505,BNB
binancecoin,2025-06-13,56252.92748787505,BNB
binancecoin,2025-06-13,56252.92748787505,BNB
binancecoin,2025-06-14,56401.17163412294,BNB
binancecoin,2025-06-14,56401.17163412294,BNB
binancecoin,2025-06-14,56401.17163412294,BNB
binancecoin,2025-06-14,56401.17163412294,BNB
binancecoin,2025-06-14,56401.17163412294,BNB
binancecoin,2025-06-15,55617.39894912489,BNB
binancecoin,2025-06-15,55617.39894912489,BNB
binancecoin,2025-06-15,55617.39894912489,BNB
binancecoin,2025-06-15,55617.39894912489,BNB
binancecoin,2025-06-15,55617.39894912489,BNB
binancecoin,2025-06-16,55823.708688541185,BNB
binancecoin,2025-06-16,55823.708688541185,BNB
binancecoin,2025-06-16,55823.708688541185,BNB
binancecoin,2025-06-16,55823.708688541185,BNB
binancecoin,2025-06-16,55823.708688541185,BNB
binancecoin,2025-06-17,56095.44393982541,BNB
binancecoin,2025-06-17,56095.44393982541,BNB
binancecoin,2025-06-17,56095.44393982541,BNB
binancecoin,2025-06-17,56095.44393982541,BNB
binancecoin,2025-06-17,56095.44393982541,BNB
binancecoin,2025-06-18,56027.17624145813,BNB
binancecoin,2025-06-18,56027.17624145813,BNB
binancecoin,2025-06-18,56027.17624145813,BNB
binancecoin,2025-06-18,56027.17624145813,BNB
binancecoin,2025-06-18,56027.17624145813,BNB
binancecoin,2025-06-19,55759.65347556984,BNB
binancecoin,2025-06-19,55759.65347556984,BNB
binancecoin,2025-06-19,55759.65347556984,BNB
binancecoin,2025-06-19,55759.65347556984,BNB
binancecoin,2025-06-19,55759.65347556984,BNB
binancecoin,2025-06-20,55890.27775801974,BNB
binancecoin,2025-06-20,55890.27775801974,BNB
binancecoin,2025-06-20,55890.27775801974,BNB
binancecoin,2025-06-20,55890.27775801974,BNB
binancecoin,2025-06-20,55890.27775801974,BNB
binancecoin,2025-06-21,55551.989759649325,BNB
binancecoin,2025-06-21,55551.989759649325,BNB
binancecoin,2025-06-21,55551.989759649325,BNB
binancecoin,2025-06-21,55551.989759649325,BNB
binancecoin,2025-06-21,55551.989759649325,BNB
binancecoin,2025-06-22,54261.85900468624,BNB
binancecoin,2025-06-22,54261.85900468624,BNB
binancecoin,2025-06-22,54261.85900468624,BNB
binancecoin,2025-06-22,54261.85900468624,BNB
binancecoin,2025-06-22,54261.85900468624,BNB
binancecoin,2025-06-23,53326.70701901393,BNB
binancecoin,2025-06-23,53326.70701901393,BNB
binancecoin,2025-06-23,53326.70701901393,BNB
binancecoin,2025-06-23,53326.70701901393,BNB
binancecoin,2025-06-23,53326.70701901393,BNB
binancecoin,2025-06-24,55289.00157011345,BNB
binancecoin,2025-06-24,55289.00157011345,BNB
binancecoin,2025-06-24,55289.00157011345,BNB
binancecoin,2025-06-24,55289.00157011345,BNB
binancecoin,2025-06-24,55289.00157011345,BNB
binancecoin,2025-06-25,55316.69188177813,BNB
binancecoin,2025-06-25,55316.69188177813,BNB
binancecoin,2025-06-25,55316.69188177813,BNB
binancecoin,2025-06-25,55316.69188177813,BNB
binancecoin,2025-06-25,55316.69188177813,BNB
binancecoin,2025-06-26,55547.97745406159,BNB
binancecoin,2025-06-26,55547.97745406159,BNB
binancecoin,2025-06-26,55547.97745406159,BNB
binancecoin,2025-06-26,55547.97745406159,BNB
binancecoin,2025-06-26,55547.97745406159,BNB
binancecoin,2025-06-27,55041.49294174184,BNB
binancecoin,2025-06-27,55041.49294174184,BNB
binancecoin,2025-06-27,55041.49294174184,BNB
binancecoin,2025-06-27,55041.49294174184,BNB
binancecoin,2025-06-27,55041.49294174184,BNB
binancecoin,2025-06-28,55238.81665312162,BNB
binancecoin,2025-06-28,55238.81665312162,BNB
binancecoin,2025-06-28,55238.81665312162,BNB
binancecoin,2025-06-28,55238.81665312162,BNB
binancecoin,2025-06-28,55238.81665312162,BNB
binancecoin,2025-06-29,55475.44161894426,BNB
binancecoin,2025-06-29,55475.44161894426,BNB
binancecoin,2025-06-29,55475.44161894426,BNB
binancecoin,2025-06-29,55475.44161894426,BNB
binancecoin,2025-06-29,55475.44161894426,BNB
binancecoin,2025-06-30,55979.915217887494,BNB
binancecoin,2025-06-30,55979.915217887494,BNB
binancecoin,2025-06-30,55979.915217887494,BNB
binancecoin,2025-06-30,55979.915217887494,BNB
binancecoin,2025-06-30,55979.915217887494,BNB
binancecoin,2025-07-01,56308.46702544004,BNB
binancecoin,2025-07-01,56308.46702544004,BNB
binancecoin,2025-07-01,56308.46702544004,BNB
binancecoin,2025-07-01,56308.46702544004,BNB
binancecoin,2025-07-01,56308.46702544004,BNB
binancecoin,2025-07-02,55397.338806918655,BNB
binancecoin,2025-07-02,55397.338806918655,BNB
binancecoin,2025-07-02,55397.338806918655,BNB
binancecoin,2025-07-02,55397.338806918655,BNB
binancecoin,2025-07-02,55397.338806918655,BNB
binancecoin,2025-07-03,56560.456674697154,BNB
binancecoin,2025-07-03,56560.456674697154,BNB
binancecoin,2025-07-03,56560.456674697154,BNB
binancecoin,2025-07-03,56560.456674697154,BNB
binancecoin,2025-07-03,56560.456674697154,BNB
binancecoin,2025-07-04,56624.570924511754,BNB
binancecoin,2025-07-04,56624.570924511754,BNB
binancecoin,2025-07-04,56624.570924511754,BNB
binancecoin,2025-07-04,56624.570924511754,BNB
binancecoin,2025-07-04,56624.570924511754,BNB
binancecoin,2025-07-05,55923.933646029946,BNB
binancecoin,2025-07-05,55923.933646029946,BNB
binancecoin,2025-07-05,55923.933646029946,BNB
binancecoin,2025-07-05,55923.933646029946,BNB
binancecoin,2025-07-05,55923.933646029946,BNB
binancecoin,2025-07-06,56279.544601657915,BNB
binancecoin,2025-07-06,56279.544601657915,BNB
binancecoin,2025-07-06,56279.544601657915,BNB
binancecoin,2025-07-06,56279.544601657915,BNB
binancecoin,2025-07-06,56279.544601657915,BNB
binancecoin,2025-07-07,56685.80356905104,BNB
binancecoin,2025-07-07,56685.80356905104,BNB
binancecoin,2025-07-07,56685.80356905104,BNB
binancecoin,2025-07-07,56685.80356905104,BNB
binancecoin,2025-07-07,56685.80356905104,BNB
binancecoin,2025-07-08,56799.55495779383,BNB
binancecoin,2025-07-08,56799.55495779383,BNB
binancecoin,2025-07-08,56799.55495779383,BNB
binancecoin,2025-07-08,56799.55495779383,BNB
binancecoin,2025-07-08,56799.55495779383,BNB
binancecoin,2025-07-09,56627.40561843656,BNB
binancecoin,2025-07-09,56627.40561843656,BNB
binancecoin,2025-07-09,56627.40561843656,BNB
binancecoin,2025-07-09,56627.40561843656,BNB
binancecoin,2025-07-09,56627.40561843656,BNB
binancecoin,2025-07-10,57361.55796845979,BNB
binancecoin,2025-07-10,57361.55796845979,BNB
binancecoin,2025-07-10,57361.55796845979,BNB
binancecoin,2025-07-10,57361.55796845979,BNB
binancecoin,2025-07-10,57361.55796845979,BNB
binancecoin,2025-07-11,58737.54985765722,BNB
binancecoin,2025-07-11,58737.54985765722,BNB
binancecoin,2025-07-11,58737.54985765722,BNB
binancecoin,2025-07-11,58737.54985765722,BNB
binancecoin,2025-07-11,58737.54985765722,BNB
binancecoin,2025-07-12,59210.406343503564,BNB
binancecoin,2025-07-12,59210.406343503564,BNB
binancecoin,2025-07-12,59210.406343503564,BNB
binancecoin,2025-07-12,59210.406343503564,BNB
binancecoin,2025-07-12,59210.406343503564,BNB
binancecoin,2025-07-13,58835.190187511704,BNB
binancecoin,2025-07-13,58835.190187511704,BNB
binancecoin,2025-07-13,58835.190187511704,BNB
binancecoin,2025-07-13,58835.190187511704,BNB
binancecoin,2025-07-13,58835.190187511704,BNB
binancecoin,2025-07-14,59392.19671031558,BNB
binancecoin,2025-07-14,59392.19671031558,BNB
binancecoin,2025-07-14,59392.19671031558,BNB
binancecoin,2025-07-14,59392.19671031558,BNB
binancecoin,2025-07-14,59392.19671031558,BNB
binancecoin,2025-07-15,59259.50379729727,BNB
binancecoin,2025-07-15,59259.50379729727,BNB
binancecoin,2025-07-15,59259.50379729727,BNB
binancecoin,2025-07-15,59259.50379729727,BNB
binancecoin,2025-07-15,59259.50379729727,BNB
binancecoin,2025-07-16,59323.66715730662,BNB
binancecoin,2025-07-16,59323.66715730662,BNB
binancecoin,2025-07-16,59323.66715730662,BNB
binancecoin,2025-07-16,59323.66715730662,BNB
binancecoin,2025-07-16,59323.66715730662,BNB
binancecoin,2025-07-17,60854.82963552536,BNB
binancecoin,2025-07-17,60854.82963552536,BNB
binancecoin,2025-07-17,60854.82963552536,BNB
binancecoin,2025-07-17,60854.82963552536,BNB
binancecoin,2025-07-17,60854.82963552536,BNB
binancecoin,2025-07-18,62160.011152136074,BNB
binancecoin,2025-07-18,62160.011152136074,BNB
binancecoin,2025-07-18,62160.011152136074,BNB
binancecoin,2025-07-18,62160.011152136074,BNB
binancecoin,2025-07-18,62160.011152136074,BNB
binancecoin,2025-07-19,62843.517041193445,BNB
binancecoin,2025-07-19,62843.517041193445,BNB
binancecoin,2025-07-19,62843.517041193445,BNB
binancecoin,2025-07-19,62843.517041193445,BNB
binancecoin,2025-07-19,62843.517041193445,BNB
binancecoin,2025-07-20,63137.47057567733,BNB
binancecoin,2025-07-20,63137.47057567733,BNB
binancecoin,2025-07-20,63137.47057567733,BNB
binancecoin,2025-07-20,63137.47057567733,BNB
binancecoin,2025-07-20,63137.47057567733,BNB
binancecoin,2025-07-21,65312.825187452174,BNB
binancecoin,2025-07-21,65312.825187452174,BNB
binancecoin,2025-07-21,65312.825187452174,BNB
binancecoin,2025-07-21,65312.825187452174,BNB
binancecoin,2025-07-21,65312.825187452174,BNB
binancecoin,2025-07-22,66125.59060754563,BNB
binancecoin,2025-07-22,66125.59060754563,BNB
binancecoin,2025-07-22,66125.59060754563,BNB
binancecoin,2025-07-22,66125.59060754563,BNB
binancecoin,2025-07-22,66125.59060754563,BNB
binancecoin,2025-07-23,67907.14417207065,BNB
binancecoin,2025-07-23,67907.14417207065,BNB
binancecoin,2025-07-23,67907.14417207065,BNB
binancecoin,2025-07-23,67907.14417207065,BNB
binancecoin,2025-07-23,67907.14417207065,BNB
binancecoin,2025-07-24,67064.82462550157,BNB
binancecoin,2025-07-24,67064.82462550157,BNB
binancecoin,2025-07-24,67064.82462550157,BNB
binancecoin,2025-07-24,67064.82462550157,BNB
binancecoin,2025-07-24,67064.82462550157,BNB
binancecoin,2025-07-25,66657.86890362398,BNB
binancecoin,2025-07-25,66657.86890362398,BNB
binancecoin,2025-07-25,66657.86890362398,BNB
binancecoin,2025-07-25,66657.86890362398,BNB
binancecoin,2025-07-25,66657.86890362398,BNB
binancecoin,2025-07-26,67888.8986664642,BNB
binancecoin,2025-07-26,67888.8986664642,BNB
binancecoin,2025-07-26,67888.8986664642,BNB
binancecoin,2025-07-26,67888.8986664642,BNB
binancecoin,2025-07-26,67888.8986664642,BNB
binancecoin,2025-07-27,68707.78731027828,BNB
binancecoin,2025-07-27,68707.78731027828,BNB
binancecoin,2025-07-27,68707.78731027828,BNB
binancecoin,2025-07-27,68707.78731027828,BNB
binancecoin,2025-07-27,68707.78731027828,BNB
binancecoin,2025-07-28,72963.74966519282,BNB
binancecoin,2025-07-28,72963.74966519282,BNB
binancecoin,2025-07-28,72963.74966519282,BNB
binancecoin,2025-07-28,72963.74966519282,BNB
binancecoin,2025-07-28,72963.74966519282,BNB
binancecoin,2025-07-29,71355.39525298408,BNB
binancecoin,2025-07-29,71355.39525298408,BNB
binancecoin,2025-07-29,71355.39525298408,BNB
binancecoin,2025-07-29,71355.39525298408,BNB
binancecoin,2025-07-29,71355.39525298408,BNB
binancecoin,2025-07-30,70098.59865611898,BNB
binancecoin,2025-07-30,70098.59865611898,BNB
binancecoin,2025-07-30,70098.59865611898,BNB
binancecoin,2025-07-30,70098.59865611898,BNB
binancecoin,2025-07-30,70098.59865611898,BNB
binancecoin,2025-07-31,69599.36268655375,BNB
binancecoin,2025-07-31,69599.36268655375,BNB
binancecoin,2025-07-31,69599.36268655375,BNB
binancecoin,2025-07-31,69599.36268655375,BNB
binancecoin,2025-07-31,69599.36268655375,BNB
binancecoin,2025-08-01,68504.60514451488,BNB
binancecoin,2025-08-01,68504.60514451488,BNB
binancecoin,2025-08-01,68504.60514451488,BNB
binancecoin,2025-08-01,68504.60514451488,BNB
binancecoin,2025-08-01,68504.60514451488,BNB
binancecoin,2025-08-02,65938.0475411463,BNB
binancecoin,2025-08-02,65938.0475411463,BNB
binancecoin,2025-08-02,65938.0475411463,BNB
binancecoin,2025-08-02,65938.0475411463,BNB
binancecoin,2025-08-02,65938.0475411463,BNB
binancecoin,2025-08-03,64212.998602305466,BNB
binancecoin,2025-08-03,64212.998602305466,BNB
binancecoin,2025-08-03,64212.998602305466,BNB
binancecoin,2025-08-03,64212.998602305466,BNB
binancecoin,2025-08-03,64212.998602305466,BNB
binancecoin,2025-08-04,65556.31301404026,BNB
binancecoin,2025-08-04,65556.31301404026,BNB
binancecoin,2025-08-04,65556.31301404026,BNB
binancecoin,2025-08-04,65556.31301404026,BNB
binancecoin,2025-08-04,65556.31301404026,BNB
binancecoin,2025-08-05,67550.97757898047,BNB
binancecoin,2025-08-05,67550.97757898047,BNB
binancecoin,2025-08-05,67550.97757898047,BNB
binancecoin,2025-08-05,67550.97757898047,BNB
binancecoin,2025-08-05,67550.97757898047,BNB
binancecoin,2025-08-06,66212.51436255951,BNB
binancecoin,2025-08-06,66212.51436255951,BNB
binancecoin,2025-08-06,66212.51436255951,BNB
binancecoin,2025-08-06,66212.51436255951,BNB
binancecoin,2025-08-06,66212.51436255951,BNB
binancecoin,2025-08-07,67564.64023067734,BNB
binancecoin,2025-08-07,67564.64023067734,BNB
binancecoin,2025-08-07,67564.64023067734,BNB
binancecoin,2025-08-07,67564.64023067734,BNB
binancecoin,2025-08-07,67564.64023067734,BNB
binancecoin,2025-08-08,68826.29140529232,BNB
binancecoin,2025-08-08,68826.29140529232,BNB
binancecoin,2025-08-08,68826.29140529232,BNB
binancecoin,2025-08-08,68826.29140529232,BNB
binancecoin,2025-08-08,68826.29140529232,BNB
binancecoin,2025-08-09,69583.69749642002,BNB
binancecoin,2025-08-09,69583.69749642002,BNB
binancecoin,2025-08-09,69583.69749642002,BNB
binancecoin,2025-08-09,69583.69749642002,BNB
binancecoin,2025-08-09,69583.69749642002,BNB
binancecoin,2025-08-10,70109.1420610711,BNB
binancecoin,2025-08-10,70109.1420610711,BNB
binancecoin,2025-08-10,70109.1420610711,BNB
binancecoin,2025-08-10,70109.1420610711,BNB
binancecoin,2025-08-10,70109.1420610711,BNB
binancecoin,2025-08-11,70419.15831295794,BNB
binancecoin,2025-08-11,70419.15831295794,BNB
binancecoin,2025-08-11,70419.15831295794,BNB
binancecoin,2025-08-11,70419.15831295794,BNB
binancecoin,2025-08-11,70419.15831295794,BNB
binancecoin,2025-08-12,70730.6570631616,BNB
binancecoin,2025-08-12,70730.6570631616,BNB
binancecoin,2025-08-12,70730.6570631616,BNB
binancecoin,2025-08-12,70730.6570631616,BNB
binancecoin,2025-08-12,70730.6570631616,BNB
binancecoin,2025-08-13,73094.06583342518,BNB
binancecoin,2025-08-13,73094.06583342518,BNB
binancecoin,2025-08-13,73094.06583342518,BNB
binancecoin,2025-08-13,73094.06583342518,BNB
binancecoin,2025-08-13,73094.06583342518,BNB
binancecoin,2025-08-14,74293.61054914528,BNB
binancecoin,2025-08-14,74293.61054914528,BNB
binancecoin,2025-08-14,74293.61054914528,BNB
binancecoin,2025-08-14,74293.61054914528,BNB
binancecoin,2025-08-14,74293.61054914528,BNB
binancecoin,2025-08-15,73859.89489581532,BNB
binancecoin,2025-08-15,73859.89489581532,BNB
binancecoin,2025-08-15,73859.89489581532,BNB
binancecoin,2025-08-15,73859.89489581532,BNB
binancecoin,2025-08-15,73859.89489581532,BNB
binancecoin,2025-08-16,72399.48008771421,BNB
binancecoin,2025-08-16,72399.48008771421,BNB
binancecoin,2025-08-16,72399.48008771421,BNB
binancecoin,2025-08-16,72399.48008771421,BNB
binancecoin,2025-08-16,72399.48008771421,BNB
binancecoin,2025-08-17,73429.0787896129,BNB
binancecoin,2025-08-17,73429.0787896129,BNB
binancecoin,2025-08-17,73429.0787896129,BNB
binancecoin,2025-08-17,73429.0787896129,BNB
binancecoin,2025-08-17,73429.0787896129,BNB
binancecoin,2025-08-18,74993.65485969187,BNB
binancecoin,2025-08-18,74993.65485969187,BNB
binancecoin,2025-08-18,74993.65485969187,BNB
binancecoin,2025-08-18,74993.65485969187,BNB
binancecoin,2025-08-18,74993.65485969187,BNB
binancecoin,2025-08-19,74046.52419184046,BNB
binancecoin,2025-08-19,74046.52419184046,BNB
binancecoin,2025-08-19,74046.52419184046,BNB
binancecoin,2025-08-19,74046.52419184046,BNB
binancecoin,2025-08-19,74046.52419184046,BNB
binancecoin,2025-08-20,71699.65669632536,BNB
binancecoin,2025-08-20,71699.65669632536,BNB
binancecoin,2025-08-20,71699.65669632536,BNB
binancecoin,2025-08-20,71699.65669632536,BNB
binancecoin,2025-08-20,71699.65669632536,BNB
binancecoin,2025-08-21,75709.43259293867,BNB
binancecoin,2025-08-21,75709.43259293867,BNB
binancecoin,2025-08-21,75709.43259293867,BNB
binancecoin,2025-08-21,75709.43259293867,BNB
binancecoin,2025-08-21,75709.43259293867,BNB
binancecoin,2025-08-22,73184.12945656005,BNB
binancecoin,2025-08-22,73184.12945656005,BNB
binancecoin,2025-08-22,73184.12945656005,BNB
binancecoin,2025-08-22,73184.12945656005,BNB
binancecoin,2025-08-22,73184.12945656005,BNB
binancecoin,2025-08-23,78513.80357083486,BNB
binancecoin,2025-08-23,78513.80357083486,BNB
binancecoin,2025-08-23,78513.80357083486,BNB
binancecoin,2025-08-23,78513.80357083486,BNB
binancecoin,2025-08-23,78513.80357083486,BNB
binancecoin,2025-08-24,76869.35638046687,BNB
binancecoin,2025-08-24,76869.35638046687,BNB
binancecoin,2025-08-24,76869.35638046687,BNB
binancecoin,2025-08-24,76869.35638046687,BNB
binancecoin,2025-08-24,76869.35638046687,BNB
binancecoin,2025-08-25,76507.74958654656,BNB
binancecoin,2025-08-25,76507.74958654656,BNB
binancecoin,2025-08-25,76507.74958654656,BNB
binancecoin,2025-08-25,76507.74958654656,BNB
binancecoin,2025-08-25,76507.74958654656,BNB
binancecoin,2025-08-26,73616.561134418,BNB
binancecoin,2025-08-26,73616.561134418,BNB
binancecoin,2025-08-26,73616.561134418,BNB
binancecoin,2025-08-26,73616.561134418,BNB
binancecoin,2025-08-26,73616.561134418,BNB
binancecoin,2025-08-27,75730.68361912621,BNB
binancecoin,2025-08-27,75730.68361912621,BNB
binancecoin,2025-08-27,75730.68361912621,BNB
binancecoin,2025-08-27,75730.68361912621,BNB
binancecoin,2025-08-27,75730.68361912621,BNB
binancecoin,2025-08-28,75043.22005909428,BNB
binancecoin,2025-08-28,75043.22005909428,BNB
binancecoin,2025-08-28,75043.22005909428,BNB
binancecoin,2025-08-28,75043.22005909428,BNB
binancecoin,2025-08-28,75043.22005909428,BNB
binancecoin,2025-08-29,76620.6814031891,BNB
binancecoin,2025-08-29,76620.6814031891,BNB
binancecoin,2025-08-29,76620.6814031891,BNB
binancecoin,2025-08-29,76620.6814031891,BNB
binancecoin,2025-08-29,76620.6814031891,BNB
binancecoin,2025-08-30,76146.48372673763,BNB
binancecoin,2025-08-30,76146.48372673763,BNB
binancecoin,2025-08-30,76146.48372673763,BNB
binancecoin,2025-08-30,76146.48372673763,BNB
binancecoin,2025-08-30,76146.48372673763,BNB
binancecoin,2025-08-31,75999.67092182192,BNB
binancecoin,2025-08-31,75999.67092182192,BNB
binancecoin,2025-08-31,75999.67092182192,BNB
binancecoin,2025-08-31,75999.67092182192,BNB
binancecoin,2025-08-31,75999.67092182192,BNB
binancecoin,2025-09-01,75637.86081639533,BNB
binancecoin,2025-09-01,75637.86081639533,BNB
binancecoin,2025-09-01,75637.86081639533,BNB
binancecoin,2025-09-01,75637.86081639533,BNB
binancecoin,2025-09-01,75637.86081639533,BNB
binancecoin,2025-09-02,74442.04077841021,BNB
binancecoin,2025-09-02,74442.04077841021,BNB
binancecoin,2025-09-02,74442.04077841021,BNB
binancecoin,2025-09-02,74442.04077841021,BNB
binancecoin,2025-09-02,74442.04077841021,BNB
binancecoin,2025-09-03,74947.81030407325,BNB
binancecoin,2025-09-03,74947.81030407325,BNB
binancecoin,2025-09-03,74947.81030407325,BNB
binancecoin,2025-09-03,74947.81030407325,BNB
binancecoin,2025-09-03,74947.81030407325,BNB
binancecoin,2025-09-04,75312.40714271914,BNB
binancecoin,2025-09-04,75312.40714271914,BNB
binancecoin,2025-09-04,75312.40714271914,BNB
binancecoin,2025-09-04,75312.40714271914,BNB
binancecoin,2025-09-04,75312.40714271914,BNB
binancecoin,2025-09-05,74406.23177696494,BNB
binancecoin,2025-09-05,74406.23177696494,BNB
binancecoin,2025-09-05,74406.23177696494,BNB
binancecoin,2025-09-05,74406.23177696494,BNB
binancecoin,2025-09-05,74406.23177696494,BNB
binancecoin,2025-09-06,74934.59184448732,BNB
binancecoin,2025-09-06,74934.59184448732,BNB
binancecoin,2025-09-06,74934.59184448732,BNB
binancecoin,2025-09-06,74934.59184448732,BNB
binancecoin,2025-09-06,74934.59184448732,BNB
binancecoin,2025-09-07,75987.12677882316,BNB
binancecoin,2025-09-07,75987.12677882316,BNB
binancecoin,2025-09-07,75987.12677882316,BNB
binancecoin,2025-09-07,75987.12677882316,BNB
binancecoin,2025-09-07,75987.12677882316,BNB
binancecoin,2025-09-08,77726.25354936028,BNB
binancecoin,2025-09-08,77726.25354936028,BNB
binancecoin,2025-09-08,77726.25354936028,BNB
binancecoin,2025-09-08,77726.25354936028,BNB
binancecoin,2025-09-08,77726.25354936028,BNB
binancecoin,2025-09-09,77267.67932945851,BNB
binancecoin,2025-09-09,77267.67932945851,BNB
binancecoin,2025-09-09,77267.67932945851,BNB
binancecoin,2025-09-09,77267.67932945851,BNB
binancecoin,2025-09-09,77267.67932945851,BNB
binancecoin,2025-09-10,77617.66183567977,BNB
binancecoin,2025-09-10,77617.66183567977,BNB
binancecoin,2025-09-10,77617.66183567977,BNB
binancecoin,2025-09-10,77617.66183567977,BNB
binancecoin,2025-09-10,77617.66183567977,BNB
binancecoin,2025-09-11,78682.96366832782,BNB
binancecoin,2025-09-11,78682.96366832782,BNB
binancecoin,2025-09-11,78682.96366832782,BNB
binancecoin,2025-09-11,78682.96366832782,BNB
binancecoin,2025-09-11,78682.96366832782,BNB
binancecoin,2025-09-12,79694.91142103841,BNB
binancecoin,2025-09-12,79694.91142103841,BNB
binancecoin,2025-09-12,79694.91142103841,BNB
binancecoin,2025-09-12,79694.91142103841,BNB
binancecoin,2025-09-12,79694.91142103841,BNB
binancecoin,2025-09-13,81671.58672670399,BNB
binancecoin,2025-09-13,81671.58672670399,BNB
binancecoin,2025-09-13,81671.58672670399,BNB
binancecoin,2025-09-13,81671.58672670399,BNB
binancecoin,2025-09-13,81671.58672670399,BNB
binancecoin,2025-09-14,82442.10746876909,BNB
binancecoin,2025-09-14,82442.10746876909,BNB
binancecoin,2025-09-14,82442.10746876909,BNB
binancecoin,2025-09-14,82442.10746876909,BNB
binancecoin,2025-09-14,82442.10746876909,BNB
binancecoin,2025-09-15,81819.27202973579,BNB
binancecoin,2025-09-15,81819.27202973579,BNB
binancecoin,2025-09-15,81819.27202973579,BNB
binancecoin,2025-09-15,81819.27202973579,BNB
binancecoin,2025-09-15,81819.27202973579,BNB
binancecoin,2025-09-16,81005.55719116506,BNB
binancecoin,2025-09-16,81005.55719116506,BNB
binancecoin,2025-09-16,81005.55719116506,BNB
binancecoin,2025-09-16,81005.55719116506,BNB
binancecoin,2025-09-16,81005.55719116506,BNB
binancecoin,2025-09-17,83960.68158477188,BNB
binancecoin,2025-09-17,83960.68158477188,BNB
binancecoin,2025-09-17,83960.68158477188,BNB
binancecoin,2025-09-17,83960.68158477188,BNB
binancecoin,2025-09-17,83960.68158477188,BNB
binancecoin,2025-09-18,87154.68006542354,BNB
binancecoin,2025-09-18,87154.68006542354,BNB
binancecoin,2025-09-18,87154.68006542354,BNB
binancecoin,2025-09-18,87154.68006542354,BNB
binancecoin,2025-09-18,87154.68006542354,BNB
binancecoin,2025-09-19,86626.17538246042,BNB
binancecoin,2025-09-19,86626.17538246042,BNB
binancecoin,2025-09-19,86626.17538246042,BNB
binancecoin,2025-09-19,86626.17538246042,BNB
binancecoin,2025-09-19,86626.17538246042,BNB
binancecoin,2025-09-20,86574.1717462663,BNB
binancecoin,2025-09-20,86574.1717462663,BNB
binancecoin,2025-09-20,86574.1717462663,BNB
binancecoin,2025-09-20,86574.1717462663,BNB
binancecoin,2025-09-20,86574.1717462663,BNB
binancecoin,2025-09-21,91835.29791370138,BNB
binancecoin,2025-09-21,91835.29791370138,BNB
binancecoin,2025-09-21,91835.29791370138,BNB
binancecoin,2025-09-21,91835.29791370138,BNB
binancecoin,2025-09-21,91835.29791370138,BNB
binancecoin,2025-09-22,92377.99323417075,BNB
binancecoin,2025-09-22,92377.99323417075,BNB
binancecoin,2025-09-22,92377.99323417075,BNB
binancecoin,2025-09-22,92377.99323417075,BNB
binancecoin,2025-09-22,92377.99323417075,BNB
binancecoin,2025-09-23,87632.49182629505,BNB
binancecoin,2025-09-23,87632.49182629505,BNB
binancecoin,2025-09-23,87632.49182629505,BNB
binancecoin,2025-09-23,87632.49182629505,BNB
binancecoin,2025-09-23,87632.49182629505,BNB
binancecoin,2025-09-24,90359.24176478451,BNB
binancecoin,2025-09-24,90359.24176478451,BNB
binancecoin,2025-09-24,90359.24176478451,BNB
binancecoin,2025-09-24,90359.24176478451,BNB
binancecoin,2025-09-24,90359.24176478451,BNB
binancecoin,2025-09-25,90382.8837868033,BNB
binancecoin,2025-09-25,90382.8837868033,BNB
binancecoin,2025-09-25,90382.8837868033,BNB
binancecoin,2025-09-25,90382.8837868033,BNB
binancecoin,2025-09-25,90382.8837868033,BNB
binancecoin,2025-09-26,83837.67671183657,BNB
binancecoin,2025-09-26,83837.67671183657,BNB
binancecoin,2025-09-26,83837.67671183657,BNB
binancecoin,2025-09-26,83837.67671183657,BNB
binancecoin,2025-09-26,83837.67671183657,BNB
binancecoin,2025-09-27,85185.70921781841,BNB
binancecoin,2025-09-27,85185.70921781841,BNB
binancecoin,2025-09-27,85185.70921781841,BNB
binancecoin,2025-09-27,85185.70921781841,BNB
binancecoin,2025-09-27,85185.70921781841,BNB
binancecoin,2025-09-28,85900.19381641738,BNB
binancecoin,2025-09-28,85900.19381641738,BNB
binancecoin,2025-09-28,85900.19381641738,BNB
binancecoin,2025-09-28,85900.19381641738,BNB
binancecoin,2025-09-28,85900.19381641738,BNB
binancecoin,2025-09-29,88074.74703826687,BNB
binancecoin,2025-09-29,88074.74703826687,BNB
binancecoin,2025-09-29,88074.74703826687,BNB
binancecoin,2025-09-29,88074.74703826687,BNB
binancecoin,2025-09-29,88074.74703826687,BNB
binancecoin,2025-09-30,91368.63289487794,BNB
binancecoin,2025-09-30,91368.63289487794,BNB
binancecoin,2025-09-30,91368.63289487794,BNB
binancecoin,2025-09-30,91368.63289487794,BNB
binancecoin,2025-09-30,91368.63289487794,BNB
binancecoin,2025-10-01,89633.6361456727,BNB
binancecoin,2025-10-01,89633.6361456727,BNB
binancecoin,2025-10-01,89633.6361456727,BNB
binancecoin,2025-10-01,89633.6361456727,BNB
binancecoin,2025-10-01,89633.6361456727,BNB
binancecoin,2025-10-02,90972.94376594422,BNB
binancecoin,2025-10-02,90972.94376594422,BNB
binancecoin,2025-10-02,90972.94376594422,BNB
binancecoin,2025-10-02,90972.94376594422,BNB
binancecoin,2025-10-02,90972.94376594422,BNB
binancecoin,2025-10-03,96732.93260417196,BNB
binancecoin,2025-10-03,96732.93260417196,BNB
binancecoin,2025-10-03,96732.93260417196,BNB
binancecoin,2025-10-03,96732.93260417196,BNB
binancecoin,2025-10-03,96732.93260417196,BNB
binancecoin,2025-10-04,105599.86653506332,BNB
binancecoin,2025-10-04,105599.86653506332,BNB
binancecoin,2025-10-04,105599.86653506332,BNB
binancecoin,2025-10-04,105599.86653506332,BNB
binancecoin,2025-10-04,105599.86653506332,BNB
binancecoin,2025-10-05,102004.68510084327,BNB
binancecoin,2025-10-05,102004.68510084327,BNB
binancecoin,2025-10-05,102004.68510084327,BNB
binancecoin,2025-10-05,102004.68510084327,BNB
binancecoin,2025-10-05,102004.68510084327,BNB
binancecoin,2025-10-06,103419.08536767065,BNB
binancecoin,2025-10-06,103419.08536767065,BNB
binancecoin,2025-10-06,103419.08536767065,BNB
binancecoin,2025-10-06,103419.08536767065,BNB
binancecoin,2025-10-06,103419.08536767065,BNB
binancecoin,2025-10-07,108649.7847224238,BNB
binancecoin,2025-10-07,108649.7847224238,BNB
binancecoin,2025-10-07,108649.7847224238,BNB
binancecoin,2025-10-07,108649.7847224238,BNB
binancecoin,2025-10-07,108649.7847224238,BNB
binancecoin,2025-10-08,116405.14243154848,BNB
binancecoin,2025-10-08,116405.14243154848,BNB
binancecoin,2025-10-08,116405.14243154848,BNB
binancecoin,2025-10-08,116405.14243154848,BNB
binancecoin,2025-10-08,116405.14243154848,BNB
binancecoin,2025-10-09,115975.74713317385,BNB
binancecoin,2025-10-09,115975.74713317385,BNB
binancecoin,2025-10-09,115975.74713317385,BNB
binancecoin,2025-10-09,115975.74713317385,BNB
binancecoin,2025-10-09,115975.74713317385,BNB
binancecoin,2025-10-10,111604.47385296482,BNB
binancecoin,2025-10-10,111604.47385296482,BNB
binancecoin,2025-10-10,111604.47385296482,BNB
binancecoin,2025-10-10,111604.47385296482,BNB
binancecoin,2025-10-10,111604.47385296482,BNB
binancecoin,2025-10-11,98590.70094011468,BNB
binancecoin,2025-10-11,98590.70094011468,BNB
binancecoin,2025-10-11,98590.70094011468,BNB
binancecoin,2025-10-11,98590.70094011468,BNB
binancecoin,2025-10-11,98590.70094011468,BNB
binancecoin,2025-10-12,101010.04512013537,BNB
binancecoin,2025-10-12,101010.04512013537,BNB
binancecoin,2025-10-12,101010.04512013537,BNB
binancecoin,2025-10-12,101010.04512013537,BNB
binancecoin,2025-10-12,101010.04512013537,BNB
binancecoin,2025-10-13,115277.47513687446,BNB
binancecoin,2025-10-13,115277.47513687446,BNB
binancecoin,2025-10-13,115277.47513687446,BNB
binancecoin,2025-10-13,115277.47513687446,BNB
binancecoin,2025-10-13,115277.47513687446,BNB
binancecoin,2025-10-14,114650.70196772134,BNB
binancecoin,2025-10-14,114650.70196772134,BNB
binancecoin,2025-10-14,114650.70196772134,BNB
binancecoin,2025-10-14,114650.70196772134,BNB
binancecoin,2025-10-14,114650.70196772134,BNB
binancecoin,2025-10-15,107629.84613066347,BNB
binancecoin,2025-10-15,107629.84613066347,BNB
binancecoin,2025-10-15,107629.84613066347,BNB
binancecoin,2025-10-15,107629.84613066347,BNB
binancecoin,2025-10-15,107629.84613066347,BNB
binancecoin,2025-10-16,102012.10746954879,BNB
binancecoin,2025-10-16,102012.10746954879,BNB
binancecoin,2025-10-16,102012.10746954879,BNB
binancecoin,2025-10-16,102012.10746954879,BNB
binancecoin,2025-10-16,102012.10746954879,BNB
binancecoin,2025-10-17,100638.00978431241,BNB
binancecoin,2025-10-17,100638.00978431241,BNB
binancecoin,2025-10-17,100638.00978431241,BNB
binancecoin,2025-10-17,100638.00978431241,BNB
binancecoin,2025-10-17,100638.00978431241,BNB
binancecoin,2025-10-18,94323.76582935236,BNB
binancecoin,2025-10-18,94323.76582935236,BNB
binancecoin,2025-10-18,94323.76582935236,BNB
binancecoin,2025-10-18,94323.76582935236,BNB
binancecoin,2025-10-18,94323.76582935236,BNB
binancecoin,2025-10-19,96164.22640426239,BNB
binancecoin,2025-10-19,96164.22640426239,BNB
binancecoin,2025-10-19,96164.22640426239,BNB
binancecoin,2025-10-19,96164.22640426239,BNB
binancecoin,2025-10-19,96164.22640426239,BNB
binancecoin,2025-10-20,97660.4498887775,BNB
binancecoin,2025-10-20,97660.4498887775,BNB
binancecoin,2025-10-20,97660.4498887775,BNB
binancecoin,2025-10-20,97660.4498887775,BNB
binancecoin,2025-10-20,97660.4498887775,BNB
binancecoin,2025-10-21,96720.49511791285,BNB
binancecoin,2025-10-21,96720.49511791285,BNB
binancecoin,2025-10-21,96720.49511791285,BNB
binancecoin,2025-10-21,96720.49511791285,BNB
binancecoin,2025-10-21,96720.49511791285,BNB
binancecoin,2025-10-22,93114.03794129679,BNB
binancecoin,2025-10-22,93114.03794129679,BNB
binancecoin,2025-10-22,93114.03794129679,BNB
binancecoin,2025-10-22,93114.03794129679,BNB
binancecoin,2025-10-22,93114.03794129679,BNB
binancecoin,2025-10-23,93999.55916095893,BNB
binancecoin,2025-10-23,93999.55916095893,BNB
binancecoin,2025-10-23,93999.55916095893,BNB
binancecoin,2025-10-23,93999.55916095893,BNB
binancecoin,2025-10-23,93999.55916095893,BNB
binancecoin,2025-10-24,98958.6459919135,BNB
binancecoin,2025-10-24,98958.6459919135,BNB
binancecoin,2025-10-24,98958.6459919135,BNB
binancecoin,2025-10-24,98958.6459919135,BNB
binancecoin,2025-10-24,98958.6459919135,BNB
binancecoin,2025-10-25,97408.10199758109,BNB
binancecoin,2025-10-25,97408.10199758109,BNB
binancecoin,2025-10-25,97408.10199758109,BNB
binancecoin,2025-10-25,97408.10199758109,BNB
binancecoin,2025-10-25,97408.10199758109,BNB
binancecoin,2025-10-26,98063.51413901497,BNB
binancecoin,2025-10-26,98063.51413901497,BNB
binancecoin,2025-10-26,98063.51413901497,BNB
binancecoin,2025-10-26,98063.51413901497,BNB
binancecoin,2025-10-26,98063.51413901497,BNB
binancecoin,2025-10-27,99859.47585629414,BNB
binancecoin,2025-10-27,99859.47585629414,BNB
binancecoin,2025-10-27,99859.47585629414,BNB
binancecoin,2025-10-27,99859.47585629414,BNB
binancecoin,2025-10-27,99859.47585629414,BNB
binancecoin,2025-10-28,100616.23236886057,BNB
binancecoin,2025-10-28,100616.23236886057,BNB
binancecoin,2025-10-28,100616.23236886057,BNB
binancecoin,2025-10-28,100616.23236886057,BNB
binancecoin,2025-10-28,100616.23236886057,BNB
binancecoin,2025-10-29,97365.52304605034,BNB
binancecoin,2025-10-29,97365.52304605034,BNB
binancecoin,2025-10-29,97365.52304605034,BNB
binancecoin,2025-10-29,97365.52304605034,BNB
binancecoin,2025-10-29,97365.52304605034,BNB
binancecoin,2025-10-30,97780.05155421568,BNB
binancecoin,2025-10-30,97780.05155421568,BNB
binancecoin,2025-10-30,97780.05155421568,BNB
binancecoin,2025-10-30,97780.05155421568,BNB
binancecoin,2025-10-30,97780.05155421568,BNB
binancecoin,2025-10-31,95611.97577643482,BNB
binancecoin,2025-10-31,95611.97577643482,BNB
binancecoin,2025-10-31,95611.97577643482,BNB
binancecoin,2025-10-31,95611.97577643482,BNB
binancecoin,2025-10-31,95611.97577643482,BNB
binancecoin,2025-11-01,96725.07392932409,BNB
binancecoin,2025-11-01,96725.07392932409,BNB
binancecoin,2025-11-01,96725.07392932409,BNB
binancecoin,2025-11-01,96725.07392932409,BNB
binancecoin,2025-11-01,96725.07392932409,BNB
binancecoin,2025-11-02,97153.0401285268,BNB
binancecoin,2025-11-02,97153.0401285268,BNB
binancecoin,2025-11-02,97153.0401285268,BNB
binancecoin,2025-11-02,97153.0401285268,BNB
binancecoin,2025-11-02,97153.0401285268,BNB
binancecoin,2025-11-03,96219.51578933863,BNB
binancecoin,2025-11-03,96219.51578933863,BNB
binancecoin,2025-11-03,96219.51578933863,BNB
binancecoin,2025-11-03,96219.51578933863,BNB
binancecoin,2025-11-03,96219.51578933863,BNB
binancecoin,2025-11-04,88031.10888776404,BNB
binancecoin,2025-11-04,88031.10888776404,BNB
binancecoin,2025-11-04,88031.10888776404,BNB
binancecoin,2025-11-04,88031.10888776404,BNB
binancecoin,2025-11-04,88031.10888776404,BNB
binancecoin,2025-11-05,83309.89500336022,BNB
binancecoin,2025-11-05,83309.89500336022,BNB
binancecoin,2025-11-05,83309.89500336022,BNB
binancecoin,2025-11-05,83309.89500336022,BNB
binancecoin,2025-11-05,83309.89500336022,BNB
binancecoin,2025-11-06,85012.1280468762,BNB
binancecoin,2025-11-06,85012.1280468762,BNB
binancecoin,2025-11-06,85012.1280468762,BNB
binancecoin,2025-11-06,85012.1280468762,BNB
binancecoin,2025-11-06,85012.1280468762,BNB
binancecoin,2025-11-07,84122.48364113465,BNB
binancecoin,2025-11-07,84122.48364113465,BNB
binancecoin,2025-11-07,84122.48364113465,BNB
binancecoin,2025-11-07,84122.48364113465,BNB
binancecoin,2025-11-07,84122.48364113465,BNB
binancecoin,2025-11-08,87831.01908634373,BNB
binancecoin,2025-11-08,87831.01908634373,BNB
binancecoin,2025-11-08,87831.01908634373,BNB
binancecoin,2025-11-08,87831.01908634373,BNB
binancecoin,2025-11-08,87831.01908634373,BNB
binancecoin,2025-11-09,87768.62184377918,BNB
binancecoin,2025-11-09,87768.62184377918,BNB
binancecoin,2025-11-09,87768.62184377918,BNB
binancecoin,2025-11-09,87768.62184377918,BNB
binancecoin,2025-11-09,87768.62184377918,BNB
binancecoin,2025-11-10,88333.01230524376,BNB
binancecoin,2025-11-10,88333.01230524376,BNB
binancecoin,2025-11-10,88333.01230524376,BNB
binancecoin,2025-11-10,88333.01230524376,BNB
binancecoin,2025-11-10,88333.01230524376,BNB
binancecoin,2025-11-11,87941.39562879216,BNB
binancecoin,2025-11-11,87941.39562879216,BNB
binancecoin,2025-11-11,87941.39562879216,BNB
binancecoin,2025-11-11,87941.39562879216,BNB
binancecoin,2025-11-11,87941.39562879216,BNB
binancecoin,2025-11-12,84675.78841293452,BNB
binancecoin,2025-11-12,84675.78841293452,BNB
binancecoin,2025-11-12,84675.78841293452,BNB
binancecoin,2025-11-12,84675.78841293452,BNB
binancecoin,2025-11-12,84675.78841293452,BNB
binancecoin,2025-11-13,84422.96509547133,BNB
binancecoin,2025-11-13,84422.96509547133,BNB
binancecoin,2025-11-13,84422.96509547133,BNB
binancecoin,2025-11-13,84422.96509547133,BNB
binancecoin,2025-11-13,84422.96509547133,BNB
binancecoin,2025-11-14,82343.59095148907,BNB
binancecoin,2025-11-14,82343.59095148907,BNB
binancecoin,2025-11-14,82343.59095148907,BNB
binancecoin,2025-11-14,82343.59095148907,BNB
binancecoin,2025-11-14,82343.59095148907,BNB
binancecoin,2025-11-15,81387.11141512904,BNB
binancecoin,2025-11-15,81387.11141512904,BNB
binancecoin,2025-11-15,81387.11141512904,BNB
binancecoin,2025-11-15,81387.11141512904,BNB
binancecoin,2025-11-15,81387.11141512904,BNB
binancecoin,2025-11-16,82656.3223060313,BNB
binancecoin,2025-11-16,82656.3223060313,BNB
binancecoin,2025-11-16,82656.3223060313,BNB
binancecoin,2025-11-16,82656.3223060313,BNB
binancecoin,2025-11-16,82656.3223060313,BNB
binancecoin,2025-11-17,82346.85924379769,BNB
binancecoin,2025-11-17,82346.85924379769,BNB
binancecoin,2025-11-17,82346.85924379769,BNB
binancecoin,2025-11-17,82346.85924379769,BNB
binancecoin,2025-11-17,82346.85924379769,BNB
binancecoin,2025-11-18,80368.14509259464,BNB
binancecoin,2025-11-18,80368.14509259464,BNB
binancecoin,2025-11-18,80368.14509259464,BNB
binancecoin,2025-11-18,80368.14509259464,BNB
binancecoin,2025-11-18,80368.14509259464,BNB
binancecoin,2025-11-19,82540.46499712384,BNB
binancecoin,2025-11-19,82540.46499712384,BNB
binancecoin,2025-11-19,82540.46499712384,BNB
binancecoin,2025-11-19,82540.46499712384,BNB
binancecoin,2025-11-19,82540.46499712384,BNB
binancecoin,2025-11-20,79177.64318778821,BNB
binancecoin,2025-11-20,79177.64318778821,BNB
binancecoin,2025-11-20,79177.64318778821,BNB
binancecoin,2025-11-20,79177.64318778821,BNB
binancecoin,2025-11-20,79177.64318778821,BNB
binancecoin,2025-11-21,76871.63534667267,BNB
binancecoin,2025-11-21,76871.63534667267,BNB
binancecoin,2025-11-21,76871.63534667267,BNB
binancecoin,2025-11-21,76871.63534667267,BNB
binancecoin,2025-11-21,76871.63534667267,BNB
binancecoin,2025-11-22,74489.54306498196,BNB
binancecoin,2025-11-22,74489.54306498196,BNB
binancecoin,2025-11-22,74489.54306498196,BNB
binancecoin,2025-11-22,74489.54306498196,BNB
binancecoin,2025-11-22,74489.54306498196,BNB
binancecoin,2025-11-23,74714.25164521765,BNB
binancecoin,2025-11-23,74714.25164521765,BNB
binancecoin,2025-11-23,74714.25164521765,BNB
binancecoin,2025-11-23,74714.25164521765,BNB
binancecoin,2025-11-23,74714.25164521765,BNB
binancecoin,2025-11-24,75561.84230861219,BNB
binancecoin,2025-11-24,75561.84230861219,BNB
binancecoin,2025-11-24,75561.84230861219,BNB
binancecoin,2025-11-24,75561.84230861219,BNB
binancecoin,2025-11-24,75561.84230861219,BNB
binancecoin,2025-11-25,77055.47585048217,BNB
binancecoin,2025-11-25,77055.47585048217,BNB
binancecoin,2025-11-25,77055.47585048217,BNB
binancecoin,2025-11-25,77055.47585048217,BNB
binancecoin,2025-11-25,77055.47585048217,BNB
binancecoin,2025-11-26,76840.65646095468,BNB
binancecoin,2025-11-26,76840.65646095468,BNB
binancecoin,2025-11-26,76840.65646095468,BNB
binancecoin,2025-11-26,76840.65646095468,BNB
binancecoin,2025-11-26,76840.65646095468,BNB
binancecoin,2025-11-27,79508.50009525949,BNB
binancecoin,2025-11-27,79508.50009525949,BNB
binancecoin,2025-11-27,79508.50009525949,BNB
binancecoin,2025-11-27,79508.50009525949,BNB
binancecoin,2025-11-27,79508.50009525949,BNB
binancecoin,2025-11-28,80017.26584927185,BNB
binancecoin,2025-11-28,80017.26584927185,BNB
binancecoin,2025-11-28,80017.26584927185,BNB
binancecoin,2025-11-28,80017.26584927185,BNB
binancecoin,2025-11-28,80017.26584927185,BNB
binancecoin,2025-11-29,79301.20689517986,BNB
binancecoin,2025-11-29,79301.20689517986,BNB
binancecoin,2025-11-29,79301.20689517986,BNB
binancecoin,2025-11-29,79301.20689517986,BNB
binancecoin,2025-11-29,79301.20689517986,BNB
binancecoin,2025-11-30,78068.81747360923,BNB
binancecoin,2025-11-30,78068.81747360923,BNB
binancecoin,2025-11-30,78068.81747360923,BNB
binancecoin,2025-11-30,78068.81747360923,BNB
binancecoin,2025-11-30,78068.81747360923,BNB
binancecoin,2025-12-01,78435.66157550194,BNB
binancecoin,2025-12-01,78435.66157550194,BNB
binancecoin,2025-12-01,78435.66157550194,BNB
binancecoin,2025-12-01,78435.66157550194,BNB
binancecoin,2025-12-01,78435.66157550194,BNB
binancecoin,2025-12-02,74153.64375649435,BNB
binancecoin,2025-12-02,74153.64375649435,BNB
binancecoin,2025-12-02,74153.64375649435,BNB
binancecoin,2025-12-02,74153.64375649435,BNB
binancecoin,2025-12-02,74153.64375649435,BNB
binancecoin,2025-12-03,78834.85346066205,BNB
binancecoin,2025-12-03,78834.85346066205,BNB
binancecoin,2025-12-03,78834.85346066205,BNB
binancecoin,2025-12-03,78834.85346066205,BNB
binancecoin,2025-12-03,78834.85346066205,BNB
binancecoin,2025-12-04,83168.56587910386,BNB
binancecoin,2025-12-04,83168.56587910386,BNB
binancecoin,2025-12-04,83168.56587910386,BNB
binancecoin,2025-12-04,83168.56587910386,BNB
binancecoin,2025-12-04,83168.56587910386,BNB
binancecoin,2025-12-05,80873.64569958077,BNB
binancecoin,2025-12-05,80873.64569958077,BNB
binancecoin,2025-12-05,80873.64569958077,BNB
binancecoin,2025-12-05,80873.64569958077,BNB
binancecoin,2025-12-05,80873.64569958077,BNB
binancecoin,2025-12-06,79487.81033125143,BNB
binancecoin,2025-12-06,79487.81033125143,BNB
binancecoin,2025-12-06,79487.81033125143,BNB
binancecoin,2025-12-06,79487.81033125143,BNB
binancecoin,2025-12-06,79487.81033125143,BNB
binancecoin,2025-12-07,80085.0406635842,BNB
binancecoin,2025-12-07,80085.0406635842,BNB
binancecoin,2025-12-07,80085.0406635842,BNB
binancecoin,2025-12-07,80085.0406635842,BNB
binancecoin,2025-12-07,80085.0406635842,BNB
binancecoin,2025-12-08,80313.58812825273,BNB
binancecoin,2025-12-08,80313.58812825273,BNB
binancecoin,2025-12-08,80313.58812825273,BNB
binancecoin,2025-12-08,80313.58812825273,BNB
binancecoin,2025-12-08,80313.58812825273,BNB
binancecoin,2025-12-09,80882.8300454405,BNB
binancecoin,2025-12-09,80882.8300454405,BNB
binancecoin,2025-12-09,80882.8300454405,BNB
binancecoin,2025-12-09,80882.8300454405,BNB
binancecoin,2025-12-09,80882.8300454405,BNB
binancecoin,2025-12-10,80871.80735965943,BNB
binancecoin,2025-12-10,80871.80735965943,BNB
binancecoin,2025-12-10,80871.80735965943,BNB
binancecoin,2025-12-10,80871.80735965943,BNB
binancecoin,2025-12-10,80871.80735965943,BNB
binancecoin,2025-12-11,80311.27241456177,BNB
binancecoin,2025-12-11,80311.27241456177,BNB
binancecoin,2025-12-11,80311.27241456177,BNB
binancecoin,2025-12-11,80311.27241456177,BNB
binancecoin,2025-12-11,80311.27241456177,BNB
binancecoin,2025-12-12,79930.38662183688,BNB
binancecoin,2025-12-12,79930.38662183688,BNB
binancecoin,2025-12-12,79930.38662183688,BNB
binancecoin,2025-12-12,79930.38662183688,BNB
binancecoin,2025-12-12,79930.38662183688,BNB
binancecoin,2025-12-13,79860.13996809832,BNB
binancecoin,2025-12-13,79860.13996809832,BNB
binancecoin,2025-12-13,79860.13996809832,BNB
binancecoin,2025-12-13,79860.13996809832,BNB
binancecoin,2025-12-13,79860.13996809832,BNB
binancecoin,2025-12-14,81282.47858772936,BNB
binancecoin,2025-12-14,81282.47858772936,BNB
binancecoin,2025-12-14,81282.47858772936,BNB
binancecoin,2025-12-14,81282.47858772936,BNB
binancecoin,2025-12-14,81282.47858772936,BNB
binancecoin,2025-12-15,79568.46108643389,BNB
binancecoin,2025-12-15,79568.46108643389,BNB
binancecoin,2025-12-15,79568.46108643389,BNB
binancecoin,2025-12-15,79568.46108643389,BNB
binancecoin,2025-12-15,79568.46108643389,BNB
binancecoin,2025-12-16,77924.16423377926,BNB
binancecoin,2025-12-16,77924.16423377926,BNB
binancecoin,2025-12-16,77924.16423377926,BNB
binancecoin,2025-12-16,77924.16423377926,BNB
binancecoin,2025-12-16,77924.16423377926,BNB
binancecoin,2025-12-17,79550.5810935156,BNB
binancecoin,2025-12-17,79550.5810935156,BNB
binancecoin,2025-12-17,79550.5810935156,BNB
binancecoin,2025-12-17,79550.5810935156,BNB
binancecoin,2025-12-17,79550.5810935156,BNB
binancecoin,2025-12-18,76199.87232187075,BNB
binancecoin,2025-12-18,76199.87232187075,BNB
binancecoin,2025-12-18,76199.87232187075,BNB
binancecoin,2025-12-18,76199.87232187075,BNB
binancecoin,2025-12-18,76199.87232187075,BNB
binancecoin,2025-12-19,74842.3426703115,BNB
binancecoin,2025-12-19,74842.3426703115,BNB
binancecoin,2025-12-19,74842.3426703115,BNB
binancecoin,2025-12-19,74842.3426703115,BNB
binancecoin,2025-12-19,74842.3426703115,BNB
binancecoin,2025-12-20,76674.37027835942,BNB
binancecoin,2025-12-20,76674.37027835942,BNB
binancecoin,2025-12-20,76674.37027835942,BNB
binancecoin,2025-12-20,76674.37027835942,BNB
binancecoin,2025-12-20,76674.37027835942,BNB
binancecoin,2025-12-21,76459.95874403667,BNB
binancecoin,2025-12-21,76459.95874403667,BNB
binancecoin,2025-12-21,76459.95874403667,BNB
binancecoin,2025-12-21,76459.95874403667,BNB
binancecoin,2025-12-21,76459.95874403667,BNB
binancecoin,2025-12-22,76839.84880315725,BNB
binancecoin,2025-12-22,76839.84880315725,BNB
binancecoin,2025-12-22,76839.84880315725,BNB
binancecoin,2025-12-22,76839.84880315725,BNB
binancecoin,2025-12-22,76839.84880315725,BNB
binancecoin,2025-12-23,76881.9302574831,BNB
binancecoin,2025-12-23,76881.9302574831,BNB
binancecoin,2025-12-23,76881.9302574831,BNB
binancecoin,2025-12-23,76881.9302574831,BNB
binancecoin,2025-12-23,76881.9302574831,BNB
binancecoin,2025-12-24,75508.67817680273,BNB
binancecoin,2025-12-24,75508.67817680273,BNB
binancecoin,2025-12-24,75508.67817680273,BNB
binancecoin,2025-12-24,75508.67817680273,BNB
binancecoin,2025-12-24,75508.67817680273,BNB
binancecoin,2025-12-25,76051.33578532643,BNB
binancecoin,2025-12-25,76051.33578532643,BNB
binancecoin,2025-12-25,76051.33578532643,BNB
binancecoin,2025-12-25,76051.33578532643,BNB
binancecoin,2025-12-25,76051.33578532643,BNB
binancecoin,2025-12-26,74688.48231351264,BNB
binancecoin,2025-12-26,74688.48231351264,BNB
binancecoin,2025-12-26,74688.48231351264,BNB
binancecoin,2025-12-26,74688.48231351264,BNB
binancecoin,2025-12-26,74688.48231351264,BNB
binancecoin,2025-12-27,74912.2515975624,BNB
binancecoin,2025-12-27,74912.2515975624,BNB
binancecoin,2025-12-27,74912.2515975624,BNB
binancecoin,2025-12-27,74912.2515975624,BNB
binancecoin,2025-12-27,74912.2515975624,BNB
binancecoin,2025-12-28,75864.33582280668,BNB
binancecoin,2025-12-28,75864.33582280668,BNB
binancecoin,2025-12-28,75864.33582280668,BNB
binancecoin,2025-12-28,75864.33582280668,BNB
binancecoin,2025-12-28,75864.33582280668,BNB
binancecoin,2025-12-29,77131.93573219082,BNB
binancecoin,2025-12-29,77131.93573219082,BNB
binancecoin,2025-12-29,77131.93573219082,BNB
binancecoin,2025-12-29,77131.93573219082,BNB
binancecoin,2025-12-29,77131.93573219082,BNB
binancecoin,2025-12-30,76522.1126572846,BNB
binancecoin,2025-12-30,76522.1126572846,BNB
binancecoin,2025-12-30,76522.1126572846,BNB
binancecoin,2025-12-30,76522.1126572846,BNB
binancecoin,2025-12-30,76522.1126572846,BNB
binancecoin,2025-12-31,77232.28701384601,BNB
binancecoin,2025-12-31,77232.28701384601,BNB
binancecoin,2025-12-31,77232.28701384601,BNB
binancecoin,2025-12-31,77232.28701384601,BNB
binancecoin,2025-12-31,77232.28701384601,BNB
binancecoin,2026-01-01,77667.28432073943,BNB
binancecoin,2026-01-01,77667.28432073943,BNB
binancecoin,2026-01-01,77667.28432073943,BNB
binancecoin,2026-01-01,77667.28432073943,BNB
binancecoin,2026-01-01,77667.28432073943,BNB
binancecoin,2026-01-02,77634.82331821375,BNB
binancecoin,2026-01-02,77634.82331821375,BNB
binancecoin,2026-01-02,77634.82331821375,BNB
binancecoin,2026-01-02,77634.82331821375,BNB
binancecoin,2026-01-02,77634.82331821375,BNB
binancecoin,2026-01-03,79266.562531623,BNB
binancecoin,2026-01-03,79266.562531623,BNB
binancecoin,2026-01-03,79266.562531623,BNB
binancecoin,2026-01-03,79266.562531623,BNB
binancecoin,2026-01-03,79266.562531623,BNB
binancecoin,2026-01-04,79098.66128914714,BNB
binancecoin,2026-01-04,79098.66128914714,BNB
binancecoin,2026-01-04,79098.66128914714,BNB
binancecoin,2026-01-04,79098.66128914714,BNB
binancecoin,2026-01-04,79098.66128914714,BNB
binancecoin,2026-01-05,80513.53121879461,BNB
binancecoin,2026-01-05,80513.53121879461,BNB
binancecoin,2026-01-05,80513.53121879461,BNB
binancecoin,2026-01-05,80513.53121879461,BNB
binancecoin,2026-01-05,80513.53121879461,BNB
binancecoin,2026-01-06,82194.09828409996,BNB
binancecoin,2026-01-06,82194.09828409996,BNB
binancecoin,2026-01-06,82194.09828409996,BNB
binancecoin,2026-01-06,82194.09828409996,BNB
binancecoin,2026-01-06,82194.09828409996,BNB
binancecoin,2026-01-07,82722.50988826768,BNB
binancecoin,2026-01-07,82722.50988826768,BNB
binancecoin,2026-01-07,82722.50988826768,BNB
binancecoin,2026-01-07,82722.50988826768,BNB
binancecoin,2026-01-07,82722.50988826768,BNB
binancecoin,2026-01-08,80816.30591024498,BNB
binancecoin,2026-01-08,80816.30591024498,BNB
binancecoin,2026-01-08,80816.30591024498,BNB
binancecoin,2026-01-08,80816.30591024498,BNB
binancecoin,2026-01-08,80816.30591024498,BNB
binancecoin,2026-01-09,80159.81073864843,BNB
binancecoin,2026-01-09,80159.81073864843,BNB
binancecoin,2026-01-09,80159.81073864843,BNB
binancecoin,2026-01-09,80159.81073864843,BNB
binancecoin,2026-01-09,80159.81073864843,BNB
binancecoin,2026-01-10,80836.40627837714,BNB
binancecoin,2026-01-10,80836.40627837714,BNB
binancecoin,2026-01-10,80836.40627837714,BNB
binancecoin,2026-01-10,80836.40627837714,BNB
binancecoin,2026-01-10,80836.40627837714,BNB
binancecoin,2026-01-11,81845.29493608022,BNB
binancecoin,2026-01-11,81845.29493608022,BNB
binancecoin,2026-01-11,81845.29493608022,BNB
binancecoin,2026-01-11,81845.29493608022,BNB
binancecoin,2026-01-11,81845.29493608022,BNB
binancecoin,2026-01-12,81473.83311756614,BNB
binancecoin,2026-01-12,81473.83311756614,BNB
binancecoin,2026-01-12,81473.83311756614,BNB
binancecoin,2026-01-12,81473.83311756614,BNB
binancecoin,2026-01-12,81473.83311756614,BNB
binancecoin,2026-01-13,81617.85158025405,BNB
binancecoin,2026-01-13,81617.85158025405,BNB
binancecoin,2026-01-13,81617.85158025405,BNB
binancecoin,2026-01-13,81617.85158025405,BNB
binancecoin,2026-01-13,81617.85158025405,BNB
binancecoin,2026-01-14,85082.43831397744,BNB
binancecoin,2026-01-14,85082.43831397744,BNB
binancecoin,2026-01-14,85082.43831397744,BNB
binancecoin,2026-01-14,85082.43831397744,BNB
binancecoin,2026-01-14,85082.43831397744,BNB
binancecoin,2026-01-15,85654.4012614505,BNB
binancecoin,2026-01-15,85654.4012614505,BNB
binancecoin,2026-01-15,85654.4012614505,BNB
binancecoin,2026-01-15,85654.4012614505,BNB
binancecoin,2026-01-15,85654.4012614505,BNB
binancecoin,2026-01-16,84116.68466114531,BNB
binancecoin,2026-01-16,84116.68466114531,BNB
binancecoin,2026-01-16,84116.68466114531,BNB
binancecoin,2026-01-16,84116.68466114531,BNB
binancecoin,2026-01-16,84116.68466114531,BNB
binancecoin,2026-01-17,85073.45129797312,BNB
binancecoin,2026-01-17,85073.45129797312,BNB
binancecoin,2026-01-17,85073.45129797312,BNB
binancecoin,2026-01-17,85073.45129797312,BNB
binancecoin,2026-01-17,85073.45129797312,BNB
binancecoin,2026-01-18,86053.88466317089,BNB
binancecoin,2026-01-18,86053.88466317089,BNB
binancecoin,2026-01-18,86053.88466317089,BNB
binancecoin,2026-01-18,86053.88466317089,BNB
binancecoin,2026-01-18,86053.88466317089,BNB
binancecoin,2026-01-19,84712.29646238947,BNB
binancecoin,2026-01-19,84712.29646238947,BNB
binancecoin,2026-01-19,84712.29646238947,BNB
binancecoin,2026-01-19,84712.29646238947,BNB
binancecoin,2026-01-19,84712.29646238947,BNB
binancecoin,2026-01-20,83842.14207690423,BNB
binancecoin,2026-01-20,83842.14207690423,BNB
binancecoin,2026-01-20,83842.14207690423,BNB
binancecoin,2026-01-20,83842.14207690423,BNB
binancecoin,2026-01-20,83842.14207690423,BNB
binancecoin,2026-01-21,80591.17640227695,BNB
binancecoin,2026-01-21,80591.17640227695,BNB
binancecoin,2026-01-21,80591.17640227695,BNB
binancecoin,2026-01-21,80591.17640227695,BNB
binancecoin,2026-01-21,80591.17640227695,BNB
binancecoin,2026-01-22,80768.30704544293,BNB
binancecoin,2026-01-22,80768.30704544293,BNB
binancecoin,2026-01-22,80768.30704544293,BNB
binancecoin,2026-01-22,80768.30704544293,BNB
binancecoin,2026-01-22,80768.30704544293,BNB
binancecoin,2026-01-23,81201.46391217696,BNB
binancecoin,2026-01-23,81201.46391217696,BNB
binancecoin,2026-01-23,81201.46391217696,BNB
binancecoin,2026-01-23,81201.46391217696,BNB
binancecoin,2026-01-23,81201.46391217696,BNB
binancecoin,2026-01-24,81576.01890539672,BNB
binancecoin,2026-01-24,81576.01890539672,BNB
binancecoin,2026-01-24,81576.01890539672,BNB
binancecoin,2026-01-24,81576.01890539672,BNB
binancecoin,2026-01-24,81576.01890539672,BNB
binancecoin,2026-01-25,81158.01018176146,BNB
binancecoin,2026-01-25,81158.01018176146,BNB
binancecoin,2026-01-25,81158.01018176146,BNB
binancecoin,2026-01-25,81158.01018176146,BNB
binancecoin,2026-01-25,81158.01018176146,BNB
binancecoin,2026-01-26,79219.56714197846,BNB
binancecoin,2026-01-26,79219.56714197846,BNB
binancecoin,2026-01-26,79219.56714197846,BNB
binancecoin,2026-01-26,79219.56714197846,BNB
binancecoin,2026-01-26,79219.56714197846,BNB
binancecoin,2026-01-27,80581.69383954877,BNB
binancecoin,2026-01-27,80581.69383954877,BNB
binancecoin,2026-01-27,80581.69383954877,BNB
binancecoin,2026-01-27,80581.69383954877,BNB
binancecoin,2026-01-27,80581.69383954877,BNB
binancecoin,2026-01-28,82168.92901202067,BNB
binancecoin,2026-01-28,82168.92901202067,BNB
binancecoin,2026-01-28,82168.92901202067,BNB
binancecoin,2026-01-28,82168.92901202067,BNB
binancecoin,2026-01-28,82168.92901202067,BNB
binancecoin,2026-01-29,82949.12799744449,BNB
binancecoin,2026-01-29,82949.12799744449,BNB
binancecoin,2026-01-29,82949.12799744449,BNB
binancecoin,2026-01-29,82949.12799744449,BNB
binancecoin,2026-01-29,82949.12799744449,BNB
binancecoin,2026-01-30,79642.56508654356,BNB
binancecoin,2026-01-30,79642.56508654356,BNB
binancecoin,2026-01-30,79642.56508654356,BNB
binancecoin,2026-01-30,79642.56508654356,BNB
binancecoin,2026-01-30,79642.56508654356,BNB
binancecoin,2026-01-31,78605.86258177624,BNB
binancecoin,2026-01-31,78605.86258177624,BNB
binancecoin,2026-01-31,78605.86258177624,BNB
binancecoin,2026-01-31,78605.86258177624,BNB
binancecoin,2026-01-31,78605.86258177624,BNB
binancecoin,2026-02-01,71542.78789117877,BNB
binancecoin,2026-02-01,71542.78789117877,BNB
binancecoin,2026-02-01,71542.78789117877,BNB
binancecoin,2026-02-01,71542.78789117877,BNB
binancecoin,2026-02-01,71542.78789117877,BNB
binancecoin,2026-02-02,69503.93611151888,BNB
binancecoin,2026-02-02,69503.93611151888,BNB
binancecoin,2026-02-02,69503.93611151888,BNB
binancecoin,2026-02-02,69503.93611151888,BNB
binancecoin,2026-02-02,69503.93611151888,BNB
binancecoin,2026-02-03,70125.19447495423,BNB
binancecoin,2026-02-03,70125.19447495423,BNB
binancecoin,2026-02-03,70125.19447495423,BNB
binancecoin,2026-02-03,70125.19447495423,BNB
binancecoin,2026-02-03,70125.19447495423,BNB
binancecoin,2026-02-04,68144.26370274938,BNB
binancecoin,2026-02-04,68144.26370274938,BNB
binancecoin,2026-02-04,68144.26370274938,BNB
binancecoin,2026-02-04,68144.26370274938,BNB
binancecoin,2026-02-04,68144.26370274938,BNB
binancecoin,2026-02-05,63239.89027535115,BNB
binancecoin,2026-02-05,63239.89027535115,BNB
binancecoin,2026-02-05,63239.89027535115,BNB
binancecoin,2026-02-05,63239.89027535115,BNB
binancecoin,2026-02-05,63239.89027535115,BNB
binancecoin,2026-02-06,54631.751111039484,BNB
binancecoin,2026-02-06,54631.751111039484,BNB
binancecoin,2026-02-06,54631.751111039484,BNB
binancecoin,2026-02-06,54631.751111039484,BNB
binancecoin,2026-02-06,54631.751111039484,BNB
binancecoin,2026-02-07,59549.679109614895,BNB
binancecoin,2026-02-07,59549.679109614895,BNB
binancecoin,2026-02-07,59549.679109614895,BNB
binancecoin,2026-02-07,59549.679109614895,BNB
binancecoin,2026-02-07,59549.679109614895,BNB
binancecoin,2026-02-08,58667.72779452532,BNB
binancecoin,2026-02-08,58667.72779452532,BNB
binancecoin,2026-02-08,58667.72779452532,BNB
binancecoin,2026-02-08,58667.72779452532,BNB
binancecoin,2026-02-08,58667.72779452532,BNB
binancecoin,2026-02-09,58082.76118028807,BNB
binancecoin,2026-02-09,58082.76118028807,BNB
binancecoin,2026-02-09,58082.76118028807,BNB
binancecoin,2026-02-09,58082.76118028807,BNB
binancecoin,2026-02-09,58082.76118028807,BNB
binancecoin,2026-02-10,57748.3984652717,BNB
binancecoin,2026-02-10,57748.3984652717,BNB
binancecoin,2026-02-10,57748.3984652717,BNB
binancecoin,2026-02-10,57748.3984652717,BNB
binancecoin,2026-02-10,57748.3984652717,BNB
binancecoin,2026-02-11,56119.566776429856,BNB
binancecoin,2026-02-11,56119.566776429856,BNB
binancecoin,2026-02-11,56119.566776429856,BNB
binancecoin,2026-02-11,56119.566776429856,BNB
binancecoin,2026-02-11,56119.566776429856,BNB
binancecoin,2026-02-12,55077.634912384645,BNB
binancecoin,2026-02-12,55077.634912384645,BNB
binancecoin,2026-02-12,55077.634912384645,BNB
binancecoin,2026-02-12,55077.634912384645,BNB
binancecoin,2026-02-12,55077.634912384645,BNB
binancecoin,2026-02-13,55569.2365948795,BNB
binancecoin,2026-02-13,55569.2365948795,BNB
binancecoin,2026-02-13,55569.2365948795,BNB
binancecoin,2026-02-13,55569.2365948795,BNB
binancecoin,2026-02-13,55569.2365948795,BNB
binancecoin,2026-02-14,56029.84566226986,BNB
binancecoin,2026-02-14,56029.84566226986,BNB
binancecoin,2026-02-14,56029.84566226986,BNB
binancecoin,2026-02-14,56029.84566226986,BNB
binancecoin,2026-02-14,56029.84566226986,BNB
binancecoin,2026-02-15,57350.11378239963,BNB
binancecoin,2026-02-15,57350.11378239963,BNB
binancecoin,2026-02-15,57350.11378239963,BNB
binancecoin,2026-02-15,57350.11378239963,BNB
binancecoin,2026-02-15,57350.11378239963,BNB
binancecoin,2026-02-16,55629.11753801015,BNB
binancecoin,2026-02-16,55629.11753801015,BNB
binancecoin,2026-02-16,55629.11753801015,BNB
binancecoin,2026-02-16,55629.11753801015,BNB
binancecoin,2026-02-16,55629.11753801015,BNB
binancecoin,2026-02-17,56916.85432319977,BNB
binancecoin,2026-02-17,56916.85432319977,BNB
binancecoin,2026-02-17,56916.85432319977,BNB
binancecoin,2026-02-17,56916.85432319977,BNB
binancecoin,2026-02-17,56916.85432319977,BNB
binancecoin,2026-02-18,55961.85291935253,BNB
binancecoin,2026-02-18,55961.85291935253,BNB
binancecoin,2026-02-18,55961.85291935253,BNB
binancecoin,2026-02-18,55961.85291935253,BNB
binancecoin,2026-02-18,55961.85291935253,BNB
binancecoin,2026-02-19,54909.8840633114,BNB
binancecoin,2026-02-19,54909.8840633114,BNB
binancecoin,2026-02-19,54909.8840633114,BNB
binancecoin,2026-02-19,54909.8840633114,BNB
binancecoin,2026-02-19,54909.8840633114,BNB
binancecoin,2026-02-20,55275.30762244427,BNB
binancecoin,2026-02-20,55275.30762244427,BNB
binancecoin,2026-02-20,55275.30762244427,BNB
binancecoin,2026-02-20,55275.30762244427,BNB
binancecoin,2026-02-20,55275.30762244427,BNB
binancecoin,2026-02-21,56719.324795108805,BNB
binancecoin,2026-02-21,56719.324795108805,BNB
binancecoin,2026-02-21,56719.324795108805,BNB
binancecoin,2026-02-21,56719.324795108805,BNB
binancecoin,2026-02-21,56719.324795108805,BNB
binancecoin,2026-02-22,56790.103049897065,BNB
binancecoin,2026-02-22,56790.103049897065,BNB
binancecoin,2026-02-22,56790.103049897065,BNB
binancecoin,2026-02-22,56790.103049897065,BNB
binancecoin,2026-02-22,56790.103049897065,BNB
binancecoin,2026-02-23,55717.20311646945,BNB
binancecoin,2026-02-23,55717.20311646945,BNB
binancecoin,2026-02-23,55717.20311646945,BNB
binancecoin,2026-02-23,55717.20311646945,BNB
binancecoin,2026-02-23,55717.20311646945,BNB
binancecoin,2026-02-24,54233.97995411458,BNB
binancecoin,2026-02-24,54233.97995411458,BNB
binancecoin,2026-02-24,54233.97995411458,BNB
binancecoin,2026-02-24,54233.97995411458,BNB
binancecoin,2026-02-24,54233.97995411458,BNB
binancecoin,2026-02-25,53088.968347883,BNB
binancecoin,2026-02-25,53088.968347883,BNB
binancecoin,2026-02-25,53088.968347883,BNB
binancecoin,2026-02-25,53088.968347883,BNB
binancecoin,2026-02-25,53088.968347883,BNB
binancecoin,2026-02-26,57137.711074144994,BNB
binancecoin,2026-02-26,57137.711074144994,BNB
binancecoin,2026-02-26,57137.711074144994,BNB
binancecoin,2026-02-26,57137.711074144994,BNB
binancecoin,2026-02-26,57137.711074144994,BNB
binancecoin,2026-02-27,56954.52664255257,BNB
binancecoin,2026-02-27,56954.52664255257,BNB
binancecoin,2026-02-27,56954.52664255257,BNB
binancecoin,2026-02-27,56954.52664255257,BNB
binancecoin,2026-02-27,56954.52664255257,BNB
binancecoin,2026-02-28,55920.787537223856,BNB
binancecoin,2026-02-28,55920.787537223856,BNB
binancecoin,2026-02-28,55920.787537223856,BNB
binancecoin,2026-02-28,55920.787537223856,BNB
binancecoin,2026-02-28,55920.787537223856,BNB
binancecoin,2026-03-01,56242.671868935235,BNB
binancecoin,2026-03-01,56242.671868935235,BNB
binancecoin,2026-03-01,56242.671868935235,BNB
binancecoin,2026-03-01,56242.671868935235,BNB
binancecoin,2026-03-01,56242.671868935235,BNB
binancecoin,2026-03-02,56172.05312534943,BNB
binancecoin,2026-03-02,56172.05312534943,BNB
binancecoin,2026-03-02,56172.05312534943,BNB
binancecoin,2026-03-02,56172.05312534943,BNB
binancecoin,2026-03-02,56172.05312534943,BNB
binancecoin,2026-03-03,58372.188679098836,BNB
binancecoin,2026-03-03,58372.188679098836,BNB
binancecoin,2026-03-03,58372.188679098836,BNB
binancecoin,2026-03-03,58372.188679098836,BNB
binancecoin,2026-03-03,58372.188679098836,BNB
binancecoin,2026-03-04,58325.81934163671,BNB
binancecoin,2026-03-04,58325.81934163671,BNB
binancecoin,2026-03-04,58325.81934163671,BNB
binancecoin,2026-03-04,58325.81934163671,BNB
binancecoin,2026-03-04,58325.81934163671,BNB
binancecoin,2026-03-05,60574.321103001115,BNB
binancecoin,2026-03-05,60574.321103001115,BNB
binancecoin,2026-03-05,60574.321103001115,BNB
binancecoin,2026-03-05,60574.321103001115,BNB
binancecoin,2026-03-05,60574.321103001115,BNB
binancecoin,2026-03-06,59464.72726550564,BNB
binancecoin,2026-03-06,59464.72726550564,BNB
binancecoin,2026-03-06,59464.72726550564,BNB
binancecoin,2026-03-06,59464.72726550564,BNB
binancecoin,2026-03-06,59464.72726550564,BNB
binancecoin,2026-03-07,57681.08210247284,BNB
binancecoin,2026-03-07,57681.08210247284,BNB
binancecoin,2026-03-07,57681.08210247284,BNB
binancecoin,2026-03-07,57681.08210247284,BNB
binancecoin,2026-03-07,57681.08210247284,BNB
binancecoin,2026-03-08,57015.35506209803,BNB
binancecoin,2026-03-08,57015.35506209803,BNB
binancecoin,2026-03-08,57015.35506209803,BNB
binancecoin,2026-03-08,57015.35506209803,BNB
binancecoin,2026-03-08,57015.35506209803,BNB
binancecoin,2026-03-09,56260.81764711399,BNB
binancecoin,2026-03-09,56260.81764711399,BNB
binancecoin,2026-03-09,56260.81764711399,BNB
binancecoin,2026-03-09,56260.81764711399,BNB
binancecoin,2026-03-09,56260.81764711399,BNB
binancecoin,2026-03-10,58557.25013967448,BNB
binancecoin,2026-03-10,58557.25013967448,BNB
binancecoin,2026-03-10,58557.25013967448,BNB
binancecoin,2026-03-10,58557.25013967448,BNB
binancecoin,2026-03-10,58557.25013967448,BNB
binancecoin,2026-03-11,59016.262152436175,BNB
binancecoin,2026-03-11,59016.262152436175,BNB
binancecoin,2026-03-11,59016.262152436175,BNB
binancecoin,2026-03-11,59016.262152436175,BNB
binancecoin,2026-03-11,59016.262152436175,BNB
binancecoin,2026-03-12,60081.55924743962,BNB
binancecoin,2026-03-12,60081.55924743962,BNB
binancecoin,2026-03-12,60081.55924743962,BNB
binancecoin,2026-03-12,60081.55924743962,BNB
binancecoin,2026-03-12,60081.55924743962,BNB
binancecoin,2026-03-13,60267.90666573721,BNB
binancecoin,2026-03-13,60267.90666573721,BNB
binancecoin,2026-03-13,60267.90666573721,BNB
binancecoin,2026-03-13,60267.90666573721,BNB
binancecoin,2026-03-13,60267.90666573721,BNB
binancecoin,2026-03-14,60749.550003089025,BNB
binancecoin,2026-03-14,60749.550003089025,BNB
binancecoin,2026-03-14,60749.550003089025,BNB
binancecoin,2026-03-14,60749.550003089025,BNB
binancecoin,2026-03-14,60749.550003089025,BNB
binancecoin,2026-03-15,60912.28679768089,BNB
binancecoin,2026-03-15,60912.28679768089,BNB
binancecoin,2026-03-15,60912.28679768089,BNB
binancecoin,2026-03-15,60912.28679768089,BNB
binancecoin,2026-03-15,60912.28679768089,BNB
binancecoin,2026-03-16,62366.014705733054,BNB
binancecoin,2026-03-16,62366.014705733054,BNB
binancecoin,2026-03-16,62366.014705733054,BNB
binancecoin,2026-03-16,62366.014705733054,BNB
binancecoin,2026-03-16,62366.014705733054,BNB
binancecoin,2026-03-17,62705.219749874836,BNB
binancecoin,2026-03-17,62705.219749874836,BNB
binancecoin,2026-03-17,62705.219749874836,BNB
binancecoin,2026-03-17,62705.219749874836,BNB
binancecoin,2026-03-17,62705.219749874836,BNB
binancecoin,2026-03-18,61757.14877459483,BNB
binancecoin,2026-03-18,61757.14877459483,BNB
binancecoin,2026-03-18,61757.14877459483,BNB
binancecoin,2026-03-18,61757.14877459483,BNB
binancecoin,2026-03-18,61757.14877459483,BNB
binancecoin,2026-03-19,60740.94625811466,BNB
binancecoin,2026-03-19,60740.94625811466,BNB
binancecoin,2026-03-19,60740.94625811466,BNB
binancecoin,2026-03-19,60740.94625811466,BNB
binancecoin,2026-03-19,60740.94625811466,BNB
binancecoin,2026-03-20,59476.933490668285,BNB
binancecoin,2026-03-20,59476.933490668285,BNB
binancecoin,2026-03-20,59476.933490668285,BNB
binancecoin,2026-03-20,59476.933490668285,BNB
binancecoin,2026-03-20,59476.933490668285,BNB
binancecoin,2026-03-21,60405.48715266831,BNB
binancecoin,2026-03-21,60405.48715266831,BNB
binancecoin,2026-03-21,60405.48715266831,BNB
binancecoin,2026-03-21,60405.48715266831,BNB
binancecoin,2026-03-21,60405.48715266831,BNB
binancecoin,2026-03-22,59187.96388529143,BNB
binancecoin,2026-03-22,59187.96388529143,BNB
binancecoin,2026-03-22,59187.96388529143,BNB
binancecoin,2026-03-22,59187.96388529143,BNB
binancecoin,2026-03-22,59187.96388529143,BNB
binancecoin,2026-03-23,58745.85892812988,BNB
binancecoin,2026-03-23,58745.85892812988,BNB
binancecoin,2026-03-23,58745.85892812988,BNB
binancecoin,2026-03-23,58745.85892812988,BNB
binancecoin,2026-03-23,58745.85892812988,BNB
binancecoin,2026-03-24,59590.70354576432,BNB
binancecoin,2026-03-24,59590.70354576432,BNB
binancecoin,2026-03-24,59590.70354576432,BNB
binancecoin,2026-03-24,59590.70354576432,BNB
binancecoin,2026-03-24,59590.70354576432,BNB
binancecoin,2026-03-25,60179.39796448556,BNB
binancecoin,2026-03-25,60179.39796448556,BNB
binancecoin,2026-03-25,60179.39796448556,BNB
binancecoin,2026-03-25,60179.39796448556,BNB
binancecoin,2026-03-25,60179.39796448556,BNB
binancecoin,2026-03-26,60930.52683463679,BNB
binancecoin,2026-03-26,60930.52683463679,BNB
binancecoin,2026-03-26,60930.52683463679,BNB
binancecoin,2026-03-26,60930.52683463679,BNB
binancecoin,2026-03-26,60930.52683463679,BNB
binancecoin,2026-03-27,59313.19576938226,BNB
binancecoin,2026-03-27,59313.19576938226,BNB
binancecoin,2026-03-27,59313.19576938226,BNB
binancecoin,2026-03-27,59313.19576938226,BNB
binancecoin,2026-03-27,59313.19576938226,BNB
binancecoin,2026-03-28,58168.01072677763,BNB
binancecoin,2026-03-28,58168.01072677763,BNB
binancecoin,2026-03-28,58168.01072677763,BNB
binancecoin,2026-03-28,58168.01072677763,BNB
binancecoin,2026-03-28,58168.01072677763,BNB
binancecoin,2026-03-29,57861.3384614422,BNB
binancecoin,2026-03-29,57861.3384614422,BNB
binancecoin,2026-03-29,57861.3384614422,BNB
binancecoin,2026-03-29,57861.3384614422,BNB
binancecoin,2026-03-29,57861.3384614422,BNB
binancecoin,2026-03-30,57408.25102388959,BNB
binancecoin,2026-03-30,57408.25102388959,BNB
binancecoin,2026-03-30,57408.25102388959,BNB
binancecoin,2026-03-30,57408.25102388959,BNB
binancecoin,2026-03-30,57408.25102388959,BNB
binancecoin,2026-03-31,57422.96656513179,BNB
binancecoin,2026-03-31,57422.96656513179,BNB
binancecoin,2026-03-31,57422.96656513179,BNB
binancecoin,2026-03-31,57422.96656513179,BNB
binancecoin,2026-03-31,57422.96656513179,BNB
binancecoin,2026-04-01,57658.89791262097,BNB
binancecoin,2026-04-01,57658.89791262097,BNB
binancecoin,2026-04-01,57658.89791262097,BNB
binancecoin,2026-04-01,57658.89791262097,BNB
binancecoin,2026-04-01,57658.89791262097,BNB
binancecoin,2026-04-02,56579.373002256914,BNB
binancecoin,2026-04-02,56579.373002256914,BNB
binancecoin,2026-04-02,56579.373002256914,BNB
binancecoin,2026-04-02,56579.373002256914,BNB
binancecoin,2026-04-02,56579.373002256914,BNB
binancecoin,2026-04-03,54225.54262016227,BNB
binancecoin,2026-04-03,54225.54262016227,BNB
binancecoin,2026-04-03,54225.54262016227,BNB
binancecoin,2026-04-03,54225.54262016227,BNB
binancecoin,2026-04-03,54225.54262016227,BNB
binancecoin,2026-04-04,54554.51590339548,BNB
binancecoin,2026-04-04,54554.51590339548,BNB
binancecoin,2026-04-04,54554.51590339548,BNB
binancecoin,2026-04-04,54554.51590339548,BNB
binancecoin,2026-04-04,54554.51590339548,BNB
binancecoin,2026-04-05,55171.00023281655,BNB
binancecoin,2026-04-05,55171.00023281655,BNB
binancecoin,2026-04-05,55171.00023281655,BNB
binancecoin,2026-04-05,55171.00023281655,BNB
binancecoin,2026-04-05,55171.00023281655,BNB
binancecoin,2026-04-06,55929.53514045666,BNB
binancecoin,2026-04-06,55929.53514045666,BNB
binancecoin,2026-04-06,55929.53514045666,BNB
binancecoin,2026-04-06,55929.53514045666,BNB
binancecoin,2026-04-06,55929.53514045666,BNB
binancecoin,2026-04-07,55797.85364759979,BNB
binancecoin,2026-04-07,55797.85364759979,BNB
binancecoin,2026-04-07,55797.85364759979,BNB
binancecoin,2026-04-07,55797.85364759979,BNB
binancecoin,2026-04-07,55797.85364759979,BNB
binancecoin,2026-04-08,57617.66964624042,BNB
binancecoin,2026-04-08,57617.66964624042,BNB
binancecoin,2026-04-08,57617.66964624042,BNB
binancecoin,2026-04-08,57617.66964624042,BNB
binancecoin,2026-04-08,57617.66964624042,BNB
binancecoin,2026-04-09,55479.145520507846,BNB
binancecoin,2026-04-09,55479.145520507846,BNB
binancecoin,2026-04-09,55479.145520507846,BNB
binancecoin,2026-04-09,55479.145520507846,BNB
binancecoin,2026-04-09,55479.145520507846,BNB
binancecoin,2026-04-10,55739.257897579206,BNB
binancecoin,2026-04-10,55739.257897579206,BNB
binancecoin,2026-04-10,55739.257897579206,BNB
binancecoin,2026-04-10,55739.257897579206,BNB
binancecoin,2026-04-10,55739.257897579206,BNB
binancecoin,2026-04-11,56412.57902454553,BNB
binancecoin,2026-04-11,56412.57902454553,BNB
binancecoin,2026-04-11,56412.57902454553,BNB
binancecoin,2026-04-11,56412.57902454553,BNB
binancecoin,2026-04-11,56412.57902454553,BNB
binancecoin,2026-04-12,56554.04304034266,BNB
binancecoin,2026-04-12,56554.04304034266,BNB
binancecoin,2026-04-12,56554.04304034266,BNB
binancecoin,2026-04-12,56554.04304034266,BNB
binancecoin,2026-04-12,56554.04304034266,BNB
binancecoin,2026-04-13,55977.4865637219,BNB
binancecoin,2026-04-13,55977.4865637219,BNB
binancecoin,2026-04-13,55977.4865637219,BNB
binancecoin,2026-04-13,55977.4865637219,BNB
binancecoin,2026-04-13,55977.4865637219,BNB
binancecoin,2026-04-14,58376.931986271535,BNB
binancecoin,2026-04-14,58376.931986271535,BNB
binancecoin,2026-04-14,58376.931986271535,BNB
binancecoin,2026-04-14,58376.931986271535,BNB
binancecoin,2026-04-14,58376.931986271535,BNB
binancecoin,2026-04-15,57231.830139160724,BNB
binancecoin,2026-04-15,57231.830139160724,BNB
binancecoin,2026-04-15,57231.830139160724,BNB
binancecoin,2026-04-15,57231.830139160724,BNB
binancecoin,2026-04-15,57231.830139160724,BNB
binancecoin,2026-04-16,58162.17095272241,BNB
binancecoin,2026-04-16,58162.17095272241,BNB
binancecoin,2026-04-16,58162.17095272241,BNB
binancecoin,2026-04-16,58162.17095272241,BNB
binancecoin,2026-04-16,58162.17095272241,BNB
binancecoin,2026-04-17,59164.391120596716,BNB
binancecoin,2026-04-17,59164.391120596716,BNB
binancecoin,2026-04-17,59164.391120596716,BNB
binancecoin,2026-04-17,59164.391120596716,BNB
binancecoin,2026-04-17,59164.391120596716,BNB
binancecoin,2026-04-18,59591.711592507556,BNB
binancecoin,2026-04-18,59591.711592507556,BNB
binancecoin,2026-04-18,59591.711592507556,BNB
binancecoin,2026-04-18,59591.711592507556,BNB
binancecoin,2026-04-18,59591.711592507556,BNB
binancecoin,2026-04-19,58368.43986426206,BNB
binancecoin,2026-04-19,58368.43986426206,BNB
binancecoin,2026-04-19,58368.43986426206,BNB
binancecoin,2026-04-19,58368.43986426206,BNB
binancecoin,2026-04-19,58368.43986426206,BNB
binancecoin,2026-04-20,57078.25900925101,BNB
binancecoin,2026-04-20,57078.25900925101,BNB
binancecoin,2026-04-20,57078.25900925101,BNB
binancecoin,2026-04-20,57078.25900925101,BNB
binancecoin,2026-04-20,57078.25900925101,BNB
binancecoin,2026-04-21,58618.688840212206,BNB
binancecoin,2026-04-21,58618.688840212206,BNB
binancecoin,2026-04-21,58618.688840212206,BNB
binancecoin,2026-04-21,58618.688840212206,BNB
binancecoin,2026-04-21,58618.688840212206,BNB
binancecoin,2026-04-22,59161.158015599125,BNB
binancecoin,2026-04-22,59161.158015599125,BNB
binancecoin,2026-04-22,59161.158015599125,BNB
binancecoin,2026-04-22,59161.158015599125,BNB
binancecoin,2026-04-22,59161.158015599125,BNB
binancecoin,2026-04-23,59819.40888394531,BNB
binancecoin,2026-04-23,59819.40888394531,BNB
binancecoin,2026-04-23,59819.40888394531,BNB
binancecoin,2026-04-23,59819.40888394531,BNB
binancecoin,2026-04-23,59819.40888394531,BNB
binancecoin,2026-04-24,60117.58432154804,BNB
binancecoin,2026-04-24,60117.58432154804,BNB
binancecoin,2026-04-24,60117.58432154804,BNB
binancecoin,2026-04-24,60117.58432154804,BNB
binancecoin,2026-04-24,60117.58432154804,BNB
binancecoin,2026-04-25,59870.857615530775,BNB
binancecoin,2026-04-25,59870.857615530775,BNB
binancecoin,2026-04-25,59870.857615530775,BNB
binancecoin,2026-04-25,59870.857615530775,BNB
binancecoin,2026-04-25,59870.857615530775,BNB
binancecoin,2026-04-26,59140.05959926213,BNB
binancecoin,2026-04-26,59140.05959926213,BNB
binancecoin,2026-04-26,59140.05959926213,BNB
binancecoin,2026-04-26,59140.05959926213,BNB
binancecoin,2026-04-26,59140.05959926213,BNB
binancecoin,2026-04-27,59954.54591087516,BNB
binancecoin,2026-04-27,59954.54591087516,BNB
binancecoin,2026-04-27,59954.54591087516,BNB
binancecoin,2026-04-27,59954.54591087516,BNB
binancecoin,2026-04-27,59954.54591087516,BNB
binancecoin,2026-04-28,59066.068514351435,BNB
binancecoin,2026-04-28,59066.068514351435,BNB
binancecoin,2026-04-28,59066.068514351435,BNB
binancecoin,2026-04-28,59066.068514351435,BNB
binancecoin,2026-04-28,59066.068514351435,BNB
binancecoin,2026-04-29,59101.10976499592,BNB
binancecoin,2026-04-29,59101.10976499592,BNB
binancecoin,2026-04-29,59101.10976499592,BNB
binancecoin,2026-04-29,59101.10976499592,BNB
binancecoin,2026-04-29,59101.10976499592,BNB
binancecoin,2026-04-30,58582.15990880695,BNB
binancecoin,2026-04-30,58582.15990880695,BNB
binancecoin,2026-04-30,58582.15990880695,BNB
binancecoin,2026-04-30,58582.15990880695,BNB
binancecoin,2026-04-30,58582.15990880695,BNB
binancecoin,2026-05-01,58292.949396678654,BNB
binancecoin,2026-05-01,58292.949396678654,BNB
binancecoin,2026-05-01,58292.949396678654,BNB
binancecoin,2026-05-01,58292.949396678654,BNB
binancecoin,2026-05-01,58292.949396678654,BNB
binancecoin,2026-05-02,58391.83507383058,BNB
binancecoin,2026-05-02,58391.83507383058,BNB
binancecoin,2026-05-02,58391.83507383058,BNB
binancecoin,2026-05-02,58391.83507383058,BNB
binancecoin,2026-05-02,58391.83507383058,BNB
binancecoin,2026-05-03,58642.23688299831,BNB
binancecoin,2026-05-03,58642.23688299831,BNB
binancecoin,2026-05-03,58642.23688299831,BNB
binancecoin,2026-05-03,58642.23688299831,BNB
binancecoin,2026-05-03,58642.23688299831,BNB
binancecoin,2026-05-04,58624.82346025692,BNB
binancecoin,2026-05-04,58624.82346025692,BNB
binancecoin,2026-05-04,58624.82346025692,BNB
binancecoin,2026-05-04,58624.82346025692,BNB
binancecoin,2026-05-04,58624.82346025692,BNB
binancecoin,2026-05-05,59321.34371571903,BNB
binancecoin,2026-05-05,59321.34371571903,BNB
binancecoin,2026-05-05,59321.34371571903,BNB
binancecoin,2026-05-05,59321.34371571903,BNB
binancecoin,2026-05-05,59321.34371571903,BNB
binancecoin,2026-05-06,59989.44529368993,BNB
binancecoin,2026-05-06,59989.44529368993,BNB
binancecoin,2026-05-06,59989.44529368993,BNB
binancecoin,2026-05-06,59989.44529368993,BNB
binancecoin,2026-05-06,59989.44529368993,BNB
binancecoin,2026-05-07,61238.25911250558,BNB
binancecoin,2026-05-07,61238.25911250558,BNB
binancecoin,2026-05-07,61238.25911250558,BNB
binancecoin,2026-05-07,61238.25911250558,BNB
binancecoin,2026-05-07,61238.25911250558,BNB
binancecoin,2026-05-08,60057.77306512966,BNB
binancecoin,2026-05-08,60057.77306512966,BNB
binancecoin,2026-05-08,60057.77306512966,BNB
binancecoin,2026-05-08,60057.77306512966,BNB
binancecoin,2026-05-08,60057.77306512966,BNB
binancecoin,2026-05-09,61281.26197046963,BNB
binancecoin,2026-05-09,61281.26197046963,BNB
binancecoin,2026-05-09,61281.26197046963,BNB
binancecoin,2026-05-09,61281.26197046963,BNB
binancecoin,2026-05-09,61281.26197046963,BNB
binancecoin,2026-05-10,61356.78854195036,BNB
binancecoin,2026-05-10,61356.78854195036,BNB
binancecoin,2026-05-10,61356.78854195036,BNB
binancecoin,2026-05-10,61356.78854195036,BNB
binancecoin,2026-05-10,61356.78854195036,BNB
binancecoin,2026-05-11,62716.76412856488,BNB
binancecoin,2026-05-11,62716.76412856488,BNB
binancecoin,2026-05-11,62716.76412856488,BNB
binancecoin,2026-05-11,62716.76412856488,BNB
binancecoin,2026-05-11,62716.76412856488,BNB
binancecoin,2026-05-12,63915.94312732649,BNB
binancecoin,2026-05-12,63915.94312732649,BNB
binancecoin,2026-05-12,63915.94312732649,BNB
binancecoin,2026-05-12,63915.94312732649,BNB
binancecoin,2026-05-12,63915.94312732649,BNB
binancecoin,2026-05-13,63579.787397743385,BNB
binancecoin,2026-05-13,63579.787397743385,BNB
binancecoin,2026-05-13,63579.787397743385,BNB
binancecoin,2026-05-13,63579.787397743385,BNB
binancecoin,2026-05-13,63579.787397743385,BNB
binancecoin,2026-05-14,64242.58725708696,BNB
binancecoin,2026-05-14,64242.58725708696,BNB
binancecoin,2026-05-14,64242.58725708696,BNB
binancecoin,2026-05-14,64242.58725708696,BNB
binancecoin,2026-05-14,64242.58725708696,BNB
binancecoin,2026-05-15,64888.68189720027,BNB
binancecoin,2026-05-15,64888.68189720027,BNB
binancecoin,2026-05-15,64888.68189720027,BNB
binancecoin,2026-05-15,64888.68189720027,BNB
binancecoin,2026-05-15,64888.68189720027,BNB
binancecoin,2026-05-16,64527.94588126339,BNB
binancecoin,2026-05-16,64527.94588126339,BNB
binancecoin,2026-05-16,64527.94588126339,BNB
binancecoin,2026-05-16,64527.94588126339,BNB
binancecoin,2026-05-16,64527.94588126339,BNB
binancecoin,2026-05-17,62991.93935693892,BNB
binancecoin,2026-05-17,62991.93935693892,BNB
binancecoin,2026-05-17,62991.93935693892,BNB
binancecoin,2026-05-17,62991.93935693892,BNB
binancecoin,2026-05-17,62991.93935693892,BNB
binancecoin,2026-05-18,62152.964495151435,BNB
binancecoin,2026-05-18,62152.964495151435,BNB
binancecoin,2026-05-18,62152.964495151435,BNB
binancecoin,2026-05-18,62152.964495151435,BNB
binancecoin,2026-05-18,62152.964495151435,BNB
binancecoin,2026-05-19,61895.485777790345,BNB
binancecoin,2026-05-19,61895.485777790345,BNB
binancecoin,2026-05-19,61895.485777790345,BNB
binancecoin,2026-05-19,61895.485777790345,BNB
binancecoin,2026-05-19,61895.485777790345,BNB
binancecoin,2026-05-20,61746.629593410216,BNB
binancecoin,2026-05-20,61746.629593410216,BNB
binancecoin,2026-05-20,61746.629593410216,BNB
binancecoin,2026-05-20,61746.629593410216,BNB
binancecoin,2026-05-20,61746.629593410216,BNB
binancecoin,2026-05-21,62630.29835370936,BNB
binancecoin,2026-05-21,62630.29835370936,BNB
binancecoin,2026-05-21,62630.29835370936,BNB
binancecoin,2026-05-21,62630.29835370936,BNB
binancecoin,2026-05-21,62630.29835370936,BNB
binancecoin,2026-05-22,63219.52370283047,BNB
binancecoin,2026-05-22,63219.52370283047,BNB
binancecoin,2026-05-22,63219.52370283047,BNB
binancecoin,2026-05-22,63219.52370283047,BNB
binancecoin,2026-05-22,63219.52370283047,BNB
binancecoin,2026-05-23,62205.74483212369,BNB
binancecoin,2026-05-23,62205.74483212369,BNB
binancecoin,2026-05-23,62205.74483212369,BNB
binancecoin,2026-05-23,62205.74483212369,BNB
binancecoin,2026-05-23,62205.74483212369,BNB
binancecoin,2026-05-24,62747.80114819337,BNB
binancecoin,2026-05-24,62747.80114819337,BNB
binancecoin,2026-05-24,62747.80114819337,BNB
binancecoin,2026-05-24,62747.80114819337,BNB
binancecoin,2026-05-24,62747.80114819337,BNB
binancecoin,2026-05-25,62799.75914278892,BNB
binancecoin,2026-05-25,62799.75914278892,BNB
binancecoin,2026-05-25,62799.75914278892,BNB
binancecoin,2026-05-25,62799.75914278892,BNB
binancecoin,2026-05-25,62799.75914278892,BNB
binancecoin,2026-05-26,63102.72507740382,BNB
binancecoin,2026-05-26,63102.72507740382,BNB
binancecoin,2026-05-26,63102.72507740382,BNB
binancecoin,2026-05-26,63102.72507740382,BNB
binancecoin,2026-05-26,63102.72507740382,BNB
binancecoin,2026-05-27,62994.65304251887,BNB
binancecoin,2026-05-27,62994.65304251887,BNB
binancecoin,2026-05-27,62994.65304251887,BNB
binancecoin,2026-05-27,62994.65304251887,BNB
binancecoin,2026-05-27,62994.65304251887,BNB
binancecoin,2026-05-28,62317.67034545213,BNB
binancecoin,2026-05-28,62317.67034545213,BNB
binancecoin,2026-05-28,62317.67034545213,BNB
binancecoin,2026-05-28,62317.67034545213,BNB
binancecoin,2026-05-28,62317.67034545213,BNB
binancecoin,2026-05-29,61112.42413109624,BNB
binancecoin,2026-05-29,61112.42413109624,BNB
binancecoin,2026-05-29,61112.42413109624,BNB
binancecoin,2026-05-29,61112.42413109624,BNB
binancecoin,2026-05-29,61112.42413109624,BNB
binancecoin,2026-05-30,61045.36024385572,BNB
binancecoin,2026-05-30,61045.36024385572,BNB
binancecoin,2026-05-30,61045.36024385572,BNB
binancecoin,2026-05-30,61045.36024385572,BNB
binancecoin,2026-05-30,61045.36024385572,BNB
binancecoin,2026-05-31,68274.91312082899,BNB
binancecoin,2026-05-31,68274.91312082899,BNB
binancecoin,2026-05-31,68274.91312082899,BNB
binancecoin,2026-05-31,68274.91312082899,BNB
binancecoin,2026-05-31,68274.91312082899,BNB
binancecoin,2026-06-01,67316.86525873041,BNB
binancecoin,2026-06-01,67316.86525873041,BNB
binancecoin,2026-06-01,67316.86525873041,BNB
binancecoin,2026-06-01,67316.86525873041,BNB
binancecoin,2026-06-01,67316.86525873041,BNB
binancecoin,2026-06-01,65323.31058841556,BNB
binancecoin,2026-06-01,65323.31058841556,BNB
binancecoin,2026-06-01,65323.31058841556,BNB
binancecoin,2026-06-01,65323.31058841556,BNB
binancecoin,2026-06-01,65323.31058841556,BNB
ripple,2025-06-02,186.4677613325435,XRP
ripple,2025-06-02,186.4677613325435,XRP
ripple,2025-06-02,186.4677613325435,XRP
ripple,2025-06-02,186.4677613325435,XRP
ripple,2025-06-02,186.4677613325435,XRP
ripple,2025-06-03,187.83712051102435,XRP
ripple,2025-06-03,187.83712051102435,XRP
ripple,2025-06-03,187.83712051102435,XRP
ripple,2025-06-03,187.83712051102435,XRP
ripple,2025-06-03,187.83712051102435,XRP
ripple,2025-06-04,192.72777178388867,XRP
ripple,2025-06-04,192.72777178388867,XRP
ripple,2025-06-04,192.72777178388867,XRP
ripple,2025-06-04,192.72777178388867,XRP
ripple,2025-06-04,192.72777178388867,XRP
ripple,2025-06-05,189.18619609902285,XRP
ripple,2025-06-05,189.18619609902285,XRP
ripple,2025-06-05,189.18619609902285,XRP
ripple,2025-06-05,189.18619609902285,XRP
ripple,2025-06-05,189.18619609902285,XRP
ripple,2025-06-06,180.08705271476381,XRP
ripple,2025-06-06,180.08705271476381,XRP
ripple,2025-06-06,180.08705271476381,XRP
ripple,2025-06-06,180.08705271476381,XRP
ripple,2025-06-06,180.08705271476381,XRP
ripple,2025-06-07,185.63451253557395,XRP
ripple,2025-06-07,185.63451253557395,XRP
ripple,2025-06-07,185.63451253557395,XRP
ripple,2025-06-07,185.63451253557395,XRP
ripple,2025-06-07,185.63451253557395,XRP
ripple,2025-06-08,186.8402071637892,XRP
ripple,2025-06-08,186.8402071637892,XRP
ripple,2025-06-08,186.8402071637892,XRP
ripple,2025-06-08,186.8402071637892,XRP
ripple,2025-06-08,186.8402071637892,XRP
ripple,2025-06-09,194.12954889999307,XRP
ripple,2025-06-09,194.12954889999307,XRP
ripple,2025-06-09,194.12954889999307,XRP
ripple,2025-06-09,194.12954889999307,XRP
ripple,2025-06-09,194.12954889999307,XRP
ripple,2025-06-10,199.04675359152301,XRP
ripple,2025-06-10,199.04675359152301,XRP
ripple,2025-06-10,199.04675359152301,XRP
ripple,2025-06-10,199.04675359152301,XRP
ripple,2025-06-10,199.04675359152301,XRP
ripple,2025-06-11,197.4316837625394,XRP
ripple,2025-06-11,197.4316837625394,XRP
ripple,2025-06-11,197.4316837625394,XRP
ripple,2025-06-11,197.4316837625394,XRP
ripple,2025-06-11,197.4316837625394,XRP
ripple,2025-06-12,194.029223831107,XRP
ripple,2025-06-12,194.029223831107,XRP
ripple,2025-06-12,194.029223831107,XRP
ripple,2025-06-12,194.029223831107,XRP
ripple,2025-06-12,194.029223831107,XRP
ripple,2025-06-13,188.12341908909428,XRP
ripple,2025-06-13,188.12341908909428,XRP
ripple,2025-06-13,188.12341908909428,XRP
ripple,2025-06-13,188.12341908909428,XRP
ripple,2025-06-13,188.12341908909428,XRP
ripple,2025-06-14,185.06154939770207,XRP
ripple,2025-06-14,185.06154939770207,XRP
ripple,2025-06-14,185.06154939770207,XRP
ripple,2025-06-14,185.06154939770207,XRP
ripple,2025-06-14,185.06154939770207,XRP
ripple,2025-06-15,184.46090418163683,XRP
ripple,2025-06-15,184.46090418163683,XRP
ripple,2025-06-15,184.46090418163683,XRP
ripple,2025-06-15,184.46090418163683,XRP
ripple,2025-06-15,184.46090418163683,XRP
ripple,2025-06-16,186.56454419362973,XRP
ripple,2025-06-16,186.56454419362973,XRP
ripple,2025-06-16,186.56454419362973,XRP
ripple,2025-06-16,186.56454419362973,XRP
ripple,2025-06-16,186.56454419362973,XRP
ripple,2025-06-17,194.21180870843463,XRP
ripple,2025-06-17,194.21180870843463,XRP
ripple,2025-06-17,194.21180870843463,XRP
ripple,2025-06-17,194.21180870843463,XRP
ripple,2025-06-17,194.21180870843463,XRP
ripple,2025-06-18,186.80620665927097,XRP
ripple,2025-06-18,186.80620665927097,XRP
ripple,2025-06-18,186.80620665927097,XRP
ripple,2025-06-18,186.80620665927097,XRP
ripple,2025-06-18,186.80620665927097,XRP
ripple,2025-06-19,187.83801156119813,XRP
ripple,2025-06-19,187.83801156119813,XRP
ripple,2025-06-19,187.83801156119813,XRP
ripple,2025-06-19,187.83801156119813,XRP
ripple,2025-06-19,187.83801156119813,XRP
ripple,2025-06-20,187.89376017187843,XRP
ripple,2025-06-20,187.89376017187843,XRP
ripple,2025-06-20,187.89376017187843,XRP
ripple,2025-06-20,187.89376017187843,XRP
ripple,2025-06-20,187.89376017187843,XRP
ripple,2025-06-21,183.60516616887188,XRP
ripple,2025-06-21,183.60516616887188,XRP
ripple,2025-06-21,183.60516616887188,XRP
ripple,2025-06-21,183.60516616887188,XRP
ripple,2025-06-21,183.60516616887188,XRP
ripple,2025-06-22,177.04657635874102,XRP
ripple,2025-06-22,177.04657635874102,XRP
ripple,2025-06-22,177.04657635874102,XRP
ripple,2025-06-22,177.04657635874102,XRP
ripple,2025-06-22,177.04657635874102,XRP
ripple,2025-06-23,174.33106674923295,XRP
ripple,2025-06-23,174.33106674923295,XRP
ripple,2025-06-23,174.33106674923295,XRP
ripple,2025-06-23,174.33106674923295,XRP
ripple,2025-06-23,174.33106674923295,XRP
ripple,2025-06-24,186.8723275416393,XRP
ripple,2025-06-24,186.8723275416393,XRP
ripple,2025-06-24,186.8723275416393,XRP
ripple,2025-06-24,186.8723275416393,XRP
ripple,2025-06-24,186.8723275416393,XRP
ripple,2025-06-25,188.19981734256055,XRP
ripple,2025-06-25,188.19981734256055,XRP
ripple,2025-06-25,188.19981734256055,XRP
ripple,2025-06-25,188.19981734256055,XRP
ripple,2025-06-25,188.19981734256055,XRP
ripple,2025-06-26,187.82852978017547,XRP
ripple,2025-06-26,187.82852978017547,XRP
ripple,2025-06-26,187.82852978017547,XRP
ripple,2025-06-26,187.82852978017547,XRP
ripple,2025-06-26,187.82852978017547,XRP
ripple,2025-06-27,180.3936600054054,XRP
ripple,2025-06-27,180.3936600054054,XRP
ripple,2025-06-27,180.3936600054054,XRP
ripple,2025-06-27,180.3936600054054,XRP
ripple,2025-06-27,180.3936600054054,XRP
ripple,2025-06-28,183.07024891061982,XRP
ripple,2025-06-28,183.07024891061982,XRP
ripple,2025-06-28,183.07024891061982,XRP
ripple,2025-06-28,183.07024891061982,XRP
ripple,2025-06-28,183.07024891061982,XRP
ripple,2025-06-29,186.90086202355062,XRP
ripple,2025-06-29,186.90086202355062,XRP
ripple,2025-06-29,186.90086202355062,XRP
ripple,2025-06-29,186.90086202355062,XRP
ripple,2025-06-29,186.90086202355062,XRP
ripple,2025-06-30,188.69251514431483,XRP
ripple,2025-06-30,188.69251514431483,XRP
ripple,2025-06-30,188.69251514431483,XRP
ripple,2025-06-30,188.69251514431483,XRP
ripple,2025-06-30,188.69251514431483,XRP
ripple,2025-07-01,191.9586959895618,XRP
ripple,2025-07-01,191.9586959895618,XRP
ripple,2025-07-01,191.9586959895618,XRP
ripple,2025-07-01,191.9586959895618,XRP
ripple,2025-07-01,191.9586959895618,XRP
ripple,2025-07-02,186.16045476688532,XRP
ripple,2025-07-02,186.16045476688532,XRP
ripple,2025-07-02,186.16045476688532,XRP
ripple,2025-07-02,186.16045476688532,XRP
ripple,2025-07-02,186.16045476688532,XRP
ripple,2025-07-03,191.47027820688405,XRP
ripple,2025-07-03,191.47027820688405,XRP
ripple,2025-07-03,191.47027820688405,XRP
ripple,2025-07-03,191.47027820688405,XRP
ripple,2025-07-03,191.47027820688405,XRP
ripple,2025-07-04,192.7238955089408,XRP
ripple,2025-07-04,192.7238955089408,XRP
ripple,2025-07-04,192.7238955089408,XRP
ripple,2025-07-04,192.7238955089408,XRP
ripple,2025-07-04,192.7238955089408,XRP
ripple,2025-07-05,190.13375298334998,XRP
ripple,2025-07-05,190.13375298334998,XRP
ripple,2025-07-05,190.13375298334998,XRP
ripple,2025-07-05,190.13375298334998,XRP
ripple,2025-07-05,190.13375298334998,XRP
ripple,2025-07-06,190.28353310156604,XRP
ripple,2025-07-06,190.28353310156604,XRP
ripple,2025-07-06,190.28353310156604,XRP
ripple,2025-07-06,190.28353310156604,XRP
ripple,2025-07-06,190.28353310156604,XRP
ripple,2025-07-07,194.17324729397026,XRP
ripple,2025-07-07,194.17324729397026,XRP
ripple,2025-07-07,194.17324729397026,XRP
ripple,2025-07-07,194.17324729397026,XRP
ripple,2025-07-07,194.17324729397026,XRP
ripple,2025-07-08,195.41232080927784,XRP
ripple,2025-07-08,195.41232080927784,XRP
ripple,2025-07-08,195.41232080927784,XRP
ripple,2025-07-08,195.41232080927784,XRP
ripple,2025-07-08,195.41232080927784,XRP
ripple,2025-07-09,198.0374186337094,XRP
ripple,2025-07-09,198.0374186337094,XRP
ripple,2025-07-09,198.0374186337094,XRP
ripple,2025-07-09,198.0374186337094,XRP
ripple,2025-07-09,198.0374186337094,XRP
ripple,2025-07-10,206.15246186455394,XRP
ripple,2025-07-10,206.15246186455394,XRP
ripple,2025-07-10,206.15246186455394,XRP
ripple,2025-07-10,206.15246186455394,XRP
ripple,2025-07-10,206.15246186455394,XRP
ripple,2025-07-11,218.25383473836322,XRP
ripple,2025-07-11,218.25383473836322,XRP
ripple,2025-07-11,218.25383473836322,XRP
ripple,2025-07-11,218.25383473836322,XRP
ripple,2025-07-11,218.25383473836322,XRP
ripple,2025-07-12,234.81688838542524,XRP
ripple,2025-07-12,234.81688838542524,XRP
ripple,2025-07-12,234.81688838542524,XRP
ripple,2025-07-12,234.81688838542524,XRP
ripple,2025-07-12,234.81688838542524,XRP
ripple,2025-07-13,235.20577300159354,XRP
ripple,2025-07-13,235.20577300159354,XRP
ripple,2025-07-13,235.20577300159354,XRP
ripple,2025-07-13,235.20577300159354,XRP
ripple,2025-07-13,235.20577300159354,XRP
ripple,2025-07-14,243.47088412635154,XRP
ripple,2025-07-14,243.47088412635154,XRP
ripple,2025-07-14,243.47088412635154,XRP
ripple,2025-07-14,243.47088412635154,XRP
ripple,2025-07-14,243.47088412635154,XRP
ripple,2025-07-15,253.9759419303424,XRP
ripple,2025-07-15,253.9759419303424,XRP
ripple,2025-07-15,253.9759419303424,XRP
ripple,2025-07-15,253.9759419303424,XRP
ripple,2025-07-15,253.9759419303424,XRP
ripple,2025-07-16,250.9048345045611,XRP
ripple,2025-07-16,250.9048345045611,XRP
ripple,2025-07-16,250.9048345045611,XRP
ripple,2025-07-16,250.9048345045611,XRP
ripple,2025-07-16,250.9048345045611,XRP
ripple,2025-07-17,261.16180139831044,XRP
ripple,2025-07-17,261.16180139831044,XRP
ripple,2025-07-17,261.16180139831044,XRP
ripple,2025-07-17,261.16180139831044,XRP
ripple,2025-07-17,261.16180139831044,XRP
ripple,2025-07-18,300.69340625781376,XRP
ripple,2025-07-18,300.69340625781376,XRP
ripple,2025-07-18,300.69340625781376,XRP
ripple,2025-07-18,300.69340625781376,XRP
ripple,2025-07-18,300.69340625781376,XRP
ripple,2025-07-19,294.3587640467522,XRP
ripple,2025-07-19,294.3587640467522,XRP
ripple,2025-07-19,294.3587640467522,XRP
ripple,2025-07-19,294.3587640467522,XRP
ripple,2025-07-19,294.3587640467522,XRP
ripple,2025-07-20,295.5533150036047,XRP
ripple,2025-07-20,295.5533150036047,XRP
ripple,2025-07-20,295.5533150036047,XRP
ripple,2025-07-20,295.5533150036047,XRP
ripple,2025-07-20,295.5533150036047,XRP
ripple,2025-07-21,297.7004097571379,XRP
ripple,2025-07-21,297.7004097571379,XRP
ripple,2025-07-21,297.7004097571379,XRP
ripple,2025-07-21,297.7004097571379,XRP
ripple,2025-07-21,297.7004097571379,XRP
ripple,2025-07-22,306.84136261343787,XRP
ripple,2025-07-22,306.84136261343787,XRP
ripple,2025-07-22,306.84136261343787,XRP
ripple,2025-07-22,306.84136261343787,XRP
ripple,2025-07-22,306.84136261343787,XRP
ripple,2025-07-23,306.62497396527766,XRP
ripple,2025-07-23,306.62497396527766,XRP
ripple,2025-07-23,306.62497396527766,XRP
ripple,2025-07-23,306.62497396527766,XRP
ripple,2025-07-23,306.62497396527766,XRP
ripple,2025-07-24,274.6119101390597,XRP
ripple,2025-07-24,274.6119101390597,XRP
ripple,2025-07-24,274.6119101390597,XRP
ripple,2025-07-24,274.6119101390597,XRP
ripple,2025-07-24,274.6119101390597,XRP
ripple,2025-07-25,271.76459047036764,XRP
ripple,2025-07-25,271.76459047036764,XRP
ripple,2025-07-25,271.76459047036764,XRP
ripple,2025-07-25,271.76459047036764,XRP
ripple,2025-07-25,271.76459047036764,XRP
ripple,2025-07-26,271.48399838688243,XRP
ripple,2025-07-26,271.48399838688243,XRP
ripple,2025-07-26,271.48399838688243,XRP
ripple,2025-07-26,271.48399838688243,XRP
ripple,2025-07-26,271.48399838688243,XRP
ripple,2025-07-27,273.9743244912168,XRP
ripple,2025-07-27,273.9743244912168,XRP
ripple,2025-07-27,273.9743244912168,XRP
ripple,2025-07-27,273.9743244912168,XRP
ripple,2025-07-27,273.9743244912168,XRP
ripple,2025-07-28,279.6536618055504,XRP
ripple,2025-07-28,279.6536618055504,XRP
ripple,2025-07-28,279.6536618055504,XRP
ripple,2025-07-28,279.6536618055504,XRP
ripple,2025-07-28,279.6536618055504,XRP
ripple,2025-07-29,271.0503975390189,XRP
ripple,2025-07-29,271.0503975390189,XRP
ripple,2025-07-29,271.0503975390189,XRP
ripple,2025-07-29,271.0503975390189,XRP
ripple,2025-07-29,271.0503975390189,XRP
ripple,2025-07-30,272.3406311431724,XRP
ripple,2025-07-30,272.3406311431724,XRP
ripple,2025-07-30,272.3406311431724,XRP
ripple,2025-07-30,272.3406311431724,XRP
ripple,2025-07-30,272.3406311431724,XRP
ripple,2025-07-31,271.74547891532785,XRP
ripple,2025-07-31,271.74547891532785,XRP
ripple,2025-07-31,271.74547891532785,XRP
ripple,2025-07-31,271.74547891532785,XRP
ripple,2025-07-31,271.74547891532785,XRP
ripple,2025-08-01,264.50319627439853,XRP
ripple,2025-08-01,264.50319627439853,XRP
ripple,2025-08-01,264.50319627439853,XRP
ripple,2025-08-01,264.50319627439853,XRP
ripple,2025-08-01,264.50319627439853,XRP
ripple,2025-08-02,258.17991989292153,XRP
ripple,2025-08-02,258.17991989292153,XRP
ripple,2025-08-02,258.17991989292153,XRP
ripple,2025-08-02,258.17991989292153,XRP
ripple,2025-08-02,258.17991989292153,XRP
ripple,2025-08-03,241.39122268004957,XRP
ripple,2025-08-03,241.39122268004957,XRP
ripple,2025-08-03,241.39122268004957,XRP
ripple,2025-08-03,241.39122268004957,XRP
ripple,2025-08-03,241.39122268004957,XRP
ripple,2025-08-04,257.25527513106425,XRP
ripple,2025-08-04,257.25527513106425,XRP
ripple,2025-08-04,257.25527513106425,XRP
ripple,2025-08-04,257.25527513106425,XRP
ripple,2025-08-04,257.25527513106425,XRP
ripple,2025-08-05,270.07847408490994,XRP
ripple,2025-08-05,270.07847408490994,XRP
ripple,2025-08-05,270.07847408490994,XRP
ripple,2025-08-05,270.07847408490994,XRP
ripple,2025-08-05,270.07847408490994,XRP
ripple,2025-08-06,260.0995685954229,XRP
ripple,2025-08-06,260.0995685954229,XRP
ripple,2025-08-06,260.0995685954229,XRP
ripple,2025-08-06,260.0995685954229,XRP
ripple,2025-08-06,260.0995685954229,XRP
ripple,2025-08-07,262.5901611027059,XRP
ripple,2025-08-07,262.5901611027059,XRP
ripple,2025-08-07,262.5901611027059,XRP
ripple,2025-08-07,262.5901611027059,XRP
ripple,2025-08-07,262.5901611027059,XRP
ripple,2025-08-08,289.87977079769826,XRP
ripple,2025-08-08,289.87977079769826,XRP
ripple,2025-08-08,289.87977079769826,XRP
ripple,2025-08-08,289.87977079769826,XRP
ripple,2025-08-08,289.87977079769826,XRP
ripple,2025-08-09,288.46290064490125,XRP
ripple,2025-08-09,288.46290064490125,XRP
ripple,2025-08-09,288.46290064490125,XRP
ripple,2025-08-09,288.46290064490125,XRP
ripple,2025-08-09,288.46290064490125,XRP
ripple,2025-08-10,283.3064775041156,XRP
ripple,2025-08-10,283.3064775041156,XRP
ripple,2025-08-10,283.3064775041156,XRP
ripple,2025-08-10,283.3064775041156,XRP
ripple,2025-08-10,283.3064775041156,XRP
ripple,2025-08-11,278.5539623258055,XRP
ripple,2025-08-11,278.5539623258055,XRP
ripple,2025-08-11,278.5539623258055,XRP
ripple,2025-08-11,278.5539623258055,XRP
ripple,2025-08-11,278.5539623258055,XRP
ripple,2025-08-12,275.2171145705101,XRP
ripple,2025-08-12,275.2171145705101,XRP
ripple,2025-08-12,275.2171145705101,XRP
ripple,2025-08-12,275.2171145705101,XRP
ripple,2025-08-12,275.2171145705101,XRP
ripple,2025-08-13,286.2170322746633,XRP
ripple,2025-08-13,286.2170322746633,XRP
ripple,2025-08-13,286.2170322746633,XRP
ripple,2025-08-13,286.2170322746633,XRP
ripple,2025-08-13,286.2170322746633,XRP
ripple,2025-08-14,287.4210871631783,XRP
ripple,2025-08-14,287.4210871631783,XRP
ripple,2025-08-14,287.4210871631783,XRP
ripple,2025-08-14,287.4210871631783,XRP
ripple,2025-08-14,287.4210871631783,XRP
ripple,2025-08-15,270.7238697166401,XRP
ripple,2025-08-15,270.7238697166401,XRP
ripple,2025-08-15,270.7238697166401,XRP
ripple,2025-08-15,270.7238697166401,XRP
ripple,2025-08-15,270.7238697166401,XRP
ripple,2025-08-16,269.31275458143193,XRP
ripple,2025-08-16,269.31275458143193,XRP
ripple,2025-08-16,269.31275458143193,XRP
ripple,2025-08-16,269.31275458143193,XRP
ripple,2025-08-16,269.31275458143193,XRP
ripple,2025-08-17,271.9028442814404,XRP
ripple,2025-08-17,271.9028442814404,XRP
ripple,2025-08-17,271.9028442814404,XRP
ripple,2025-08-17,271.9028442814404,XRP
ripple,2025-08-17,271.9028442814404,XRP
ripple,2025-08-18,270.88665459163747,XRP
ripple,2025-08-18,270.88665459163747,XRP
ripple,2025-08-18,270.88665459163747,XRP
ripple,2025-08-18,270.88665459163747,XRP
ripple,2025-08-18,270.88665459163747,XRP
ripple,2025-08-19,267.1779986573393,XRP
ripple,2025-08-19,267.1779986573393,XRP
ripple,2025-08-19,267.1779986573393,XRP
ripple,2025-08-19,267.1779986573393,XRP
ripple,2025-08-19,267.1779986573393,XRP
ripple,2025-08-20,248.914658807672,XRP
ripple,2025-08-20,248.914658807672,XRP
ripple,2025-08-20,248.914658807672,XRP
ripple,2025-08-20,248.914658807672,XRP
ripple,2025-08-20,248.914658807672,XRP
ripple,2025-08-21,256.90538275611607,XRP
ripple,2025-08-21,256.90538275611607,XRP
ripple,2025-08-21,256.90538275611607,XRP
ripple,2025-08-21,256.90538275611607,XRP
ripple,2025-08-21,256.90538275611607,XRP
ripple,2025-08-22,248.7714522157588,XRP
ripple,2025-08-22,248.7714522157588,XRP
ripple,2025-08-22,248.7714522157588,XRP
ripple,2025-08-22,248.7714522157588,XRP
ripple,2025-08-22,248.7714522157588,XRP
ripple,2025-08-23,268.3898550408366,XRP
ripple,2025-08-23,268.3898550408366,XRP
ripple,2025-08-23,268.3898550408366,XRP
ripple,2025-08-23,268.3898550408366,XRP
ripple,2025-08-23,268.3898550408366,XRP
ripple,2025-08-24,265.9926994563222,XRP
ripple,2025-08-24,265.9926994563222,XRP
ripple,2025-08-24,265.9926994563222,XRP
ripple,2025-08-24,265.9926994563222,XRP
ripple,2025-08-24,265.9926994563222,XRP
ripple,2025-08-25,264.4247553743026,XRP
ripple,2025-08-25,264.4247553743026,XRP
ripple,2025-08-25,264.4247553743026,XRP
ripple,2025-08-25,264.4247553743026,XRP
ripple,2025-08-25,264.4247553743026,XRP
ripple,2025-08-26,250.79498814286586,XRP
ripple,2025-08-26,250.79498814286586,XRP
ripple,2025-08-26,250.79498814286586,XRP
ripple,2025-08-26,250.79498814286586,XRP
ripple,2025-08-26,250.79498814286586,XRP
ripple,2025-08-27,263.9540166158225,XRP
ripple,2025-08-27,263.9540166158225,XRP
ripple,2025-08-27,263.9540166158225,XRP
ripple,2025-08-27,263.9540166158225,XRP
ripple,2025-08-27,263.9540166158225,XRP
ripple,2025-08-28,260.095976132593,XRP
ripple,2025-08-28,260.095976132593,XRP
ripple,2025-08-28,260.095976132593,XRP
ripple,2025-08-28,260.095976132593,XRP
ripple,2025-08-28,260.095976132593,XRP
ripple,2025-08-29,259.90056246990184,XRP
ripple,2025-08-29,259.90056246990184,XRP
ripple,2025-08-29,259.90056246990184,XRP
ripple,2025-08-29,259.90056246990184,XRP
ripple,2025-08-29,259.90056246990184,XRP
ripple,2025-08-30,248.91712491389723,XRP
ripple,2025-08-30,248.91712491389723,XRP
ripple,2025-08-30,248.91712491389723,XRP
ripple,2025-08-30,248.91712491389723,XRP
ripple,2025-08-30,248.91712491389723,XRP
ripple,2025-08-31,248.35488639265583,XRP
ripple,2025-08-31,248.35488639265583,XRP
ripple,2025-08-31,248.35488639265583,XRP
ripple,2025-08-31,248.35488639265583,XRP
ripple,2025-08-31,248.35488639265583,XRP
ripple,2025-09-01,244.83539596336863,XRP
ripple,2025-09-01,244.83539596336863,XRP
ripple,2025-09-01,244.83539596336863,XRP
ripple,2025-09-01,244.83539596336863,XRP
ripple,2025-09-01,244.83539596336863,XRP
ripple,2025-09-02,242.18886784781589,XRP
ripple,2025-09-02,242.18886784781589,XRP
ripple,2025-09-02,242.18886784781589,XRP
ripple,2025-09-02,242.18886784781589,XRP
ripple,2025-09-02,242.18886784781589,XRP
ripple,2025-09-03,251.7948427043052,XRP
ripple,2025-09-03,251.7948427043052,XRP
ripple,2025-09-03,251.7948427043052,XRP
ripple,2025-09-03,251.7948427043052,XRP
ripple,2025-09-03,251.7948427043052,XRP
ripple,2025-09-04,250.48130331485712,XRP
ripple,2025-09-04,250.48130331485712,XRP
ripple,2025-09-04,250.48130331485712,XRP
ripple,2025-09-04,250.48130331485712,XRP
ripple,2025-09-04,250.48130331485712,XRP
ripple,2025-09-05,246.7309480484515,XRP
ripple,2025-09-05,246.7309480484515,XRP
ripple,2025-09-05,246.7309480484515,XRP
ripple,2025-09-05,246.7309480484515,XRP
ripple,2025-09-05,246.7309480484515,XRP
ripple,2025-09-06,248.34449338882132,XRP
ripple,2025-09-06,248.34449338882132,XRP
ripple,2025-09-06,248.34449338882132,XRP
ripple,2025-09-06,248.34449338882132,XRP
ripple,2025-09-06,248.34449338882132,XRP
ripple,2025-09-07,247.86152771604708,XRP
ripple,2025-09-07,247.86152771604708,XRP
ripple,2025-09-07,247.86152771604708,XRP
ripple,2025-09-07,247.86152771604708,XRP
ripple,2025-09-07,247.86152771604708,XRP
ripple,2025-09-08,254.07407591677458,XRP
ripple,2025-09-08,254.07407591677458,XRP
ripple,2025-09-08,254.07407591677458,XRP
ripple,2025-09-08,254.07407591677458,XRP
ripple,2025-09-08,254.07407591677458,XRP
ripple,2025-09-09,261.2478587013315,XRP
ripple,2025-09-09,261.2478587013315,XRP
ripple,2025-09-09,261.2478587013315,XRP
ripple,2025-09-09,261.2478587013315,XRP
ripple,2025-09-09,261.2478587013315,XRP
ripple,2025-09-10,259.9900442668908,XRP
ripple,2025-09-10,259.9900442668908,XRP
ripple,2025-09-10,259.9900442668908,XRP
ripple,2025-09-10,259.9900442668908,XRP
ripple,2025-09-10,259.9900442668908,XRP
ripple,2025-09-11,262.6741575107264,XRP
ripple,2025-09-11,262.6741575107264,XRP
ripple,2025-09-11,262.6741575107264,XRP
ripple,2025-09-11,262.6741575107264,XRP
ripple,2025-09-11,262.6741575107264,XRP
ripple,2025-09-12,268.52724260483774,XRP
ripple,2025-09-12,268.52724260483774,XRP
ripple,2025-09-12,268.52724260483774,XRP
ripple,2025-09-12,268.52724260483774,XRP
ripple,2025-09-12,268.52724260483774,XRP
ripple,2025-09-13,274.3286131202822,XRP
ripple,2025-09-13,274.3286131202822,XRP
ripple,2025-09-13,274.3286131202822,XRP
ripple,2025-09-13,274.3286131202822,XRP
ripple,2025-09-13,274.3286131202822,XRP
ripple,2025-09-14,275.6618107257375,XRP
ripple,2025-09-14,275.6618107257375,XRP
ripple,2025-09-14,275.6618107257375,XRP
ripple,2025-09-14,275.6618107257375,XRP
ripple,2025-09-14,275.6618107257375,XRP
ripple,2025-09-15,267.59251750823927,XRP
ripple,2025-09-15,267.59251750823927,XRP
ripple,2025-09-15,267.59251750823927,XRP
ripple,2025-09-15,267.59251750823927,XRP
ripple,2025-09-15,267.59251750823927,XRP
ripple,2025-09-16,263.8500973390048,XRP
ripple,2025-09-16,263.8500973390048,XRP
ripple,2025-09-16,263.8500973390048,XRP
ripple,2025-09-16,263.8500973390048,XRP
ripple,2025-09-16,263.8500973390048,XRP
ripple,2025-09-17,267.00589959520073,XRP
ripple,2025-09-17,267.00589959520073,XRP
ripple,2025-09-17,267.00589959520073,XRP
ripple,2025-09-17,267.00589959520073,XRP
ripple,2025-09-17,267.00589959520073,XRP
ripple,2025-09-18,271.115916485058,XRP
ripple,2025-09-18,271.115916485058,XRP
ripple,2025-09-18,271.115916485058,XRP
ripple,2025-09-18,271.115916485058,XRP
ripple,2025-09-18,271.115916485058,XRP
ripple,2025-09-19,271.4842677847256,XRP
ripple,2025-09-19,271.4842677847256,XRP
ripple,2025-09-19,271.4842677847256,XRP
ripple,2025-09-19,271.4842677847256,XRP
ripple,2025-09-19,271.4842677847256,XRP
ripple,2025-09-20,263.519939755996,XRP
ripple,2025-09-20,263.519939755996,XRP
ripple,2025-09-20,263.519939755996,XRP
ripple,2025-09-20,263.519939755996,XRP
ripple,2025-09-20,263.519939755996,XRP
ripple,2025-09-21,262.2481254790706,XRP
ripple,2025-09-21,262.2481254790706,XRP
ripple,2025-09-21,262.2481254790706,XRP
ripple,2025-09-21,262.2481254790706,XRP
ripple,2025-09-21,262.2481254790706,XRP
ripple,2025-09-22,261.9504575963233,XRP
ripple,2025-09-22,261.9504575963233,XRP
ripple,2025-09-22,261.9504575963233,XRP
ripple,2025-09-22,261.9504575963233,XRP
ripple,2025-09-22,261.9504575963233,XRP
ripple,2025-09-23,251.7688486873375,XRP
ripple,2025-09-23,251.7688486873375,XRP
ripple,2025-09-23,251.7688486873375,XRP
ripple,2025-09-23,251.7688486873375,XRP
ripple,2025-09-23,251.7688486873375,XRP
ripple,2025-09-24,251.24348035901966,XRP
ripple,2025-09-24,251.24348035901966,XRP
ripple,2025-09-24,251.24348035901966,XRP
ripple,2025-09-24,251.24348035901966,XRP
ripple,2025-09-24,251.24348035901966,XRP
ripple,2025-09-25,259.9967489983782,XRP
ripple,2025-09-25,259.9967489983782,XRP
ripple,2025-09-25,259.9967489983782,XRP
ripple,2025-09-25,259.9967489983782,XRP
ripple,2025-09-25,259.9967489983782,XRP
ripple,2025-09-26,243.16135839332705,XRP
ripple,2025-09-26,243.16135839332705,XRP
ripple,2025-09-26,243.16135839332705,XRP
ripple,2025-09-26,243.16135839332705,XRP
ripple,2025-09-26,243.16135839332705,XRP
ripple,2025-09-27,247.06452104035782,XRP
ripple,2025-09-27,247.06452104035782,XRP
ripple,2025-09-27,247.06452104035782,XRP
ripple,2025-09-27,247.06452104035782,XRP
ripple,2025-09-27,247.06452104035782,XRP
ripple,2025-09-28,248.98660616894665,XRP
ripple,2025-09-28,248.98660616894665,XRP
ripple,2025-09-28,248.98660616894665,XRP
ripple,2025-09-28,248.98660616894665,XRP
ripple,2025-09-28,248.98660616894665,XRP
ripple,2025-09-29,254.05591201935184,XRP
ripple,2025-09-29,254.05591201935184,XRP
ripple,2025-09-29,254.05591201935184,XRP
ripple,2025-09-29,254.05591201935184,XRP
ripple,2025-09-29,254.05591201935184,XRP
ripple,2025-09-30,255.65308524146639,XRP
ripple,2025-09-30,255.65308524146639,XRP
ripple,2025-09-30,255.65308524146639,XRP
ripple,2025-09-30,255.65308524146639,XRP
ripple,2025-09-30,255.65308524146639,XRP
ripple,2025-10-01,252.7465861041772,XRP
ripple,2025-10-01,252.7465861041772,XRP
ripple,2025-10-01,252.7465861041772,XRP
ripple,2025-10-01,252.7465861041772,XRP
ripple,2025-10-01,252.7465861041772,XRP
ripple,2025-10-02,261.1542139628716,XRP
ripple,2025-10-02,261.1542139628716,XRP
ripple,2025-10-02,261.1542139628716,XRP
ripple,2025-10-02,261.1542139628716,XRP
ripple,2025-10-02,261.1542139628716,XRP
ripple,2025-10-03,269.45753066555636,XRP
ripple,2025-10-03,269.45753066555636,XRP
ripple,2025-10-03,269.45753066555636,XRP
ripple,2025-10-03,269.45753066555636,XRP
ripple,2025-10-03,269.45753066555636,XRP
ripple,2025-10-04,269.87671111178554,XRP
ripple,2025-10-04,269.87671111178554,XRP
ripple,2025-10-04,269.87671111178554,XRP
ripple,2025-10-04,269.87671111178554,XRP
ripple,2025-10-04,269.87671111178554,XRP
ripple,2025-10-05,263.51999970233055,XRP
ripple,2025-10-05,263.51999970233055,XRP
ripple,2025-10-05,263.51999970233055,XRP
ripple,2025-10-05,263.51999970233055,XRP
ripple,2025-10-05,263.51999970233055,XRP
ripple,2025-10-06,263.6078919265292,XRP
ripple,2025-10-06,263.6078919265292,XRP
ripple,2025-10-06,263.6078919265292,XRP
ripple,2025-10-06,263.6078919265292,XRP
ripple,2025-10-06,263.6078919265292,XRP
ripple,2025-10-07,265.4285699079311,XRP
ripple,2025-10-07,265.4285699079311,XRP
ripple,2025-10-07,265.4285699079311,XRP
ripple,2025-10-07,265.4285699079311,XRP
ripple,2025-10-07,265.4285699079311,XRP
ripple,2025-10-08,253.54343691033816,XRP
ripple,2025-10-08,253.54343691033816,XRP
ripple,2025-10-08,253.54343691033816,XRP
ripple,2025-10-08,253.54343691033816,XRP
ripple,2025-10-08,253.54343691033816,XRP
ripple,2025-10-09,255.70675385794172,XRP
ripple,2025-10-09,255.70675385794172,XRP
ripple,2025-10-09,255.70675385794172,XRP
ripple,2025-10-09,255.70675385794172,XRP
ripple,2025-10-09,255.70675385794172,XRP
ripple,2025-10-10,249.27489405844793,XRP
ripple,2025-10-10,249.27489405844793,XRP
ripple,2025-10-10,249.27489405844793,XRP
ripple,2025-10-10,249.27489405844793,XRP
ripple,2025-10-10,249.27489405844793,XRP
ripple,2025-10-11,211.57811621737176,XRP
ripple,2025-10-11,211.57811621737176,XRP
ripple,2025-10-11,211.57811621737176,XRP
ripple,2025-10-11,211.57811621737176,XRP
ripple,2025-10-11,211.57811621737176,XRP
ripple,2025-10-12,211.7521292688015,XRP
ripple,2025-10-12,211.7521292688015,XRP
ripple,2025-10-12,211.7521292688015,XRP
ripple,2025-10-12,211.7521292688015,XRP
ripple,2025-10-12,211.7521292688015,XRP
ripple,2025-10-13,224.66868273302237,XRP
ripple,2025-10-13,224.66868273302237,XRP
ripple,2025-10-13,224.66868273302237,XRP
ripple,2025-10-13,224.66868273302237,XRP
ripple,2025-10-13,224.66868273302237,XRP
ripple,2025-10-14,230.9723071967687,XRP
ripple,2025-10-14,230.9723071967687,XRP
ripple,2025-10-14,230.9723071967687,XRP
ripple,2025-10-14,230.9723071967687,XRP
ripple,2025-10-14,230.9723071967687,XRP
ripple,2025-10-15,222.50566024182586,XRP
ripple,2025-10-15,222.50566024182586,XRP
ripple,2025-10-15,222.50566024182586,XRP
ripple,2025-10-15,222.50566024182586,XRP
ripple,2025-10-15,222.50566024182586,XRP
ripple,2025-10-16,211.69140721536772,XRP
ripple,2025-10-16,211.69140721536772,XRP
ripple,2025-10-16,211.69140721536772,XRP
ripple,2025-10-16,211.69140721536772,XRP
ripple,2025-10-16,211.69140721536772,XRP
ripple,2025-10-17,204.59819951120883,XRP
ripple,2025-10-17,204.59819951120883,XRP
ripple,2025-10-17,204.59819951120883,XRP
ripple,2025-10-17,204.59819951120883,XRP
ripple,2025-10-17,204.59819951120883,XRP
ripple,2025-10-18,202.08337035360228,XRP
ripple,2025-10-18,202.08337035360228,XRP
ripple,2025-10-18,202.08337035360228,XRP
ripple,2025-10-18,202.08337035360228,XRP
ripple,2025-10-18,202.08337035360228,XRP
ripple,2025-10-19,207.7080993303638,XRP
ripple,2025-10-19,207.7080993303638,XRP
ripple,2025-10-19,207.7080993303638,XRP
ripple,2025-10-19,207.7080993303638,XRP
ripple,2025-10-19,207.7080993303638,XRP
ripple,2025-10-20,210.29300854742806,XRP
ripple,2025-10-20,210.29300854742806,XRP
ripple,2025-10-20,210.29300854742806,XRP
ripple,2025-10-20,210.29300854742806,XRP
ripple,2025-10-20,210.29300854742806,XRP
ripple,2025-10-21,218.83210725305855,XRP
ripple,2025-10-21,218.83210725305855,XRP
ripple,2025-10-21,218.83210725305855,XRP
ripple,2025-10-21,218.83210725305855,XRP
ripple,2025-10-21,218.83210725305855,XRP
ripple,2025-10-22,213.329383455558,XRP
ripple,2025-10-22,213.329383455558,XRP
ripple,2025-10-22,213.329383455558,XRP
ripple,2025-10-22,213.329383455558,XRP
ripple,2025-10-22,213.329383455558,XRP
ripple,2025-10-23,207.34187448002822,XRP
ripple,2025-10-23,207.34187448002822,XRP
ripple,2025-10-23,207.34187448002822,XRP
ripple,2025-10-23,207.34187448002822,XRP
ripple,2025-10-23,207.34187448002822,XRP
ripple,2025-10-24,210.16149061363592,XRP
ripple,2025-10-24,210.16149061363592,XRP
ripple,2025-10-24,210.16149061363592,XRP
ripple,2025-10-24,210.16149061363592,XRP
ripple,2025-10-24,210.16149061363592,XRP
ripple,2025-10-25,219.97387255183028,XRP
ripple,2025-10-25,219.97387255183028,XRP
ripple,2025-10-25,219.97387255183028,XRP
ripple,2025-10-25,219.97387255183028,XRP
ripple,2025-10-25,219.97387255183028,XRP
ripple,2025-10-26,227.7810935169504,XRP
ripple,2025-10-26,227.7810935169504,XRP
ripple,2025-10-26,227.7810935169504,XRP
ripple,2025-10-26,227.7810935169504,XRP
ripple,2025-10-26,227.7810935169504,XRP
ripple,2025-10-27,232.40496052770783,XRP
ripple,2025-10-27,232.40496052770783,XRP
ripple,2025-10-27,232.40496052770783,XRP
ripple,2025-10-27,232.40496052770783,XRP
ripple,2025-10-27,232.40496052770783,XRP
ripple,2025-10-28,232.4900931363737,XRP
ripple,2025-10-28,232.4900931363737,XRP
ripple,2025-10-28,232.4900931363737,XRP
ripple,2025-10-28,232.4900931363737,XRP
ripple,2025-10-28,232.4900931363737,XRP
ripple,2025-10-29,230.0825380905365,XRP
ripple,2025-10-29,230.0825380905365,XRP
ripple,2025-10-29,230.0825380905365,XRP
ripple,2025-10-29,230.0825380905365,XRP
ripple,2025-10-29,230.0825380905365,XRP
ripple,2025-10-30,225.47147833302157,XRP
ripple,2025-10-30,225.47147833302157,XRP
ripple,2025-10-30,225.47147833302157,XRP
ripple,2025-10-30,225.47147833302157,XRP
ripple,2025-10-30,225.47147833302157,XRP
ripple,2025-10-31,216.03271144798384,XRP
ripple,2025-10-31,216.03271144798384,XRP
ripple,2025-10-31,216.03271144798384,XRP
ripple,2025-10-31,216.03271144798384,XRP
ripple,2025-10-31,216.03271144798384,XRP
ripple,2025-11-01,222.82542066122335,XRP
ripple,2025-11-01,222.82542066122335,XRP
ripple,2025-11-01,222.82542066122335,XRP
ripple,2025-11-01,222.82542066122335,XRP
ripple,2025-11-01,222.82542066122335,XRP
ripple,2025-11-02,222.3307539969343,XRP
ripple,2025-11-02,222.3307539969343,XRP
ripple,2025-11-02,222.3307539969343,XRP
ripple,2025-11-02,222.3307539969343,XRP
ripple,2025-11-02,222.3307539969343,XRP
ripple,2025-11-03,224.42285849860656,XRP
ripple,2025-11-03,224.42285849860656,XRP
ripple,2025-11-03,224.42285849860656,XRP
ripple,2025-11-03,224.42285849860656,XRP
ripple,2025-11-03,224.42285849860656,XRP
ripple,2025-11-04,204.73143548091662,XRP
ripple,2025-11-04,204.73143548091662,XRP
ripple,2025-11-04,204.73143548091662,XRP
ripple,2025-11-04,204.73143548091662,XRP
ripple,2025-11-04,204.73143548091662,XRP
ripple,2025-11-05,196.44616195884205,XRP
ripple,2025-11-05,196.44616195884205,XRP
ripple,2025-11-05,196.44616195884205,XRP
ripple,2025-11-05,196.44616195884205,XRP
ripple,2025-11-05,196.44616195884205,XRP
ripple,2025-11-06,207.8283547977163,XRP
ripple,2025-11-06,207.8283547977163,XRP
ripple,2025-11-06,207.8283547977163,XRP
ripple,2025-11-06,207.8283547977163,XRP
ripple,2025-11-06,207.8283547977163,XRP
ripple,2025-11-07,195.8955366777422,XRP
ripple,2025-11-07,195.8955366777422,XRP
ripple,2025-11-07,195.8955366777422,XRP
ripple,2025-11-07,195.8955366777422,XRP
ripple,2025-11-07,195.8955366777422,XRP
ripple,2025-11-08,205.33473241500616,XRP
ripple,2025-11-08,205.33473241500616,XRP
ripple,2025-11-08,205.33473241500616,XRP
ripple,2025-11-08,205.33473241500616,XRP
ripple,2025-11-08,205.33473241500616,XRP
ripple,2025-11-09,202.58986362361924,XRP
ripple,2025-11-09,202.58986362361924,XRP
ripple,2025-11-09,202.58986362361924,XRP
ripple,2025-11-09,202.58986362361924,XRP
ripple,2025-11-09,202.58986362361924,XRP
ripple,2025-11-10,209.7752729261544,XRP
ripple,2025-11-10,209.7752729261544,XRP
ripple,2025-11-10,209.7752729261544,XRP
ripple,2025-11-10,209.7752729261544,XRP
ripple,2025-11-10,209.7752729261544,XRP
ripple,2025-11-11,224.26174560081014,XRP
ripple,2025-11-11,224.26174560081014,XRP
ripple,2025-11-11,224.26174560081014,XRP
ripple,2025-11-11,224.26174560081014,XRP
ripple,2025-11-11,224.26174560081014,XRP
ripple,2025-11-12,211.45052853866463,XRP
ripple,2025-11-12,211.45052853866463,XRP
ripple,2025-11-12,211.45052853866463,XRP
ripple,2025-11-12,211.45052853866463,XRP
ripple,2025-11-12,211.45052853866463,XRP
ripple,2025-11-13,211.1412598228667,XRP
ripple,2025-11-13,211.1412598228667,XRP
ripple,2025-11-13,211.1412598228667,XRP
ripple,2025-11-13,211.1412598228667,XRP
ripple,2025-11-13,211.1412598228667,XRP
ripple,2025-11-14,207.0654238702977,XRP
ripple,2025-11-14,207.0654238702977,XRP
ripple,2025-11-14,207.0654238702977,XRP
ripple,2025-11-14,207.0654238702977,XRP
ripple,2025-11-14,207.0654238702977,XRP
ripple,2025-11-15,199.44071252721707,XRP
ripple,2025-11-15,199.44071252721707,XRP
ripple,2025-11-15,199.44071252721707,XRP
ripple,2025-11-15,199.44071252721707,XRP
ripple,2025-11-15,199.44071252721707,XRP
ripple,2025-11-16,198.26141907701196,XRP
ripple,2025-11-16,198.26141907701196,XRP
ripple,2025-11-16,198.26141907701196,XRP
ripple,2025-11-16,198.26141907701196,XRP
ripple,2025-11-16,198.26141907701196,XRP
ripple,2025-11-17,196.72792605914108,XRP
ripple,2025-11-17,196.72792605914108,XRP
ripple,2025-11-17,196.72792605914108,XRP
ripple,2025-11-17,196.72792605914108,XRP
ripple,2025-11-17,196.72792605914108,XRP
ripple,2025-11-18,191.50640075897468,XRP
ripple,2025-11-18,191.50640075897468,XRP
ripple,2025-11-18,191.50640075897468,XRP
ripple,2025-11-18,191.50640075897468,XRP
ripple,2025-11-18,191.50640075897468,XRP
ripple,2025-11-19,196.0567697740092,XRP
ripple,2025-11-19,196.0567697740092,XRP
ripple,2025-11-19,196.0567697740092,XRP
ripple,2025-11-19,196.0567697740092,XRP
ripple,2025-11-19,196.0567697740092,XRP
ripple,2025-11-20,186.4148415098403,XRP
ripple,2025-11-20,186.4148415098403,XRP
ripple,2025-11-20,186.4148415098403,XRP
ripple,2025-11-20,186.4148415098403,XRP
ripple,2025-11-20,186.4148415098403,XRP
ripple,2025-11-21,177.38851141227167,XRP
ripple,2025-11-21,177.38851141227167,XRP
ripple,2025-11-21,177.38851141227167,XRP
ripple,2025-11-21,177.38851141227167,XRP
ripple,2025-11-21,177.38851141227167,XRP
ripple,2025-11-22,174.76848576909637,XRP
ripple,2025-11-22,174.76848576909637,XRP
ripple,2025-11-22,174.76848576909637,XRP
ripple,2025-11-22,174.76848576909637,XRP
ripple,2025-11-22,174.76848576909637,XRP
ripple,2025-11-23,174.87477452991772,XRP
ripple,2025-11-23,174.87477452991772,XRP
ripple,2025-11-23,174.87477452991772,XRP
ripple,2025-11-23,174.87477452991772,XRP
ripple,2025-11-23,174.87477452991772,XRP
ripple,2025-11-24,183.28825430676216,XRP
ripple,2025-11-24,183.28825430676216,XRP
ripple,2025-11-24,183.28825430676216,XRP
ripple,2025-11-24,183.28825430676216,XRP
ripple,2025-11-24,183.28825430676216,XRP
ripple,2025-11-25,198.27849699315337,XRP
ripple,2025-11-25,198.27849699315337,XRP
ripple,2025-11-25,198.27849699315337,XRP
ripple,2025-11-25,198.27849699315337,XRP
ripple,2025-11-25,198.27849699315337,XRP
ripple,2025-11-26,196.03772943415436,XRP
ripple,2025-11-26,196.03772943415436,XRP
ripple,2025-11-26,196.03772943415436,XRP
ripple,2025-11-26,196.03772943415436,XRP
ripple,2025-11-26,196.03772943415436,XRP
ripple,2025-11-27,198.3206766128336,XRP
ripple,2025-11-27,198.3206766128336,XRP
ripple,2025-11-27,198.3206766128336,XRP
ripple,2025-11-27,198.3206766128336,XRP
ripple,2025-11-27,198.3206766128336,XRP
ripple,2025-11-28,196.70336316546332,XRP
ripple,2025-11-28,196.70336316546332,XRP
ripple,2025-11-28,196.70336316546332,XRP
ripple,2025-11-28,196.70336316546332,XRP
ripple,2025-11-28,196.70336316546332,XRP
ripple,2025-11-29,194.8347258711278,XRP
ripple,2025-11-29,194.8347258711278,XRP
ripple,2025-11-29,194.8347258711278,XRP
ripple,2025-11-29,194.8347258711278,XRP
ripple,2025-11-29,194.8347258711278,XRP
ripple,2025-11-30,196.8163091827972,XRP
ripple,2025-11-30,196.8163091827972,XRP
ripple,2025-11-30,196.8163091827972,XRP
ripple,2025-11-30,196.8163091827972,XRP
ripple,2025-11-30,196.8163091827972,XRP
ripple,2025-12-01,193.47539595732707,XRP
ripple,2025-12-01,193.47539595732707,XRP
ripple,2025-12-01,193.47539595732707,XRP
ripple,2025-12-01,193.47539595732707,XRP
ripple,2025-12-01,193.47539595732707,XRP
ripple,2025-12-02,182.00926743068956,XRP
ripple,2025-12-02,182.00926743068956,XRP
ripple,2025-12-02,182.00926743068956,XRP
ripple,2025-12-02,182.00926743068956,XRP
ripple,2025-12-02,182.00926743068956,XRP
ripple,2025-12-03,193.959923935926,XRP
ripple,2025-12-03,193.959923935926,XRP
ripple,2025-12-03,193.959923935926,XRP
ripple,2025-12-03,193.959923935926,XRP
ripple,2025-12-03,193.959923935926,XRP
ripple,2025-12-04,198.67516367483367,XRP
ripple,2025-12-04,198.67516367483367,XRP
ripple,2025-12-04,198.67516367483367,XRP
ripple,2025-12-04,198.67516367483367,XRP
ripple,2025-12-04,198.67516367483367,XRP
ripple,2025-12-05,188.4036564815104,XRP
ripple,2025-12-05,188.4036564815104,XRP
ripple,2025-12-05,188.4036564815104,XRP
ripple,2025-12-05,188.4036564815104,XRP
ripple,2025-12-05,188.4036564815104,XRP
ripple,2025-12-06,183.12669242543188,XRP
ripple,2025-12-06,183.12669242543188,XRP
ripple,2025-12-06,183.12669242543188,XRP
ripple,2025-12-06,183.12669242543188,XRP
ripple,2025-12-06,183.12669242543188,XRP
ripple,2025-12-07,182.85664385020806,XRP
ripple,2025-12-07,182.85664385020806,XRP
ripple,2025-12-07,182.85664385020806,XRP
ripple,2025-12-07,182.85664385020806,XRP
ripple,2025-12-07,182.85664385020806,XRP
ripple,2025-12-08,183.46812759695698,XRP
ripple,2025-12-08,183.46812759695698,XRP
ripple,2025-12-08,183.46812759695698,XRP
ripple,2025-12-08,183.46812759695698,XRP
ripple,2025-12-08,183.46812759695698,XRP
ripple,2025-12-09,186.84332007627938,XRP
ripple,2025-12-09,186.84332007627938,XRP
ripple,2025-12-09,186.84332007627938,XRP
ripple,2025-12-09,186.84332007627938,XRP
ripple,2025-12-09,186.84332007627938,XRP
ripple,2025-12-10,189.67413896574476,XRP
ripple,2025-12-10,189.67413896574476,XRP
ripple,2025-12-10,189.67413896574476,XRP
ripple,2025-12-10,189.67413896574476,XRP
ripple,2025-12-10,189.67413896574476,XRP
ripple,2025-12-11,183.56791895748475,XRP
ripple,2025-12-11,183.56791895748475,XRP
ripple,2025-12-11,183.56791895748475,XRP
ripple,2025-12-11,183.56791895748475,XRP
ripple,2025-12-11,183.56791895748475,XRP
ripple,2025-12-12,183.75610274197916,XRP
ripple,2025-12-12,183.75610274197916,XRP
ripple,2025-12-12,183.75610274197916,XRP
ripple,2025-12-12,183.75610274197916,XRP
ripple,2025-12-12,183.75610274197916,XRP
ripple,2025-12-13,181.94341382289522,XRP
ripple,2025-12-13,181.94341382289522,XRP
ripple,2025-12-13,181.94341382289522,XRP
ripple,2025-12-13,181.94341382289522,XRP
ripple,2025-12-13,181.94341382289522,XRP
ripple,2025-12-14,183.30869097098866,XRP
ripple,2025-12-14,183.30869097098866,XRP
ripple,2025-12-14,183.30869097098866,XRP
ripple,2025-12-14,183.30869097098866,XRP
ripple,2025-12-14,183.30869097098866,XRP
ripple,2025-12-15,179.43545765184138,XRP
ripple,2025-12-15,179.43545765184138,XRP
ripple,2025-12-15,179.43545765184138,XRP
ripple,2025-12-15,179.43545765184138,XRP
ripple,2025-12-15,179.43545765184138,XRP
ripple,2025-12-16,172.18457390616547,XRP
ripple,2025-12-16,172.18457390616547,XRP
ripple,2025-12-16,172.18457390616547,XRP
ripple,2025-12-16,172.18457390616547,XRP
ripple,2025-12-16,172.18457390616547,XRP
ripple,2025-12-17,175.49340338680184,XRP
ripple,2025-12-17,175.49340338680184,XRP
ripple,2025-12-17,175.49340338680184,XRP
ripple,2025-12-17,175.49340338680184,XRP
ripple,2025-12-17,175.49340338680184,XRP
ripple,2025-12-18,168.32413655527114,XRP
ripple,2025-12-18,168.32413655527114,XRP
ripple,2025-12-18,168.32413655527114,XRP
ripple,2025-12-18,168.32413655527114,XRP
ripple,2025-12-18,168.32413655527114,XRP
ripple,2025-12-19,163.15816666741844,XRP
ripple,2025-12-19,163.15816666741844,XRP
ripple,2025-12-19,163.15816666741844,XRP
ripple,2025-12-19,163.15816666741844,XRP
ripple,2025-12-19,163.15816666741844,XRP
ripple,2025-12-20,170.7460305383028,XRP
ripple,2025-12-20,170.7460305383028,XRP
ripple,2025-12-20,170.7460305383028,XRP
ripple,2025-12-20,170.7460305383028,XRP
ripple,2025-12-20,170.7460305383028,XRP
ripple,2025-12-21,173.06029478469833,XRP
ripple,2025-12-21,173.06029478469833,XRP
ripple,2025-12-21,173.06029478469833,XRP
ripple,2025-12-21,173.06029478469833,XRP
ripple,2025-12-21,173.06029478469833,XRP
ripple,2025-12-22,172.2416909843787,XRP
ripple,2025-12-22,172.2416909843787,XRP
ripple,2025-12-22,172.2416909843787,XRP
ripple,2025-12-22,172.2416909843787,XRP
ripple,2025-12-22,172.2416909843787,XRP
ripple,2025-12-23,170.44686371370824,XRP
ripple,2025-12-23,170.44686371370824,XRP
ripple,2025-12-23,170.44686371370824,XRP
ripple,2025-12-23,170.44686371370824,XRP
ripple,2025-12-23,170.44686371370824,XRP
ripple,2025-12-24,167.60943870293818,XRP
ripple,2025-12-24,167.60943870293818,XRP
ripple,2025-12-24,167.60943870293818,XRP
ripple,2025-12-24,167.60943870293818,XRP
ripple,2025-12-24,167.60943870293818,XRP
ripple,2025-12-25,167.263038742506,XRP
ripple,2025-12-25,167.263038742506,XRP
ripple,2025-12-25,167.263038742506,XRP
ripple,2025-12-25,167.263038742506,XRP
ripple,2025-12-25,167.263038742506,XRP
ripple,2025-12-26,165.04561899119747,XRP
ripple,2025-12-26,165.04561899119747,XRP
ripple,2025-12-26,165.04561899119747,XRP
ripple,2025-12-26,165.04561899119747,XRP
ripple,2025-12-26,165.04561899119747,XRP
ripple,2025-12-27,165.4727599387115,XRP
ripple,2025-12-27,165.4727599387115,XRP
ripple,2025-12-27,165.4727599387115,XRP
ripple,2025-12-27,165.4727599387115,XRP
ripple,2025-12-27,165.4727599387115,XRP
ripple,2025-12-28,168.25787026308117,XRP
ripple,2025-12-28,168.25787026308117,XRP
ripple,2025-12-28,168.25787026308117,XRP
ripple,2025-12-28,168.25787026308117,XRP
ripple,2025-12-28,168.25787026308117,XRP
ripple,2025-12-29,167.46439538041022,XRP
ripple,2025-12-29,167.46439538041022,XRP
ripple,2025-12-29,167.46439538041022,XRP
ripple,2025-12-29,167.46439538041022,XRP
ripple,2025-12-29,167.46439538041022,XRP
ripple,2025-12-30,166.09410503738397,XRP
ripple,2025-12-30,166.09410503738397,XRP
ripple,2025-12-30,166.09410503738397,XRP
ripple,2025-12-30,166.09410503738397,XRP
ripple,2025-12-30,166.09410503738397,XRP
ripple,2025-12-31,168.32712635635386,XRP
ripple,2025-12-31,168.32712635635386,XRP
ripple,2025-12-31,168.32712635635386,XRP
ripple,2025-12-31,168.32712635635386,XRP
ripple,2025-12-31,168.32712635635386,XRP
ripple,2026-01-01,165.50465976340502,XRP
ripple,2026-01-01,165.50465976340502,XRP
ripple,2026-01-01,165.50465976340502,XRP
ripple,2026-01-01,165.50465976340502,XRP
ripple,2026-01-01,165.50465976340502,XRP
ripple,2026-01-02,168.83131700028437,XRP
ripple,2026-01-02,168.83131700028437,XRP
ripple,2026-01-02,168.83131700028437,XRP
ripple,2026-01-02,168.83131700028437,XRP
ripple,2026-01-02,168.83131700028437,XRP
ripple,2026-01-03,180.63587347344645,XRP
ripple,2026-01-03,180.63587347344645,XRP
ripple,2026-01-03,180.63587347344645,XRP
ripple,2026-01-03,180.63587347344645,XRP
ripple,2026-01-03,180.63587347344645,XRP
ripple,2026-01-04,181.604717549865,XRP
ripple,2026-01-04,181.604717549865,XRP
ripple,2026-01-04,181.604717549865,XRP
ripple,2026-01-04,181.604717549865,XRP
ripple,2026-01-04,181.604717549865,XRP
ripple,2026-01-05,188.15116047033248,XRP
ripple,2026-01-05,188.15116047033248,XRP
ripple,2026-01-05,188.15116047033248,XRP
ripple,2026-01-05,188.15116047033248,XRP
ripple,2026-01-05,188.15116047033248,XRP
ripple,2026-01-06,212.68825913675275,XRP
ripple,2026-01-06,212.68825913675275,XRP
ripple,2026-01-06,212.68825913675275,XRP
ripple,2026-01-06,212.68825913675275,XRP
ripple,2026-01-06,212.68825913675275,XRP
ripple,2026-01-07,207.89664769535045,XRP
ripple,2026-01-07,207.89664769535045,XRP
ripple,2026-01-07,207.89664769535045,XRP
ripple,2026-01-07,207.89664769535045,XRP
ripple,2026-01-07,207.89664769535045,XRP
ripple,2026-01-08,194.53385609111456,XRP
ripple,2026-01-08,194.53385609111456,XRP
ripple,2026-01-08,194.53385609111456,XRP
ripple,2026-01-08,194.53385609111456,XRP
ripple,2026-01-08,194.53385609111456,XRP
ripple,2026-01-09,191.0649492448141,XRP
ripple,2026-01-09,191.0649492448141,XRP
ripple,2026-01-09,191.0649492448141,XRP
ripple,2026-01-09,191.0649492448141,XRP
ripple,2026-01-09,191.0649492448141,XRP
ripple,2026-01-10,188.9106539953102,XRP
ripple,2026-01-10,188.9106539953102,XRP
ripple,2026-01-10,188.9106539953102,XRP
ripple,2026-01-10,188.9106539953102,XRP
ripple,2026-01-10,188.9106539953102,XRP
ripple,2026-01-11,188.53918738421436,XRP
ripple,2026-01-11,188.53918738421436,XRP
ripple,2026-01-11,188.53918738421436,XRP
ripple,2026-01-11,188.53918738421436,XRP
ripple,2026-01-11,188.53918738421436,XRP
ripple,2026-01-12,186.79244700092443,XRP
ripple,2026-01-12,186.79244700092443,XRP
ripple,2026-01-12,186.79244700092443,XRP
ripple,2026-01-12,186.79244700092443,XRP
ripple,2026-01-12,186.79244700092443,XRP
ripple,2026-01-13,184.9666054512793,XRP
ripple,2026-01-13,184.9666054512793,XRP
ripple,2026-01-13,184.9666054512793,XRP
ripple,2026-01-13,184.9666054512793,XRP
ripple,2026-01-13,184.9666054512793,XRP
ripple,2026-01-14,194.76573909479882,XRP
ripple,2026-01-14,194.76573909479882,XRP
ripple,2026-01-14,194.76573909479882,XRP
ripple,2026-01-14,194.76573909479882,XRP
ripple,2026-01-14,194.76573909479882,XRP
ripple,2026-01-15,193.05483268305784,XRP
ripple,2026-01-15,193.05483268305784,XRP
ripple,2026-01-15,193.05483268305784,XRP
ripple,2026-01-15,193.05483268305784,XRP
ripple,2026-01-15,193.05483268305784,XRP
ripple,2026-01-16,187.72203002413593,XRP
ripple,2026-01-16,187.72203002413593,XRP
ripple,2026-01-16,187.72203002413593,XRP
ripple,2026-01-16,187.72203002413593,XRP
ripple,2026-01-16,187.72203002413593,XRP
ripple,2026-01-17,187.63674968277468,XRP
ripple,2026-01-17,187.63674968277468,XRP
ripple,2026-01-17,187.63674968277468,XRP
ripple,2026-01-17,187.63674968277468,XRP
ripple,2026-01-17,187.63674968277468,XRP
ripple,2026-01-18,187.35163925323047,XRP
ripple,2026-01-18,187.35163925323047,XRP
ripple,2026-01-18,187.35163925323047,XRP
ripple,2026-01-18,187.35163925323047,XRP
ripple,2026-01-18,187.35163925323047,XRP
ripple,2026-01-19,181.00475865978717,XRP
ripple,2026-01-19,181.00475865978717,XRP
ripple,2026-01-19,181.00475865978717,XRP
ripple,2026-01-19,181.00475865978717,XRP
ripple,2026-01-19,181.00475865978717,XRP
ripple,2026-01-20,180.7609122498983,XRP
ripple,2026-01-20,180.7609122498983,XRP
ripple,2026-01-20,180.7609122498983,XRP
ripple,2026-01-20,180.7609122498983,XRP
ripple,2026-01-20,180.7609122498983,XRP
ripple,2026-01-21,171.9897308275541,XRP
ripple,2026-01-21,171.9897308275541,XRP
ripple,2026-01-21,171.9897308275541,XRP
ripple,2026-01-21,171.9897308275541,XRP
ripple,2026-01-21,171.9897308275541,XRP
ripple,2026-01-22,177.92714976870835,XRP
ripple,2026-01-22,177.92714976870835,XRP
ripple,2026-01-22,177.92714976870835,XRP
ripple,2026-01-22,177.92714976870835,XRP
ripple,2026-01-22,177.92714976870835,XRP
ripple,2026-01-23,175.83110044263123,XRP
ripple,2026-01-23,175.83110044263123,XRP
ripple,2026-01-23,175.83110044263123,XRP
ripple,2026-01-23,175.83110044263123,XRP
ripple,2026-01-23,175.83110044263123,XRP
ripple,2026-01-24,175.83116897383556,XRP
ripple,2026-01-24,175.83116897383556,XRP
ripple,2026-01-24,175.83116897383556,XRP
ripple,2026-01-24,175.83116897383556,XRP
ripple,2026-01-24,175.83116897383556,XRP
ripple,2026-01-25,175.25366466256895,XRP
ripple,2026-01-25,175.25366466256895,XRP
ripple,2026-01-25,175.25366466256895,XRP
ripple,2026-01-25,175.25366466256895,XRP
ripple,2026-01-25,175.25366466256895,XRP
ripple,2026-01-26,167.95361207273857,XRP
ripple,2026-01-26,167.95361207273857,XRP
ripple,2026-01-26,167.95361207273857,XRP
ripple,2026-01-26,167.95361207273857,XRP
ripple,2026-01-26,167.95361207273857,XRP
ripple,2026-01-27,174.63218331293683,XRP
ripple,2026-01-27,174.63218331293683,XRP
ripple,2026-01-27,174.63218331293683,XRP
ripple,2026-01-27,174.63218331293683,XRP
ripple,2026-01-27,174.63218331293683,XRP
ripple,2026-01-28,175.35259220365376,XRP
ripple,2026-01-28,175.35259220365376,XRP
ripple,2026-01-28,175.35259220365376,XRP
ripple,2026-01-28,175.35259220365376,XRP
ripple,2026-01-28,175.35259220365376,XRP
ripple,2026-01-29,175.54538082049623,XRP
ripple,2026-01-29,175.54538082049623,XRP
ripple,2026-01-29,175.54538082049623,XRP
ripple,2026-01-29,175.54538082049623,XRP
ripple,2026-01-29,175.54538082049623,XRP
ripple,2026-01-30,165.6744095594289,XRP
ripple,2026-01-30,165.6744095594289,XRP
ripple,2026-01-30,165.6744095594289,XRP
ripple,2026-01-30,165.6744095594289,XRP
ripple,2026-01-30,165.6744095594289,XRP
ripple,2026-01-31,158.86496336014997,XRP
ripple,2026-01-31,158.86496336014997,XRP
ripple,2026-01-31,158.86496336014997,XRP
ripple,2026-01-31,158.86496336014997,XRP
ripple,2026-01-31,158.86496336014997,XRP
ripple,2026-02-01,150.6954799864564,XRP
ripple,2026-02-01,150.6954799864564,XRP
ripple,2026-02-01,150.6954799864564,XRP
ripple,2026-02-01,150.6954799864564,XRP
ripple,2026-02-01,150.6954799864564,XRP
ripple,2026-02-02,146.2114030234503,XRP
ripple,2026-02-02,146.2114030234503,XRP
ripple,2026-02-02,146.2114030234503,XRP
ripple,2026-02-02,146.2114030234503,XRP
ripple,2026-02-02,146.2114030234503,XRP
ripple,2026-02-03,146.57981632193778,XRP
ripple,2026-02-03,146.57981632193778,XRP
ripple,2026-02-03,146.57981632193778,XRP
ripple,2026-02-03,146.57981632193778,XRP
ripple,2026-02-03,146.57981632193778,XRP
ripple,2026-02-04,142.19414875781834,XRP
ripple,2026-02-04,142.19414875781834,XRP
ripple,2026-02-04,142.19414875781834,XRP
ripple,2026-02-04,142.19414875781834,XRP
ripple,2026-02-04,142.19414875781834,XRP
ripple,2026-02-05,137.2054655475389,XRP
ripple,2026-02-05,137.2054655475389,XRP
ripple,2026-02-05,137.2054655475389,XRP
ripple,2026-02-05,137.2054655475389,XRP
ripple,2026-02-05,137.2054655475389,XRP
ripple,2026-02-06,109.83310389992657,XRP
ripple,2026-02-06,109.83310389992657,XRP
ripple,2026-02-06,109.83310389992657,XRP
ripple,2026-02-06,109.83310389992657,XRP
ripple,2026-02-06,109.83310389992657,XRP
ripple,2026-02-07,133.09350408579735,XRP
ripple,2026-02-07,133.09350408579735,XRP
ripple,2026-02-07,133.09350408579735,XRP
ripple,2026-02-07,133.09350408579735,XRP
ripple,2026-02-07,133.09350408579735,XRP
ripple,2026-02-08,129.11950864892586,XRP
ripple,2026-02-08,129.11950864892586,XRP
ripple,2026-02-08,129.11950864892586,XRP
ripple,2026-02-08,129.11950864892586,XRP
ripple,2026-02-08,129.11950864892586,XRP
ripple,2026-02-09,129.96439288835555,XRP
ripple,2026-02-09,129.96439288835555,XRP
ripple,2026-02-09,129.96439288835555,XRP
ripple,2026-02-09,129.96439288835555,XRP
ripple,2026-02-09,129.96439288835555,XRP
ripple,2026-02-10,130.6184829828376,XRP
ripple,2026-02-10,130.6184829828376,XRP
ripple,2026-02-10,130.6184829828376,XRP
ripple,2026-02-10,130.6184829828376,XRP
ripple,2026-02-10,130.6184829828376,XRP
ripple,2026-02-11,126.80177899788173,XRP
ripple,2026-02-11,126.80177899788173,XRP
ripple,2026-02-11,126.80177899788173,XRP
ripple,2026-02-11,126.80177899788173,XRP
ripple,2026-02-11,126.80177899788173,XRP
ripple,2026-02-12,124.08403268139396,XRP
ripple,2026-02-12,124.08403268139396,XRP
ripple,2026-02-12,124.08403268139396,XRP
ripple,2026-02-12,124.08403268139396,XRP
ripple,2026-02-12,124.08403268139396,XRP
ripple,2026-02-13,123.29004843600627,XRP
ripple,2026-02-13,123.29004843600627,XRP
ripple,2026-02-13,123.29004843600627,XRP
ripple,2026-02-13,123.29004843600627,XRP
ripple,2026-02-13,123.29004843600627,XRP
ripple,2026-02-14,127.34006290195819,XRP
ripple,2026-02-14,127.34006290195819,XRP
ripple,2026-02-14,127.34006290195819,XRP
ripple,2026-02-14,127.34006290195819,XRP
ripple,2026-02-14,127.34006290195819,XRP
ripple,2026-02-15,136.63713999439292,XRP
ripple,2026-02-15,136.63713999439292,XRP
ripple,2026-02-15,136.63713999439292,XRP
ripple,2026-02-15,136.63713999439292,XRP
ripple,2026-02-15,136.63713999439292,XRP
ripple,2026-02-16,133.44474372155148,XRP
ripple,2026-02-16,133.44474372155148,XRP
ripple,2026-02-16,133.44474372155148,XRP
ripple,2026-02-16,133.44474372155148,XRP
ripple,2026-02-16,133.44474372155148,XRP
ripple,2026-02-17,135.07648272820887,XRP
ripple,2026-02-17,135.07648272820887,XRP
ripple,2026-02-17,135.07648272820887,XRP
ripple,2026-02-17,135.07648272820887,XRP
ripple,2026-02-17,135.07648272820887,XRP
ripple,2026-02-18,133.65468318458338,XRP
ripple,2026-02-18,133.65468318458338,XRP
ripple,2026-02-18,133.65468318458338,XRP
ripple,2026-02-18,133.65468318458338,XRP
ripple,2026-02-18,133.65468318458338,XRP
ripple,2026-02-19,128.88318030375802,XRP
ripple,2026-02-19,128.88318030375802,XRP
ripple,2026-02-19,128.88318030375802,XRP
ripple,2026-02-19,128.88318030375802,XRP
ripple,2026-02-19,128.88318030375802,XRP
ripple,2026-02-20,128.07310164729975,XRP
ripple,2026-02-20,128.07310164729975,XRP
ripple,2026-02-20,128.07310164729975,XRP
ripple,2026-02-20,128.07310164729975,XRP
ripple,2026-02-20,128.07310164729975,XRP
ripple,2026-02-21,129.62166332953188,XRP
ripple,2026-02-21,129.62166332953188,XRP
ripple,2026-02-21,129.62166332953188,XRP
ripple,2026-02-21,129.62166332953188,XRP
ripple,2026-02-21,129.62166332953188,XRP
ripple,2026-02-22,129.94925873541968,XRP
ripple,2026-02-22,129.94925873541968,XRP
ripple,2026-02-22,129.94925873541968,XRP
ripple,2026-02-22,129.94925873541968,XRP
ripple,2026-02-22,129.94925873541968,XRP
ripple,2026-02-23,126.15377686786219,XRP
ripple,2026-02-23,126.15377686786219,XRP
ripple,2026-02-23,126.15377686786219,XRP
ripple,2026-02-23,126.15377686786219,XRP
ripple,2026-02-23,126.15377686786219,XRP
ripple,2026-02-24,123.05996341925211,XRP
ripple,2026-02-24,123.05996341925211,XRP
ripple,2026-02-24,123.05996341925211,XRP
ripple,2026-02-24,123.05996341925211,XRP
ripple,2026-02-24,123.05996341925211,XRP
ripple,2026-02-25,122.67337764948226,XRP
ripple,2026-02-25,122.67337764948226,XRP
ripple,2026-02-25,122.67337764948226,XRP
ripple,2026-02-25,122.67337764948226,XRP
ripple,2026-02-25,122.67337764948226,XRP
ripple,2026-02-26,130.1675526621447,XRP
ripple,2026-02-26,130.1675526621447,XRP
ripple,2026-02-26,130.1675526621447,XRP
ripple,2026-02-26,130.1675526621447,XRP
ripple,2026-02-26,130.1675526621447,XRP
ripple,2026-02-27,127.59370493387812,XRP
ripple,2026-02-27,127.59370493387812,XRP
ripple,2026-02-27,127.59370493387812,XRP
ripple,2026-02-27,127.59370493387812,XRP
ripple,2026-02-27,127.59370493387812,XRP
ripple,2026-02-28,123.47387354683416,XRP
ripple,2026-02-28,123.47387354683416,XRP
ripple,2026-02-28,123.47387354683416,XRP
ripple,2026-02-28,123.47387354683416,XRP
ripple,2026-02-28,123.47387354683416,XRP
ripple,2026-03-01,125.62480342961001,XRP
ripple,2026-03-01,125.62480342961001,XRP
ripple,2026-03-01,125.62480342961001,XRP
ripple,2026-03-01,125.62480342961001,XRP
ripple,2026-03-01,125.62480342961001,XRP
ripple,2026-03-02,123.01537727404967,XRP
ripple,2026-03-02,123.01537727404967,XRP
ripple,2026-03-02,123.01537727404967,XRP
ripple,2026-03-02,123.01537727404967,XRP
ripple,2026-03-02,123.01537727404967,XRP
ripple,2026-03-03,127.57658829503126,XRP
ripple,2026-03-03,127.57658829503126,XRP
ripple,2026-03-03,127.57658829503126,XRP
ripple,2026-03-03,127.57658829503126,XRP
ripple,2026-03-03,127.57658829503126,XRP
ripple,2026-03-04,125.22690398723584,XRP
ripple,2026-03-04,125.22690398723584,XRP
ripple,2026-03-04,125.22690398723584,XRP
ripple,2026-03-04,125.22690398723584,XRP
ripple,2026-03-04,125.22690398723584,XRP
ripple,2026-03-05,131.78159017165515,XRP
ripple,2026-03-05,131.78159017165515,XRP
ripple,2026-03-05,131.78159017165515,XRP
ripple,2026-03-05,131.78159017165515,XRP
ripple,2026-03-05,131.78159017165515,XRP
ripple,2026-03-06,128.80732700329634,XRP
ripple,2026-03-06,128.80732700329634,XRP
ripple,2026-03-06,128.80732700329634,XRP
ripple,2026-03-06,128.80732700329634,XRP
ripple,2026-03-06,128.80732700329634,XRP
ripple,2026-03-07,125.3813926525444,XRP
ripple,2026-03-07,125.3813926525444,XRP
ripple,2026-03-07,125.3813926525444,XRP
ripple,2026-03-07,125.3813926525444,XRP
ripple,2026-03-07,125.3813926525444,XRP
ripple,2026-03-08,124.71460542123538,XRP
ripple,2026-03-08,124.71460542123538,XRP
ripple,2026-03-08,124.71460542123538,XRP
ripple,2026-03-08,124.71460542123538,XRP
ripple,2026-03-08,124.71460542123538,XRP
ripple,2026-03-09,123.398989156047,XRP
ripple,2026-03-09,123.398989156047,XRP
ripple,2026-03-09,123.398989156047,XRP
ripple,2026-03-09,123.398989156047,XRP
ripple,2026-03-09,123.398989156047,XRP
ripple,2026-03-10,125.73553083488609,XRP
ripple,2026-03-10,125.73553083488609,XRP
ripple,2026-03-10,125.73553083488609,XRP
ripple,2026-03-10,125.73553083488609,XRP
ripple,2026-03-10,125.73553083488609,XRP
ripple,2026-03-11,127.47113039755291,XRP
ripple,2026-03-11,127.47113039755291,XRP
ripple,2026-03-11,127.47113039755291,XRP
ripple,2026-03-11,127.47113039755291,XRP
ripple,2026-03-11,127.47113039755291,XRP
ripple,2026-03-12,127.76356955822115,XRP
ripple,2026-03-12,127.76356955822115,XRP
ripple,2026-03-12,127.76356955822115,XRP
ripple,2026-03-12,127.76356955822115,XRP
ripple,2026-03-12,127.76356955822115,XRP
ripple,2026-03-13,128.02352328853652,XRP
ripple,2026-03-13,128.02352328853652,XRP
ripple,2026-03-13,128.02352328853652,XRP
ripple,2026-03-13,128.02352328853652,XRP
ripple,2026-03-13,128.02352328853652,XRP
ripple,2026-03-14,129.50680530262633,XRP
ripple,2026-03-14,129.50680530262633,XRP
ripple,2026-03-14,129.50680530262633,XRP
ripple,2026-03-14,129.50680530262633,XRP
ripple,2026-03-14,129.50680530262633,XRP
ripple,2026-03-15,130.17808597226542,XRP
ripple,2026-03-15,130.17808597226542,XRP
ripple,2026-03-15,130.17808597226542,XRP
ripple,2026-03-15,130.17808597226542,XRP
ripple,2026-03-15,130.17808597226542,XRP
ripple,2026-03-16,133.9499067607374,XRP
ripple,2026-03-16,133.9499067607374,XRP
ripple,2026-03-16,133.9499067607374,XRP
ripple,2026-03-16,133.9499067607374,XRP
ripple,2026-03-16,133.9499067607374,XRP
ripple,2026-03-17,142.51093697379704,XRP
ripple,2026-03-17,142.51093697379704,XRP
ripple,2026-03-17,142.51093697379704,XRP
ripple,2026-03-17,142.51093697379704,XRP
ripple,2026-03-17,142.51093697379704,XRP
ripple,2026-03-18,140.31897496553105,XRP
ripple,2026-03-18,140.31897496553105,XRP
ripple,2026-03-18,140.31897496553105,XRP
ripple,2026-03-18,140.31897496553105,XRP
ripple,2026-03-18,140.31897496553105,XRP
ripple,2026-03-19,136.37022303746383,XRP
ripple,2026-03-19,136.37022303746383,XRP
ripple,2026-03-19,136.37022303746383,XRP
ripple,2026-03-19,136.37022303746383,XRP
ripple,2026-03-19,136.37022303746383,XRP
ripple,2026-03-20,134.68648797346694,XRP
ripple,2026-03-20,134.68648797346694,XRP
ripple,2026-03-20,134.68648797346694,XRP
ripple,2026-03-20,134.68648797346694,XRP
ripple,2026-03-20,134.68648797346694,XRP
ripple,2026-03-21,135.94780643883047,XRP
ripple,2026-03-21,135.94780643883047,XRP
ripple,2026-03-21,135.94780643883047,XRP
ripple,2026-03-21,135.94780643883047,XRP
ripple,2026-03-21,135.94780643883047,XRP
ripple,2026-03-22,132.80420335573498,XRP
ripple,2026-03-22,132.80420335573498,XRP
ripple,2026-03-22,132.80420335573498,XRP
ripple,2026-03-22,132.80420335573498,XRP
ripple,2026-03-22,132.80420335573498,XRP
ripple,2026-03-23,129.9865007042392,XRP
ripple,2026-03-23,129.9865007042392,XRP
ripple,2026-03-23,129.9865007042392,XRP
ripple,2026-03-23,129.9865007042392,XRP
ripple,2026-03-23,129.9865007042392,XRP
ripple,2026-03-24,133.53201317958167,XRP
ripple,2026-03-24,133.53201317958167,XRP
ripple,2026-03-24,133.53201317958167,XRP
ripple,2026-03-24,133.53201317958167,XRP
ripple,2026-03-24,133.53201317958167,XRP
ripple,2026-03-25,133.4096819583498,XRP
ripple,2026-03-25,133.4096819583498,XRP
ripple,2026-03-25,133.4096819583498,XRP
ripple,2026-03-25,133.4096819583498,XRP
ripple,2026-03-25,133.4096819583498,XRP
ripple,2026-03-26,133.0351162653637,XRP
ripple,2026-03-26,133.0351162653637,XRP
ripple,2026-03-26,133.0351162653637,XRP
ripple,2026-03-26,133.0351162653637,XRP
ripple,2026-03-26,133.0351162653637,XRP
ripple,2026-03-27,128.25331006228623,XRP
ripple,2026-03-27,128.25331006228623,XRP
ripple,2026-03-27,128.25331006228623,XRP
ripple,2026-03-27,128.25331006228623,XRP
ripple,2026-03-27,128.25331006228623,XRP
ripple,2026-03-28,125.61857683542775,XRP
ripple,2026-03-28,125.61857683542775,XRP
ripple,2026-03-28,125.61857683542775,XRP
ripple,2026-03-28,125.61857683542775,XRP
ripple,2026-03-28,125.61857683542775,XRP
ripple,2026-03-29,126.27682211036164,XRP
ripple,2026-03-29,126.27682211036164,XRP
ripple,2026-03-29,126.27682211036164,XRP
ripple,2026-03-29,126.27682211036164,XRP
ripple,2026-03-29,126.27682211036164,XRP
ripple,2026-03-30,125.76798112260914,XRP
ripple,2026-03-30,125.76798112260914,XRP
ripple,2026-03-30,125.76798112260914,XRP
ripple,2026-03-30,125.76798112260914,XRP
ripple,2026-03-30,125.76798112260914,XRP
ripple,2026-03-31,124.75675755328724,XRP
ripple,2026-03-31,124.75675755328724,XRP
ripple,2026-03-31,124.75675755328724,XRP
ripple,2026-03-31,124.75675755328724,XRP
ripple,2026-03-31,124.75675755328724,XRP
ripple,2026-04-01,125.23305442405628,XRP
ripple,2026-04-01,125.23305442405628,XRP
ripple,2026-04-01,125.23305442405628,XRP
ripple,2026-04-01,125.23305442405628,XRP
ripple,2026-04-01,125.23305442405628,XRP
ripple,2026-04-02,124.90042992020987,XRP
ripple,2026-04-02,124.90042992020987,XRP
ripple,2026-04-02,124.90042992020987,XRP
ripple,2026-04-02,124.90042992020987,XRP
ripple,2026-04-02,124.90042992020987,XRP
ripple,2026-04-03,122.64437845630596,XRP
ripple,2026-04-03,122.64437845630596,XRP
ripple,2026-04-03,122.64437845630596,XRP
ripple,2026-04-03,122.64437845630596,XRP
ripple,2026-04-03,122.64437845630596,XRP
ripple,2026-04-04,122.24014694861818,XRP
ripple,2026-04-04,122.24014694861818,XRP
ripple,2026-04-04,122.24014694861818,XRP
ripple,2026-04-04,122.24014694861818,XRP
ripple,2026-04-04,122.24014694861818,XRP
ripple,2026-04-05,122.26171687558384,XRP
ripple,2026-04-05,122.26171687558384,XRP
ripple,2026-04-05,122.26171687558384,XRP
ripple,2026-04-05,122.26171687558384,XRP
ripple,2026-04-05,122.26171687558384,XRP
ripple,2026-04-06,123.15985035929214,XRP
ripple,2026-04-06,123.15985035929214,XRP
ripple,2026-04-06,123.15985035929214,XRP
ripple,2026-04-06,123.15985035929214,XRP
ripple,2026-04-06,123.15985035929214,XRP
ripple,2026-04-07,122.79058251639714,XRP
ripple,2026-04-07,122.79058251639714,XRP
ripple,2026-04-07,122.79058251639714,XRP
ripple,2026-04-07,122.79058251639714,XRP
ripple,2026-04-07,122.79058251639714,XRP
ripple,2026-04-08,128.10317426988604,XRP
ripple,2026-04-08,128.10317426988604,XRP
ripple,2026-04-08,128.10317426988604,XRP
ripple,2026-04-08,128.10317426988604,XRP
ripple,2026-04-08,128.10317426988604,XRP
ripple,2026-04-09,123.91019810245804,XRP
ripple,2026-04-09,123.91019810245804,XRP
ripple,2026-04-09,123.91019810245804,XRP
ripple,2026-04-09,123.91019810245804,XRP
ripple,2026-04-09,123.91019810245804,XRP
ripple,2026-04-10,124.2828013437403,XRP
ripple,2026-04-10,124.2828013437403,XRP
ripple,2026-04-10,124.2828013437403,XRP
ripple,2026-04-10,124.2828013437403,XRP
ripple,2026-04-10,124.2828013437403,XRP
ripple,2026-04-11,126.26062099281826,XRP
ripple,2026-04-11,126.26062099281826,XRP
ripple,2026-04-11,126.26062099281826,XRP
ripple,2026-04-11,126.26062099281826,XRP
ripple,2026-04-11,126.26062099281826,XRP
ripple,2026-04-12,126.18816725349635,XRP
ripple,2026-04-12,126.18816725349635,XRP
ripple,2026-04-12,126.18816725349635,XRP
ripple,2026-04-12,126.18816725349635,XRP
ripple,2026-04-12,126.18816725349635,XRP
ripple,2026-04-13,125.20073404530767,XRP
ripple,2026-04-13,125.20073404530767,XRP
ripple,2026-04-13,125.20073404530767,XRP
ripple,2026-04-13,125.20073404530767,XRP
ripple,2026-04-13,125.20073404530767,XRP
ripple,2026-04-14,130.64949356344786,XRP
ripple,2026-04-14,130.64949356344786,XRP
ripple,2026-04-14,130.64949356344786,XRP
ripple,2026-04-14,130.64949356344786,XRP
ripple,2026-04-14,130.64949356344786,XRP
ripple,2026-04-15,126.90618419593942,XRP
ripple,2026-04-15,126.90618419593942,XRP
ripple,2026-04-15,126.90618419593942,XRP
ripple,2026-04-15,126.90618419593942,XRP
ripple,2026-04-15,126.90618419593942,XRP
ripple,2026-04-16,129.98714880046936,XRP
ripple,2026-04-16,129.98714880046936,XRP
ripple,2026-04-16,129.98714880046936,XRP
ripple,2026-04-16,129.98714880046936,XRP
ripple,2026-04-16,129.98714880046936,XRP
ripple,2026-04-17,135.1882423745466,XRP
ripple,2026-04-17,135.1882423745466,XRP
ripple,2026-04-17,135.1882423745466,XRP
ripple,2026-04-17,135.1882423745466,XRP
ripple,2026-04-17,135.1882423745466,XRP
ripple,2026-04-18,136.7911788065322,XRP
ripple,2026-04-18,136.7911788065322,XRP
ripple,2026-04-18,136.7911788065322,XRP
ripple,2026-04-18,136.7911788065322,XRP
ripple,2026-04-18,136.7911788065322,XRP
ripple,2026-04-19,132.67055009795,XRP
ripple,2026-04-19,132.67055009795,XRP
ripple,2026-04-19,132.67055009795,XRP
ripple,2026-04-19,132.67055009795,XRP
ripple,2026-04-19,132.67055009795,XRP
ripple,2026-04-20,129.0703359824681,XRP
ripple,2026-04-20,129.0703359824681,XRP
ripple,2026-04-20,129.0703359824681,XRP
ripple,2026-04-20,129.0703359824681,XRP
ripple,2026-04-20,129.0703359824681,XRP
ripple,2026-04-21,132.69327425645903,XRP
ripple,2026-04-21,132.69327425645903,XRP
ripple,2026-04-21,132.69327425645903,XRP
ripple,2026-04-21,132.69327425645903,XRP
ripple,2026-04-21,132.69327425645903,XRP
ripple,2026-04-22,133.95527768214032,XRP
ripple,2026-04-22,133.95527768214032,XRP
ripple,2026-04-22,133.95527768214032,XRP
ripple,2026-04-22,133.95527768214032,XRP
ripple,2026-04-22,133.95527768214032,XRP
ripple,2026-04-23,134.08823182223114,XRP
ripple,2026-04-23,134.08823182223114,XRP
ripple,2026-04-23,134.08823182223114,XRP
ripple,2026-04-23,134.08823182223114,XRP
ripple,2026-04-23,134.08823182223114,XRP
ripple,2026-04-24,135.45309805049914,XRP
ripple,2026-04-24,135.45309805049914,XRP
ripple,2026-04-24,135.45309805049914,XRP
ripple,2026-04-24,135.45309805049914,XRP
ripple,2026-04-24,135.45309805049914,XRP
ripple,2026-04-25,134.8578943286412,XRP
ripple,2026-04-25,134.8578943286412,XRP
ripple,2026-04-25,134.8578943286412,XRP
ripple,2026-04-25,134.8578943286412,XRP
ripple,2026-04-25,134.8578943286412,XRP
ripple,2026-04-26,133.96662405928834,XRP
ripple,2026-04-26,133.96662405928834,XRP
ripple,2026-04-26,133.96662405928834,XRP
ripple,2026-04-26,133.96662405928834,XRP
ripple,2026-04-26,133.96662405928834,XRP
ripple,2026-04-27,134.8337938375033,XRP
ripple,2026-04-27,134.8337938375033,XRP
ripple,2026-04-27,134.8337938375033,XRP
ripple,2026-04-27,134.8337938375033,XRP
ripple,2026-04-27,134.8337938375033,XRP
ripple,2026-04-28,131.95480152677598,XRP
ripple,2026-04-28,131.95480152677598,XRP
ripple,2026-04-28,131.95480152677598,XRP
ripple,2026-04-28,131.95480152677598,XRP
ripple,2026-04-28,131.95480152677598,XRP
ripple,2026-04-29,130.6709015151638,XRP
ripple,2026-04-29,130.6709015151638,XRP
ripple,2026-04-29,130.6709015151638,XRP
ripple,2026-04-29,130.6709015151638,XRP
ripple,2026-04-29,130.6709015151638,XRP
ripple,2026-04-30,129.93432149652358,XRP
ripple,2026-04-30,129.93432149652358,XRP
ripple,2026-04-30,129.93432149652358,XRP
ripple,2026-04-30,129.93432149652358,XRP
ripple,2026-04-30,129.93432149652358,XRP
ripple,2026-05-01,129.55576240250753,XRP
ripple,2026-05-01,129.55576240250753,XRP
ripple,2026-05-01,129.55576240250753,XRP
ripple,2026-05-01,129.55576240250753,XRP
ripple,2026-05-01,129.55576240250753,XRP
ripple,2026-05-02,131.3196506426481,XRP
ripple,2026-05-02,131.3196506426481,XRP
ripple,2026-05-02,131.3196506426481,XRP
ripple,2026-05-02,131.3196506426481,XRP
ripple,2026-05-02,131.3196506426481,XRP
ripple,2026-05-03,132.2214856857797,XRP
ripple,2026-05-03,132.2214856857797,XRP
ripple,2026-05-03,132.2214856857797,XRP
ripple,2026-05-03,132.2214856857797,XRP
ripple,2026-05-03,132.2214856857797,XRP
ripple,2026-05-04,131.7190129165162,XRP
ripple,2026-05-04,131.7190129165162,XRP
ripple,2026-05-04,131.7190129165162,XRP
ripple,2026-05-04,131.7190129165162,XRP
ripple,2026-05-04,131.7190129165162,XRP
ripple,2026-05-05,132.5085900645419,XRP
ripple,2026-05-05,132.5085900645419,XRP
ripple,2026-05-05,132.5085900645419,XRP
ripple,2026-05-05,132.5085900645419,XRP
ripple,2026-05-05,132.5085900645419,XRP
ripple,2026-05-06,134.4263999665185,XRP
ripple,2026-05-06,134.4263999665185,XRP
ripple,2026-05-06,134.4263999665185,XRP
ripple,2026-05-06,134.4263999665185,XRP
ripple,2026-05-06,134.4263999665185,XRP
ripple,2026-05-07,134.6671266071688,XRP
ripple,2026-05-07,134.6671266071688,XRP
ripple,2026-05-07,134.6671266071688,XRP
ripple,2026-05-07,134.6671266071688,XRP
ripple,2026-05-07,134.6671266071688,XRP
ripple,2026-05-08,130.76020792646287,XRP
ripple,2026-05-08,130.76020792646287,XRP
ripple,2026-05-08,130.76020792646287,XRP
ripple,2026-05-08,130.76020792646287,XRP
ripple,2026-05-08,130.76020792646287,XRP
ripple,2026-05-09,133.89923681023572,XRP
ripple,2026-05-09,133.89923681023572,XRP
ripple,2026-05-09,133.89923681023572,XRP
ripple,2026-05-09,133.89923681023572,XRP
ripple,2026-05-09,133.89923681023572,XRP
ripple,2026-05-10,134.09946068107072,XRP
ripple,2026-05-10,134.09946068107072,XRP
ripple,2026-05-10,134.09946068107072,XRP
ripple,2026-05-10,134.09946068107072,XRP
ripple,2026-05-10,134.09946068107072,XRP
ripple,2026-05-11,139.10527890155137,XRP
ripple,2026-05-11,139.10527890155137,XRP
ripple,2026-05-11,139.10527890155137,XRP
ripple,2026-05-11,139.10527890155137,XRP
ripple,2026-05-11,139.10527890155137,XRP
ripple,2026-05-12,140.845237387528,XRP
ripple,2026-05-12,140.845237387528,XRP
ripple,2026-05-12,140.845237387528,XRP
ripple,2026-05-12,140.845237387528,XRP
ripple,2026-05-12,140.845237387528,XRP
ripple,2026-05-13,137.3585690088243,XRP
ripple,2026-05-13,137.3585690088243,XRP
ripple,2026-05-13,137.3585690088243,XRP
ripple,2026-05-13,137.3585690088243,XRP
ripple,2026-05-13,137.3585690088243,XRP
ripple,2026-05-14,136.40979750400354,XRP
ripple,2026-05-14,136.40979750400354,XRP
ripple,2026-05-14,136.40979750400354,XRP
ripple,2026-05-14,136.40979750400354,XRP
ripple,2026-05-14,136.40979750400354,XRP
ripple,2026-05-15,142.07739395083487,XRP
ripple,2026-05-15,142.07739395083487,XRP
ripple,2026-05-15,142.07739395083487,XRP
ripple,2026-05-15,142.07739395083487,XRP
ripple,2026-05-15,142.07739395083487,XRP
ripple,2026-05-16,137.66657565803877,XRP
ripple,2026-05-16,137.66657565803877,XRP
ripple,2026-05-16,137.66657565803877,XRP
ripple,2026-05-16,137.66657565803877,XRP
ripple,2026-05-16,137.66657565803877,XRP
ripple,2026-05-17,135.72330311121837,XRP
ripple,2026-05-17,135.72330311121837,XRP
ripple,2026-05-17,135.72330311121837,XRP
ripple,2026-05-17,135.72330311121837,XRP
ripple,2026-05-17,135.72330311121837,XRP
ripple,2026-05-18,134.45433211612558,XRP
ripple,2026-05-18,134.45433211612558,XRP
ripple,2026-05-18,134.45433211612558,XRP
ripple,2026-05-18,134.45433211612558,XRP
ripple,2026-05-18,134.45433211612558,XRP
ripple,2026-05-19,133.67043843576656,XRP
ripple,2026-05-19,133.67043843576656,XRP
ripple,2026-05-19,133.67043843576656,XRP
ripple,2026-05-19,133.67043843576656,XRP
ripple,2026-05-19,133.67043843576656,XRP
ripple,2026-05-20,131.4226613198412,XRP
ripple,2026-05-20,131.4226613198412,XRP
ripple,2026-05-20,131.4226613198412,XRP
ripple,2026-05-20,131.4226613198412,XRP
ripple,2026-05-20,131.4226613198412,XRP
ripple,2026-05-21,131.760310996957,XRP
ripple,2026-05-21,131.760310996957,XRP
ripple,2026-05-21,131.760310996957,XRP
ripple,2026-05-21,131.760310996957,XRP
ripple,2026-05-21,131.760310996957,XRP
ripple,2026-05-22,131.9195474384002,XRP
ripple,2026-05-22,131.9195474384002,XRP
ripple,2026-05-22,131.9195474384002,XRP
ripple,2026-05-22,131.9195474384002,XRP
ripple,2026-05-22,131.9195474384002,XRP
ripple,2026-05-23,127.6446288421044,XRP
ripple,2026-05-23,127.6446288421044,XRP
ripple,2026-05-23,127.6446288421044,XRP
ripple,2026-05-23,127.6446288421044,XRP
ripple,2026-05-23,127.6446288421044,XRP
ripple,2026-05-24,129.85290319018839,XRP
ripple,2026-05-24,129.85290319018839,XRP
ripple,2026-05-24,129.85290319018839,XRP
ripple,2026-05-24,129.85290319018839,XRP
ripple,2026-05-24,129.85290319018839,XRP
ripple,2026-05-25,129.29198826101754,XRP
ripple,2026-05-25,129.29198826101754,XRP
ripple,2026-05-25,129.29198826101754,XRP
ripple,2026-05-25,129.29198826101754,XRP
ripple,2026-05-25,129.29198826101754,XRP
ripple,2026-05-26,128.51413314775354,XRP
ripple,2026-05-26,128.51413314775354,XRP
ripple,2026-05-26,128.51413314775354,XRP
ripple,2026-05-26,128.51413314775354,XRP
ripple,2026-05-26,128.51413314775354,XRP
ripple,2026-05-27,127.56526580838559,XRP
ripple,2026-05-27,127.56526580838559,XRP
ripple,2026-05-27,127.56526580838559,XRP
ripple,2026-05-27,127.56526580838559,XRP
ripple,2026-05-27,127.56526580838559,XRP
ripple,2026-05-28,125.49293779086872,XRP
ripple,2026-05-28,125.49293779086872,XRP
ripple,2026-05-28,125.49293779086872,XRP
ripple,2026-05-28,125.49293779086872,XRP
ripple,2026-05-28,125.49293779086872,XRP
ripple,2026-05-29,125.8277436308607,XRP
ripple,2026-05-29,125.8277436308607,XRP
ripple,2026-05-29,125.8277436308607,XRP
ripple,2026-05-29,125.8277436308607,XRP
ripple,2026-05-29,125.8277436308607,XRP
ripple,2026-05-30,126.20130592315007,XRP
ripple,2026-05-30,126.20130592315007,XRP
ripple,2026-05-30,126.20130592315007,XRP
ripple,2026-05-30,126.20130592315007,XRP
ripple,2026-05-30,126.20130592315007,XRP
ripple,2026-05-31,127.19502574024523,XRP
ripple,2026-05-31,127.19502574024523,XRP
ripple,2026-05-31,127.19502574024523,XRP
ripple,2026-05-31,127.19502574024523,XRP
ripple,2026-05-31,127.19502574024523,XRP
ripple,2026-06-01,126.44881172888374,XRP
ripple,2026-06-01,126.44881172888374,XRP
ripple,2026-06-01,126.44881172888374,XRP
ripple,2026-06-01,126.44881172888374,XRP
ripple,2026-06-01,126.44881172888374,XRP
ripple,2026-06-01,123.85214926829602,XRP
ripple,2026-06-01,123.85214926829602,XRP
ripple,2026-06-01,123.85214926829602,XRP
ripple,2026-06-01,123.85214926829602,XRP
ripple,2026-06-01,123.85214926829602,XRP
